-------------------------------------
--      Buildings Adjustments      --
-------------------------------------

-- update Building_CitizenYieldChanges set YieldChange = 1 where YieldType = 'YIELD_FAITH';
-- update Building_CitizenYieldChanges set YieldChange = 1 where YieldType = 'YIELD_PRODUCTION';;
-- update Building_CitizenYieldChanges set YieldChange = 1 where YieldType = 'YIELD_SCIENCE';
-- update Building_CitizenYieldChanges set YieldChange = 1 where YieldType = 'YIELD_CULTURE';
-- update Building_CitizenYieldChanges set YieldChange = 2 where BuildingType = 'BUILDING_STOCK_EXCHANGE' and YieldType = 'YIELD_GOLD';
-- update Building_CitizenYieldChanges set YieldChange = 1 where BuildingType = 'BUILDING_SEAPORT' and YieldType = 'YIELD_FOOD';

-- The total yields of the specialist is 2, 3, 4, 6 for each stage excepts.
-- The industrial zone yields 2, 4, 5, 6 for each stage.
-- The holy site yields 3, 4, 5, 6 for each stage.
-- each added specialist slot increase the gold requirement by the specialist by 1 (or 2) except the commercial hub and holy site.

insert or replace into Building_CitizenYieldChanges
	(BuildingType,							YieldType,			YieldChange)
values
	-- campus
	('BUILDING_LIBRARY',					'YIELD_SCIENCE',	1),
	('BUILDING_LIBRARY',					'YIELD_GOLD',		-1),
	('BUILDING_UNIVERSITY',					'YIELD_SCIENCE',	1),
	('BUILDING_UNIVERSITY',					'YIELD_GOLD',		-1),
	('BUILDING_MADRASA',					'YIELD_SCIENCE',	1), -- ub
	('BUILDING_MADRASA',					'YIELD_GOLD',		-1),
	-- campus: third level
	('BUILDING_RESEARCH_LAB',				'YIELD_SCIENCE',	2),
	('BUILDING_RESEARCH_LAB',				'YIELD_GOLD',		-2),
	-- theater
	('BUILDING_AMPHITHEATER',				'YIELD_CULTURE',	1),
	('BUILDING_AMPHITHEATER',				'YIELD_GOLD',		-1),
	('BUILDING_MARAE',						'YIELD_CULTURE',	1), -- ub
	('BUILDING_MARAE',						'YIELD_GOLD',		-1), -- ub
	('BUILDING_MUSEUM_ART',					'YIELD_CULTURE',	1),
	('BUILDING_MUSEUM_ART',					'YIELD_GOLD',		-1),
	('BUILDING_MUSEUM_ARTIFACT',			'YIELD_CULTURE',	1),
	('BUILDING_MUSEUM_ARTIFACT',			'YIELD_GOLD',		-1),
	-- theater: third level
	('BUILDING_FILM_STUDIO',				'YIELD_CULTURE',	2),
	('BUILDING_FILM_STUDIO',				'YIELD_GOLD',		-2),
	('BUILDING_BROADCAST_CENTER',			'YIELD_CULTURE',	2),
	('BUILDING_BROADCAST_CENTER',			'YIELD_GOLD',		-2),
	-- industrial zone
	('BUILDING_WORKSHOP',					'YIELD_PRODUCTION', 2),
	('BUILDING_WORKSHOP',					'YIELD_GOLD',		-2),
	('BUILDING_FACTORY',					'YIELD_PRODUCTION', 1),
	('BUILDING_FACTORY',					'YIELD_GOLD',		-1),
	('BUILDING_ELECTRONICS_FACTORY',		'YIELD_PRODUCTION', 1),
	('BUILDING_ELECTRONICS_FACTORY',		'YIELD_GOLD',		-1),
	-- industrial zone: third level
	('BUILDING_COAL_POWER_PLANT',			'YIELD_PRODUCTION', 1),
	('BUILDING_COAL_POWER_PLANT',			'YIELD_GOLD',		-1),
	('BUILDING_FOSSIL_FUEL_POWER_PLANT',	'YIELD_PRODUCTION', 1),
	('BUILDING_FOSSIL_FUEL_POWER_PLANT',	'YIELD_GOLD',		-1),
	('BUILDING_POWER_PLANT',				'YIELD_PRODUCTION', 1),
	('BUILDING_POWER_PLANT',				'YIELD_GOLD',		-1),
	-- holy site
	('BUILDING_SHRINE',						'YIELD_FAITH',		1),
	('BUILDING_TEMPLE',						'YIELD_FAITH',		1),
	('BUILDING_STAVE_CHURCH',				'YIELD_FAITH',		1), --ub（挪威）
	('BUILDING_PRASAT',						'YIELD_FAITH',		1), --ub (高棉)
	-- holy site: third level
	-- increase faith + 1
	-- harbor
	('BUILDING_LIGHTHOUSE',					'YIELD_FOOD',		1),
	('BUILDING_LIGHTHOUSE',					'YIELD_GOLD',		2),
	-- ('BUILDING_SHIPYARD',				'YIELD_FOOD',		1),
	('BUILDING_SHIPYARD',					'YIELD_GOLD',		2),
	-- harbor: third level
	('BUILDING_SEAPORT',					'YIELD_FOOD',		1),
	('BUILDING_SEAPORT',					'YIELD_GOLD',		2),
	-- encampment
	('BUILDING_BARRACKS',					'YIELD_PRODUCTION', 1),
	('BUILDING_BARRACKS',					'YIELD_GOLD',		-1),
	('BUILDING_BASILIKOI_PAIDES',			'YIELD_PRODUCTION', 1), -- ub
	('BUILDING_BASILIKOI_PAIDES',			'YIELD_GOLD',		-1), -- ub
	('BUILDING_STABLE',						'YIELD_PRODUCTION', 1),
	('BUILDING_STABLE',						'YIELD_GOLD',		-1),
	('BUILDING_ORDU',						'YIELD_PRODUCTION', 1), -- ub
	('BUILDING_ORDU',						'YIELD_GOLD',		-1), -- ub
	('BUILDING_ARMORY',						'YIELD_PRODUCTION', 1),
	('BUILDING_ARMORY',						'YIELD_GOLD',		-1),
	-- encampment: third level
	('BUILDING_MILITARY_ACADEMY',			'YIELD_PRODUCTION', 2),
	('BUILDING_MILITARY_ACADEMY',			'YIELD_GOLD',		-2),
	-- commercial hub
	('BUILDING_MARKET',						'YIELD_GOLD',		2),
	('BUILDING_SUKIENNICE',					'YIELD_GOLD',		2), -- ub
	('BUILDING_BANK',						'YIELD_GOLD',		2),
	('BUILDING_GRAND_BAZAAR',				'YIELD_GOLD',		2), -- ub
	-- commercial hub: third level
	('BUILDING_STOCK_EXCHANGE',				'YIELD_GOLD',		4);

-- Unlock
update Buildings set PrereqCivic = 'CIVIC_CIVIL_ENGINEERING' where BuildingType = 'BUILDING_FERRIS_WHEEL';
update Buildings set PrereqTech = NULL, PrereqCivic = 'CIVIC_HUMANISM' where BuildingType = 'BUILDING_ZOO' or BuildingType = 'BUILDING_THERMAL_BATH';
-- Regional Range
update Buildings set RegionalRange = 6
 where BuildingType = 'BUILDING_UNIVERSITY'
	or BuildingType = 'BUILDING_MADRASA'
	or BuildingType = 'BUILDING_RESEARCH_LAB'
	or BuildingType = 'BUILDING_MUSEUM_ART'
	or BuildingType = 'BUILDING_MUSEUM_ARTIFACT'
	or BuildingType = 'BUILDING_FILM_STUDIO'
	or BuildingType = 'BUILDING_BROADCAST_CENTER'
	or BuildingType = 'BUILDING_BANK'
	or BuildingType = 'BUILDING_GRAND_BAZAAR'
	or BuildingType = 'BUILDING_STOCK_EXCHANGE'
;
update Buildings set RegionalRange = 4 where BuildingType = 'BUILDING_AMPHITHEATER' or BuildingType = 'BUILDING_MARAE';
update Buildings set RegionalRange = 4, Entertainment = 1 where BuildingType = 'BUILDING_ARENA' or BuildingType = 'BUILDING_TLACHTLI';
update Buildings set RegionalRange = 6, Entertainment = 1 where BuildingType = 'BUILDING_FERRIS_WHEEL';
update Buildings set RegionalRange = 9 where BuildingType = 'BUILDING_SHOPPING_MALL';

update Buildings set Entertainment = 2 where BuildingType = 'BUILDING_AQUARIUM' or BuildingType = 'BUILDING_ZOO';
update Buildings set Entertainment = 1 where BuildingType = 'BUILDING_SEWER';

-- building adjustments
update Buildings set Housing = 1 where -- BuildingType = 'BUILDING_WALLS' or 
	BuildingType = 'BUILDING_CASTLE' or BuildingType = 'BUILDING_STAR_FORT' or BuildingType = 'BUILDING_TSIKHE';
-- update Buildings set Cost = 45 where BuildingType = 'BUILDING_MONUMENT';
update Buildings set Housing = 1 where BuildingType = 'BUILDING_GRANARY'; -- Cost = 60
update Buildings set Housing = 1 where BuildingType = 'BUILDING_WATER_MILL';
update Buildings set Housing = 2 where BuildingType = 'BUILDING_LIGHTHOUSE';
-- 
-- update Buildings set Cost = 240 where BuildingType = 'BUILDING_FERRIS_WHEEL';
-- update Buildings set Cost = 300 where BuildingType = 'BUILDING_THERMAL_BATH';
-- update Buildings set Cost = 360 where BuildingType = 'BUILDING_HYDROELECTRIC_DAM';
-- update Buildings set Cost = 360 where BuildingType = 'BUILDING_FOOD_MARKET';
-- update Buildings set Cost = 360 where BuildingType = 'BUILDING_HANGAR';
-- update Buildings set Cost = 360 where BuildingType = 'BUILDING_SANCTUARY';

-- -- District building cost updates
-- -- Campus
-- update Buildings set Cost = 500 where BuildingType = 'BUILDING_RESEARCH_LAB';
-- -- Commercial hub
-- update Buildings set Cost = 250 where BuildingType = 'BUILDING_BANK';
-- update Buildings set Cost = 200 where BuildingType = 'BUILDING_GRAND_BAZAAR';
-- update Buildings set Cost = 500 where BuildingType = 'BUILDING_STOCK_EXCHANGE';
-- -- Theater
-- update Buildings set Cost = 500 where BuildingType = 'BUILDING_BROADCAST_CENTER';
-- -- Industrial Zone
-- update Buildings set Cost = 175 where BuildingType = 'BUILDING_WORKSHOP';
-- update Buildings set Cost = 360 where BuildingType = 'BUILDING_FACTORY';
-- update Buildings set Cost = 360 where BuildingType = 'BUILDING_COAL_POWER_PLANT';
-- update Buildings set Cost = 420 where BuildingType = 'BUILDING_FOSSIL_FUEL_POWER_PLANT';
-- update Buildings set Cost = 500 where BuildingType = 'BUILDING_POWER_PLANT';
-- -- Harbor
-- update Buildings set Cost = 250 where BuildingType = 'BUILDING_SHIPYARD';
-- update Buildings set Cost = 400 where BuildingType = 'BUILDING_SEAPORT';
-- -- Encampment
-- update Buildings set Cost = 360 where BuildingType = 'BUILDING_MILITARY_ACADEMY';

delete from BuildingPrereqs where Building = 'BUILDING_AIRPORT' and PrereqBuilding = 'BUILDING_HANGAR';

delete from Building_YieldChanges where BuildingType = 'BUILDING_WATER_MILL' and YieldType = 'YIELD_FOOD';
insert or replace into Building_YieldChanges
	(BuildingType,					YieldType,			YieldChange)
values
	-- 
	('BUILDING_PALACE',				'YIELD_FOOD',		1),
	('BUILDING_PALACE',				'YIELD_PRODUCTION',	3),
	-- ('BUILDING_PALACE',				'YIELD_GOLD',		8),
	-- 
	('BUILDING_GRANARY',			'YIELD_FOOD',		1),
	('BUILDING_WATER_MILL',			'YIELD_PRODUCTION',	2),
	-- 
	('BUILDING_MARKET',				'YIELD_GOLD',		5),
	('BUILDING_SUKIENNICE',			'YIELD_GOLD',		5),
	('BUILDING_BANK',				'YIELD_GOLD',		8),
	('BUILDING_GRAND_BAZAAR',		'YIELD_GOLD',		8),
	('BUILDING_STOCK_EXCHANGE',		'YIELD_GOLD',		8),
	('BUILDING_WORKSHOP',			'YIELD_PRODUCTION',	5),
	('BUILDING_RESEARCH_LAB',		'YIELD_SCIENCE',	4),
	('BUILDING_MUSEUM_ART',			'YIELD_CULTURE',	4),
	('BUILDING_MUSEUM_ARTIFACT',	'YIELD_CULTURE',	4),
	('BUILDING_BROADCAST_CENTER',	'YIELD_CULTURE',	4),
	('BUILDING_FILM_STUDIO',		'YIELD_CULTURE',	4),
	('BUILDING_SEAPORT',			'YIELD_FOOD',		3),
	('BUILDING_SEAPORT',			'YIELD_GOLD',		6),
	('BUILDING_HANGAR',				'YIELD_PRODUCTION',	5),
	('BUILDING_SHOPPING_MALL',		'YIELD_GOLD',		5);

insert or replace into Building_YieldChangesBonusWithPower
	(BuildingType,					YieldType,			YieldChange)
values
	('BUILDING_STOCK_EXCHANGE',		'YIELD_GOLD',		8),
	('BUILDING_RESEARCH_LAB',		'YIELD_SCIENCE',	4),
	('BUILDING_BROADCAST_CENTER',	'YIELD_CULTURE',	3),
	('BUILDING_FILM_STUDIO',		'YIELD_CULTURE',	3),
	('BUILDING_SHOPPING_MALL',		'YIELD_GOLD',		5);

-- trade route
update Modifiers set SubjectRequirementSetId = NULL where ModifierId = 'LIGHTHOUSE_TRADE_ROUTE_CAPACITY';

-- BuildingModifiers
delete from BuildingModifiers where BuildingType = 'BUILDING_GOV_TALL' and ModifierId = 'GOV_TALL_LOYALTY_DEBUFF';
update Modifiers set SubjectRequirementSetId = NULL where ModifierId = 'GOV_TALL_AMENITY_BUFF';
update Modifiers set SubjectRequirementSetId = NULL where ModifierId = 'GOV_TALL_HOUSING_BUFF';

delete from BuildingModifiers where BuildingType = 'BUILDING_LIGHTHOUSE' and ModifierId = 'LIGHTHOUSE_COASTAL_CITY_HOUSING';
delete from BuildingModifiers where BuildingType = 'BUILDING_AIRPORT' and ModifierId = 'AIRPORT_BONUS_AIR_SLOTS';
update ModifierArguments set Value = 2 where ModifierId = 'HANGAR_BONUS_AIR_SLOTS' and Name = 'Amount';

insert or replace into BuildingModifiers
	(BuildingType,					ModifierId)
values
	('BUILDING_SHRINE',				'SHRINE_BUILDER_PURCHASE'),
	('BUILDING_TEMPLE',				'TEMPLE_SETTLER_PURCHASE'),
	('BUILDING_STAVE_CHURCH',		'TEMPLE_SETTLER_PURCHASE'),
	('BUILDING_PRASAT',				'TEMPLE_SETTLER_PURCHASE'),
	-- 
	('BUILDING_GRANARY',			'GRANARY_POP_FOOD_MODIFIER'),
	('BUILDING_LIBRARY',			'LIBRARY_POP_SCIENCE_MODIFIER'),
	('BUILDING_FACTORY',			'FACTORY_POP_PRODUCTION_MODIFIER'),
	('BUILDING_ELECTRONICS_FACTORY','ELECTRONICS_FACTORY_POP_PRODUCTION_MODIFIER'),
	-- 
	('BUILDING_GRANARY',			'GRANARY_ADD_BANANAS_FOOD'),
	('BUILDING_GRANARY',			'GRANARY_ADD_DEER_FOOD'),
	-- ('BUILDING_WATER_MILL',		'WATER_MILL_ADD_RIVER_FARM_FOOD'),
	('BUILDING_LIGHTHOUSE',			'LIGHTHOUSE_ADD_RESOURCE_FOOD'),
	('BUILDING_BARRACKS',			'BARRACKS_ADD_COPPER_PRODUCTION'),
	('BUILDING_BARRACKS',			'BARRACKS_ADD_IRON_PRODUCTION'),
	('BUILDING_BASILIKOI_PAIDES',	'BARRACKS_ADD_COPPER_PRODUCTION'), --ub
	('BUILDING_BASILIKOI_PAIDES',	'BARRACKS_ADD_IRON_PRODUCTION'), --ub
	--('BUILDING_STABLE',				'STABLE_ADD_SHEEP_FOOD'),
	--('BUILDING_STABLE',				'STABLE_ADD_SHEEP_PRODUCTION'),
	--('BUILDING_STABLE',				'STABLE_ADD_CATTLE_FOOD'),
	--('BUILDING_STABLE',				'STABLE_ADD_CATTLE_PRODUCTION'),
	('BUILDING_STABLE',				'STABLE_ADD_HORSES_PRODUCTION'),
	-- ('BUILDING_STABLE',			'STABLE_ADD_RESOURCE_PRODUCTION'),
	--('BUILDING_ORDU',				'STABLE_ADD_SHEEP_FOOD'), --ub
	--('BUILDING_ORDU',				'STABLE_ADD_SHEEP_PRODUCTION'), --ub
	--('BUILDING_ORDU',				'STABLE_ADD_CATTLE_FOOD'), --ub
	--('BUILDING_ORDU',				'STABLE_ADD_CATTLE_PRODUCTION'), --ub
	('BUILDING_ORDU',				'STABLE_ADD_HORSES_PRODUCTION'), --ub
	-- ('BUILDING_ORDU',			'STABLE_ADD_RESOURCE_PRODUCTION'), --ub
	('BUILDING_ARMORY',				'ARMORY_ADD_RESOURCE_PRODUCTION'),
	('BUILDING_FACTORY',			'FACTORY_ADD_RESOURCE_PRODUCTION'),
	('BUILDING_ELECTRONICS_FACTORY','FACTORY_ADD_RESOURCE_PRODUCTION'), --ub
	('BUILDING_MILITARY_ACADEMY',	'MILITARY_ACADEMY_ADD_RESOURCE_PRODUCTION'),
	-- 
	('BUILDING_HYDROELECTRIC_DAM',	'HYDROELECTRIC_DAM_ADD_RIVER_PRODUCTION'),
	-- Workshop
	('BUILDING_WORKSHOP',			'WORKSHOP_ADD_MINE_QUARRY_PRODUCTION'),
	-- Aerodrome
	('BUILDING_HANGAR',				'HANGAR_AIR_UNIT_PRODUCTION'),
	-- ('BUILDING_AIRPORT',			'AIRPORT_TOURISM_BOOST'),
	-- Harbor
	('BUILDING_SHIPYARD',			'SHIPYARD_NAVAL_UNIT_PRODUCTION'),
	('BUILDING_SEAPORT',			'SEAPORT_EXTRA_GREAT_ADMIRAL_POINTS'),
	('BUILDING_MILITARY_ACADEMY',	'MILITARY_ACADEMY_EXTRA_GREAT_GENERAL_POINTS'),
	-- enhence trained units
	('BUILDING_BARRACKS',			'BARRACKS_TRAINED_STRENGTH_MODIFIER'),
	('BUILDING_MILITARY_ACADEMY',	'MILITARY_ACADEMY_TRAINED_STRENGTH_MODIFIER'),
	('BUILDING_SEAPORT',			'SEAPORT_TRAINED_STRENGTH_MODIFIER'),
	('BUILDING_BASILIKOI_PAIDES',	'BASILIKOI_TRAINED_STRENGTH_MODIFIER'), --ub
	-- ('BUILDING_BASILIKOI_PAIDES', 'BASILIKOI_PAIDES_INCREASED_MOVEMENT_MODIFIER'),
	('BUILDING_STABLE',				'STABLE_TRAINED_STRENGTH_MODIFIER'),
	('BUILDING_ORDU',				'ORDU_TRAINED_STRENGTH_MODIFIER'); --ub

insert or replace into TechnologyModifiers (TechnologyType, ModifierId)
select PrereqTech, 'AIRPORT_TOURISM_BOOST' from Buildings where BuildingType = 'BUILDING_AIRPORT';

insert or replace into Modifiers
	(ModifierId,											ModifierType)
values
	('SHRINE_BUILDER_PURCHASE',								'MODIFIER_CITY_ENABLE_UNIT_FAITH_PURCHASE'),
	('TEMPLE_SETTLER_PURCHASE',								'MODIFIER_CITY_ENABLE_UNIT_FAITH_PURCHASE'),
	('GRANARY_POP_FOOD_MODIFIER',							'MODIFIER_SINGLE_CITY_ADJUST_CITY_YIELD_PER_POPULATION'),
	('LIBRARY_POP_SCIENCE_MODIFIER',						'MODIFIER_SINGLE_CITY_ADJUST_CITY_YIELD_PER_POPULATION'),
	('FACTORY_POP_PRODUCTION_MODIFIER',						'MODIFIER_SINGLE_CITY_ADJUST_CITY_YIELD_PER_POPULATION'),
	('ELECTRONICS_FACTORY_POP_PRODUCTION_MODIFIER',			'MODIFIER_SINGLE_CITY_ADJUST_CITY_YIELD_PER_POPULATION'),
	-- 
	('SEAPORT_EXTRA_GREAT_ADMIRAL_POINTS',			'MODIFIER_PLAYER_ADJUST_CITY_GREAT_PERSON_POINTS_PERCENT'),
    ('MILITARY_ACADEMY_EXTRA_GREAT_GENERAL_POINTS',	'MODIFIER_PLAYER_ADJUST_CITY_GREAT_PERSON_POINTS_PERCENT'),
	-- 
	('HANGAR_AIR_UNIT_PRODUCTION',					'MODIFIER_CITY_ADJUST_UNIT_DOMAIN_PRODUCTION'),
	('SHIPYARD_NAVAL_UNIT_PRODUCTION',				'MODIFIER_CITY_ADJUST_UNIT_DOMAIN_PRODUCTION');

insert or replace into Modifiers
	(ModifierId,									ModifierType,										SubjectRequirementSetId)
values
	('AIRPORT_TOURISM_BOOST',						'MODIFIER_PLAYER_CITIES_ATTACH_MODIFIER',			'HAS_AIRPORT_WITHIN_9_TILES'),
	('AIRPORT_TOURISM_BOOST_MODIFIER',				'MODIFIER_SINGLE_CITY_ADJUST_TOURISM_LATE_ERAS',	NULL), -- 'CITY_HAS_NO_FILM_STUDIO'),
	('GRANARY_ADD_BANANAS_FOOD',					'MODIFIER_CITY_PLOT_YIELDS_ADJUST_PLOT_YIELD',		'HAS_IMPROVED_BANANAS'),
	('GRANARY_ADD_DEER_FOOD',						'MODIFIER_CITY_PLOT_YIELDS_ADJUST_PLOT_YIELD',		'HAS_IMPROVED_DEER'),
	('WATER_MILL_ADD_RIVER_FARM_FOOD',				'MODIFIER_CITY_PLOT_YIELDS_ADJUST_PLOT_YIELD',		'IS_FARM_ADJACENT_TO_RIVER'),
	('LIGHTHOUSE_ADD_RESOURCE_FOOD',				'MODIFIER_CITY_PLOT_YIELDS_ADJUST_PLOT_YIELD',		'HAS_LIGHTHOUSE_RESOURCE'),
	('BARRACKS_ADD_COPPER_PRODUCTION',				'MODIFIER_CITY_PLOT_YIELDS_ADJUST_PLOT_YIELD',		'HAS_IMPROVED_COPPER'),
	('BARRACKS_ADD_IRON_PRODUCTION',				'MODIFIER_CITY_PLOT_YIELDS_ADJUST_PLOT_YIELD',		'HAS_IMPROVED_IRON'),
	('STABLE_ADD_SHEEP_FOOD',						'MODIFIER_CITY_PLOT_YIELDS_ADJUST_PLOT_YIELD',		'HAS_IMPROVED_SHEEP'),
	('STABLE_ADD_SHEEP_PRODUCTION',					'MODIFIER_CITY_PLOT_YIELDS_ADJUST_PLOT_YIELD',		'HAS_IMPROVED_SHEEP'),
	('STABLE_ADD_CATTLE_FOOD',						'MODIFIER_CITY_PLOT_YIELDS_ADJUST_PLOT_YIELD',		'HAS_IMPROVED_CATTLE'),
	('STABLE_ADD_CATTLE_PRODUCTION',				'MODIFIER_CITY_PLOT_YIELDS_ADJUST_PLOT_YIELD',		'HAS_IMPROVED_CATTLE'),
	('STABLE_ADD_HORSES_PRODUCTION',				'MODIFIER_CITY_PLOT_YIELDS_ADJUST_PLOT_YIELD',		'HAS_IMPROVED_HORSES'),
	-- ('STABLE_ADD_RESOURCE_PRODUCTION',			'MODIFIER_CITY_PLOT_YIELDS_ADJUST_PLOT_YIELD',		'HAS_STABLE_RESOURCE'),
	('ARMORY_ADD_RESOURCE_PRODUCTION',				'MODIFIER_CITY_PLOT_YIELDS_ADJUST_PLOT_YIELD',		'HAS_ARMORY_RESOURCE'),
	('FACTORY_ADD_RESOURCE_PRODUCTION',				'MODIFIER_CITY_PLOT_YIELDS_ADJUST_PLOT_YIELD',		'HAS_FACTORY_RESOURCE'),
	('MILITARY_ACADEMY_ADD_RESOURCE_PRODUCTION',	'MODIFIER_CITY_PLOT_YIELDS_ADJUST_PLOT_YIELD',		'HAS_MILITARY_ACADEMY_RESOURCE'),
	('HYDROELECTRIC_DAM_ADD_RIVER_PRODUCTION',		'MODIFIER_CITY_PLOT_YIELDS_ADJUST_PLOT_YIELD',		'PLOT_ADJACENT_TO_RIVER_REQUIREMENTS'),
	-- add improvements
	('WORKSHOP_ADD_MINE_QUARRY_PRODUCTION', 		'MODIFIER_CITY_PLOT_YIELDS_ADJUST_PLOT_YIELD',		'PLOT_HAS_MINE_OR_QUARRY');

insert or replace into Modifiers
	(ModifierId,									ModifierType,												Permanent)
values
	('BARRACKS_TRAINED_STRENGTH_MODIFIER',			'MODIFIER_SINGLE_CITY_GRANT_ABILITY_FOR_TRAINED_UNITS',		1),
	('BASILIKOI_TRAINED_STRENGTH_MODIFIER', 		'MODIFIER_SINGLE_CITY_GRANT_ABILITY_FOR_TRAINED_UNITS',		1),
	('STABLE_TRAINED_STRENGTH_MODIFIER',			'MODIFIER_SINGLE_CITY_GRANT_ABILITY_FOR_TRAINED_UNITS',		1),
	('SEAPORT_TRAINED_STRENGTH_MODIFIER',			'MODIFIER_SINGLE_CITY_GRANT_ABILITY_FOR_TRAINED_UNITS',		1),
	('MILITARY_ACADEMY_TRAINED_STRENGTH_MODIFIER',	'MODIFIER_SINGLE_CITY_GRANT_ABILITY_FOR_TRAINED_UNITS',		1),
	('ORDU_TRAINED_STRENGTH_MODIFIER',				'MODIFIER_SINGLE_CITY_GRANT_ABILITY_FOR_TRAINED_UNITS',		1);

insert or replace into ModifierArguments
	(ModifierId,									Name,			Value)
values
	('AIRPORT_TOURISM_BOOST',						'ModifierId',	'AIRPORT_TOURISM_BOOST_MODIFIER'),
	('AIRPORT_TOURISM_BOOST_MODIFIER',				'Modifier',		50),
	('AIRPORT_TOURISM_BOOST_MODIFIER',				'MinimumEra',	'ERA_ANCIENT'),
	-- 
	('SHRINE_BUILDER_PURCHASE',						'Tag',			'CLASS_BUILDER'),
	('TEMPLE_SETTLER_PURCHASE',						'Tag',			'CLASS_SETTLER'),
	('GRANARY_POP_FOOD_MODIFIER',					'YieldType',	'YIELD_FOOD'),
	('GRANARY_POP_FOOD_MODIFIER',					'Amount',		'0.5'),
	('LIBRARY_POP_SCIENCE_MODIFIER',				'YieldType',	'YIELD_SCIENCE'),
	('LIBRARY_POP_SCIENCE_MODIFIER',				'Amount',		'0.3'),
	('FACTORY_POP_PRODUCTION_MODIFIER',				'YieldType',	'YIELD_PRODUCTION'),
	('FACTORY_POP_PRODUCTION_MODIFIER',				'Amount',		'0.3'),
	('ELECTRONICS_FACTORY_POP_PRODUCTION_MODIFIER',	'YieldType',	'YIELD_PRODUCTION'),
	('ELECTRONICS_FACTORY_POP_PRODUCTION_MODIFIER',	'Amount',		'0.3'),
	-- 
	('SEAPORT_EXTRA_GREAT_ADMIRAL_POINTS',			'GreatPersonClassType',	'GREAT_PERSON_CLASS_ADMIRAL'),
	('SEAPORT_EXTRA_GREAT_ADMIRAL_POINTS',			'Amount',		50),
	('MILITARY_ACADEMY_EXTRA_GREAT_GENERAL_POINTS',	'GreatPersonClassType',	'GREAT_PERSON_CLASS_GENERAL'),
	('MILITARY_ACADEMY_EXTRA_GREAT_GENERAL_POINTS',	'Amount',		50),
	-- 
	('HANGAR_AIR_UNIT_PRODUCTION',					'Domain',		'DOMAIN_AIR'),
	('HANGAR_AIR_UNIT_PRODUCTION',					'Amount',		50),
	('SHIPYARD_NAVAL_UNIT_PRODUCTION',				'Domain',		'DOMAIN_SEA'),
	('SHIPYARD_NAVAL_UNIT_PRODUCTION',				'Amount',		25),
	-- 
	('GRANARY_ADD_BANANAS_FOOD',					'YieldType',	'YIELD_FOOD'),
	('GRANARY_ADD_BANANAS_FOOD',					'Amount',		1),
	('GRANARY_ADD_DEER_FOOD',						'YieldType',	'YIELD_FOOD'),
	('GRANARY_ADD_DEER_FOOD',						'Amount',		1),
	('WATER_MILL_ADD_RIVER_FARM_FOOD',				'YieldType',	'YIELD_FOOD'),
	('WATER_MILL_ADD_RIVER_FARM_FOOD',				'Amount',		1),
	('LIGHTHOUSE_ADD_RESOURCE_FOOD',				'YieldType',	'YIELD_FOOD'),
	('LIGHTHOUSE_ADD_RESOURCE_FOOD',				'Amount',		1),
	('BARRACKS_ADD_COPPER_PRODUCTION',				'YieldType',	'YIELD_PRODUCTION'),
	('BARRACKS_ADD_COPPER_PRODUCTION',				'Amount',		1),
	('BARRACKS_ADD_IRON_PRODUCTION',				'YieldType',	'YIELD_PRODUCTION'),
	('BARRACKS_ADD_IRON_PRODUCTION',				'Amount',		1),
	('STABLE_ADD_SHEEP_FOOD',						'YieldType',	'YIELD_FOOD'),
	('STABLE_ADD_SHEEP_FOOD',						'Amount', 		1),
	('STABLE_ADD_SHEEP_PRODUCTION',					'YieldType',	'YIELD_PRODUCTION'),
	('STABLE_ADD_SHEEP_PRODUCTION',					'Amount', 		1),
	('STABLE_ADD_CATTLE_FOOD',						'YieldType',	'YIELD_FOOD'),
	('STABLE_ADD_CATTLE_FOOD',						'Amount', 		1),
	('STABLE_ADD_CATTLE_PRODUCTION',				'YieldType',	'YIELD_PRODUCTION'),
	('STABLE_ADD_CATTLE_PRODUCTION',				'Amount', 		1),
	('STABLE_ADD_HORSES_PRODUCTION',				'YieldType',	'YIELD_PRODUCTION'),
	('STABLE_ADD_HORSES_PRODUCTION',				'Amount',		2),
	-- ('STABLE_ADD_RESOURCE_PRODUCTION', 			'YieldType',	'YIELD_PRODUCTION'),
	-- ('STABLE_ADD_RESOURCE_PRODUCTION', 			'Amount', 		1),
	('ARMORY_ADD_RESOURCE_PRODUCTION',				'YieldType',	'YIELD_PRODUCTION'),
	('ARMORY_ADD_RESOURCE_PRODUCTION',				'Amount', 		1),
	('FACTORY_ADD_RESOURCE_PRODUCTION',				'YieldType',	'YIELD_PRODUCTION'),
	('FACTORY_ADD_RESOURCE_PRODUCTION',				'Amount', 		1),
	('MILITARY_ACADEMY_ADD_RESOURCE_PRODUCTION',	'YieldType',	'YIELD_PRODUCTION'),
	('MILITARY_ACADEMY_ADD_RESOURCE_PRODUCTION',	'Amount',		1),
	('HYDROELECTRIC_DAM_ADD_RIVER_PRODUCTION',		'YieldType',	'YIELD_PRODUCTION'),
	('HYDROELECTRIC_DAM_ADD_RIVER_PRODUCTION',		'Amount',		1),
	-- 
	('WORKSHOP_ADD_MINE_QUARRY_PRODUCTION',			'YieldType',	'YIELD_PRODUCTION'),
	('WORKSHOP_ADD_MINE_QUARRY_PRODUCTION',			'Amount',		1),
	-- enhence trained units
	('BARRACKS_TRAINED_STRENGTH_MODIFIER',			'AbilityType',	'ABILITY_BARRACKS_TRAINED_UNIT_STRENGTH'),
	('BASILIKOI_TRAINED_STRENGTH_MODIFIER',			'AbilityType',	'ABILITY_BASILIKOI_TRAINED_UNIT_STRENGTH'),
	('STABLE_TRAINED_STRENGTH_MODIFIER',			'AbilityType',	'ABILITY_STABLE_TRAINED_UNIT_STRENGTH'),
	('MILITARY_ACADEMY_TRAINED_STRENGTH_MODIFIER',	'AbilityType',	'ABILITY_MILITARY_ACADEMY_TRAINED_UNIT_STRENGTH'),
	('SEAPORT_TRAINED_STRENGTH_MODIFIER',			'AbilityType',	'ABILITY_SEAPORT_TRAINED_UNIT_STRENGTH'),
	('ORDU_TRAINED_STRENGTH_MODIFIER',				'AbilityType',	'ABILITY_ORDU_TRAINED_UNIT_STRENGTH');

-- EFFECT_ADJUST_UNIT_COMBAT_STRENGTH
-- EFFECT_ADJUST_ATTACKER_STRENGTH_MODIFIER
-- EFFECT_ADJUST_DEFENDER_STRENGTH_MODIFIER

-- percentage boost, 5%, 10%, 10% + 10% (extra 10% with powered), 15% for religous buildings
insert or replace into BuildingModifiers
	(BuildingType,							ModifierId)
values
	('BUILDING_SEWER',						'SEWER_GROWTH_RATE'),
	-- Neighborhood
	('BUILDING_FOOD_MARKET',				'FOOD_MARKET_GROWTH_RATE'),
	('BUILDING_FOOD_MARKET',				'POWERED_FOOD_MARKET_GROWTH_RATE'),
	('BUILDING_SHOPPING_MALL',				'SHOPPING_MALL_GOLD_PERCENTAGE_BOOST'),
	('BUILDING_SHOPPING_MALL',				'POWERED_SHOPPING_MALL_GOLD_PERCENTAGE_BOOST'),
	-- Campus
	('BUILDING_LIBRARY',					'LIBRARY_SCIENCE_PERCENTAGE_BOOST'),
	('BUILDING_UNIVERSITY',					'UNIVERSITY_SCIENCE_PERCENTAGE_BOOST'),
	('BUILDING_MADRASA',					'UNIVERSITY_SCIENCE_PERCENTAGE_BOOST'),
	('BUILDING_RESEARCH_LAB',				'RESEARCH_LAB_SCIENCE_PERCENTAGE_BOOST'),
	('BUILDING_RESEARCH_LAB',				'POWERED_RESEARCH_LAB_SCIENCE_PERCENTAGE_BOOST'),
	-- Theater
	('BUILDING_AMPHITHEATER',				'AMPHITHEATER_CULTURE_PERCENTAGE_BOOST'),
	('BUILDING_MARAE',						'AMPHITHEATER_CULTURE_PERCENTAGE_BOOST'),
	('BUILDING_MUSEUM_ART',					'MUSEUM_CULTURE_PERCENTAGE_BOOST'),
	('BUILDING_MUSEUM_ARTIFACT',			'MUSEUM_CULTURE_PERCENTAGE_BOOST'),
	('BUILDING_BROADCAST_CENTER',			'BROADCAST_CENTER_CULTURE_PERCENTAGE_BOOST'),
	('BUILDING_BROADCAST_CENTER',			'POWERED_BROADCAST_CENTER_CULTURE_PERCENTAGE_BOOST'),
	('BUILDING_FILM_STUDIO',				'BROADCAST_CENTER_CULTURE_PERCENTAGE_BOOST'),
	('BUILDING_FILM_STUDIO',				'POWERED_BROADCAST_CENTER_CULTURE_PERCENTAGE_BOOST'),
	-- Commercial hub
	('BUILDING_MARKET',						'MARKET_GOLD_PERCENTAGE_BOOST'),
	('BUILDING_SUKIENNICE',					'MARKET_GOLD_PERCENTAGE_BOOST'),
	('BUILDING_BANK',						'BANK_GOLD_PERCENTAGE_BOOST'),
	('BUILDING_GRAND_BAZAAR',				'BANK_GOLD_PERCENTAGE_BOOST'),
	('BUILDING_STOCK_EXCHANGE',				'STOCK_EXCHANGE_GOLD_PERCENTAGE_BOOST'),
	('BUILDING_STOCK_EXCHANGE',				'POWERED_STOCK_EXCHANGE_GOLD_PERCENTAGE_BOOST'),
	-- Holy site
	('BUILDING_SHRINE',						'SHRINE_FAITH_PERCENTAGE_BOOST'),
	('BUILDING_TEMPLE',						'TEMPLE_FAITH_PERCENTAGE_BOOST'),
	('BUILDING_STAVE_CHURCH',				'TEMPLE_FAITH_PERCENTAGE_BOOST'),
	('BUILDING_PRASAT',						'TEMPLE_FAITH_PERCENTAGE_BOOST'),
	('BUILDING_CATHEDRAL',					'RELIGIOUS_BUILDING_FAITH_PERCENTAGE_BOOST'),
	('BUILDING_GURDWARA',					'RELIGIOUS_BUILDING_FAITH_PERCENTAGE_BOOST'),
	('BUILDING_MEETING_HOUSE',				'RELIGIOUS_BUILDING_FAITH_PERCENTAGE_BOOST'),
	('BUILDING_MOSQUE',						'RELIGIOUS_BUILDING_FAITH_PERCENTAGE_BOOST'),
	('BUILDING_PAGODA',						'RELIGIOUS_BUILDING_FAITH_PERCENTAGE_BOOST'),
	('BUILDING_SYNAGOGUE',					'RELIGIOUS_BUILDING_FAITH_PERCENTAGE_BOOST'),
	('BUILDING_WAT',						'RELIGIOUS_BUILDING_FAITH_PERCENTAGE_BOOST'),
	('BUILDING_STUPA',						'RELIGIOUS_BUILDING_FAITH_PERCENTAGE_BOOST'),
	('BUILDING_DAR_E_MEHR',					'RELIGIOUS_BUILDING_FAITH_PERCENTAGE_BOOST'),
	-- Industrial Zone
	('BUILDING_WORKSHOP',					'WORKSHOP_BUILDING_PRODUCTION_PERCENTAGE_BOOST'),
	('BUILDING_WORKSHOP',					'WORKSHOP_DISTRICT_PRODUCTION_PERCENTAGE_BOOST'),
	('BUILDING_FACTORY',					'FACTORY_BUILDING_PRODUCTION_PERCENTAGE_BOOST'),
	('BUILDING_FACTORY',					'FACTORY_DISTRICT_PRODUCTION_PERCENTAGE_BOOST'),
	('BUILDING_ELECTRONICS_FACTORY',		'FACTORY_BUILDING_PRODUCTION_PERCENTAGE_BOOST'),
	('BUILDING_ELECTRONICS_FACTORY',		'FACTORY_DISTRICT_PRODUCTION_PERCENTAGE_BOOST'),
	('BUILDING_POWER_PLANT',				'POWER_PLANT_BUILDING_PRODUCTION_PERCENTAGE_BOOST'),
	('BUILDING_POWER_PLANT',				'POWER_PLANT_DISTRICT_PRODUCTION_PERCENTAGE_BOOST'),
	('BUILDING_COAL_POWER_PLANT',			'POWER_PLANT_BUILDING_PRODUCTION_PERCENTAGE_BOOST'),
	('BUILDING_COAL_POWER_PLANT',			'POWER_PLANT_DISTRICT_PRODUCTION_PERCENTAGE_BOOST'),
	('BUILDING_FOSSIL_FUEL_POWER_PLANT',	'POWER_PLANT_BUILDING_PRODUCTION_PERCENTAGE_BOOST'),
	('BUILDING_FOSSIL_FUEL_POWER_PLANT',	'POWER_PLANT_DISTRICT_PRODUCTION_PERCENTAGE_BOOST');

insert or replace into Modifiers
	(ModifierId,											ModifierType)
values
	('SEWER_GROWTH_RATE',									'MODIFIER_SINGLE_CITY_ADJUST_CITY_GROWTH'),
	-- Neighborhood
	('FOOD_MARKET_GROWTH_RATE',								'MODIFIER_SINGLE_CITY_ADJUST_CITY_GROWTH'),
	('SHOPPING_MALL_GOLD_PERCENTAGE_BOOST',					'MODIFIER_SINGLE_CITY_ADJUST_CITY_YIELD_MODIFIER'),
	-- 
	('LIBRARY_SCIENCE_PERCENTAGE_BOOST', 					'MODIFIER_SINGLE_CITY_ADJUST_CITY_YIELD_MODIFIER'),
	('UNIVERSITY_SCIENCE_PERCENTAGE_BOOST', 				'MODIFIER_SINGLE_CITY_ADJUST_CITY_YIELD_MODIFIER'),
	('RESEARCH_LAB_SCIENCE_PERCENTAGE_BOOST', 				'MODIFIER_SINGLE_CITY_ADJUST_CITY_YIELD_MODIFIER'),
	-- 
	('AMPHITHEATER_CULTURE_PERCENTAGE_BOOST', 				'MODIFIER_SINGLE_CITY_ADJUST_CITY_YIELD_MODIFIER'),
	('MUSEUM_CULTURE_PERCENTAGE_BOOST', 					'MODIFIER_SINGLE_CITY_ADJUST_CITY_YIELD_MODIFIER'),
	('BROADCAST_CENTER_CULTURE_PERCENTAGE_BOOST', 			'MODIFIER_SINGLE_CITY_ADJUST_CITY_YIELD_MODIFIER'),
	-- 
	('MARKET_GOLD_PERCENTAGE_BOOST', 						'MODIFIER_SINGLE_CITY_ADJUST_CITY_YIELD_MODIFIER'),
	('BANK_GOLD_PERCENTAGE_BOOST', 							'MODIFIER_SINGLE_CITY_ADJUST_CITY_YIELD_MODIFIER'),
	('STOCK_EXCHANGE_GOLD_PERCENTAGE_BOOST', 				'MODIFIER_SINGLE_CITY_ADJUST_CITY_YIELD_MODIFIER'),
	-- 
	('SHRINE_FAITH_PERCENTAGE_BOOST', 						'MODIFIER_SINGLE_CITY_ADJUST_CITY_YIELD_MODIFIER'),
	('TEMPLE_FAITH_PERCENTAGE_BOOST', 						'MODIFIER_SINGLE_CITY_ADJUST_CITY_YIELD_MODIFIER'),
	('RELIGIOUS_BUILDING_FAITH_PERCENTAGE_BOOST', 			'MODIFIER_SINGLE_CITY_ADJUST_CITY_YIELD_MODIFIER'), -- 15%
	-- 
	('WORKSHOP_BUILDING_PRODUCTION_PERCENTAGE_BOOST',		'MODIFIER_SINGLE_CITY_ADJUST_BUILDING_PRODUCTION_MODIFIER'),
	('WORKSHOP_DISTRICT_PRODUCTION_PERCENTAGE_BOOST',		'MODIFIER_SINGLE_CITY_ADJUST_DISTRICT_PRODUCTION_MODIFIER'),
	('FACTORY_BUILDING_PRODUCTION_PERCENTAGE_BOOST',		'MODIFIER_SINGLE_CITY_ADJUST_BUILDING_PRODUCTION_MODIFIER'),
	('FACTORY_DISTRICT_PRODUCTION_PERCENTAGE_BOOST',		'MODIFIER_SINGLE_CITY_ADJUST_DISTRICT_PRODUCTION_MODIFIER'),
	('POWER_PLANT_BUILDING_PRODUCTION_PERCENTAGE_BOOST',	'MODIFIER_SINGLE_CITY_ADJUST_BUILDING_PRODUCTION_MODIFIER'), -- 20%
	('POWER_PLANT_DISTRICT_PRODUCTION_PERCENTAGE_BOOST',	'MODIFIER_SINGLE_CITY_ADJUST_DISTRICT_PRODUCTION_MODIFIER'); -- 20%

-- powered
insert or replace into Modifiers
	(ModifierId, 											ModifierType,										SubjectRequirementSetId)
values
	('POWERED_FOOD_MARKET_GROWTH_RATE',						'MODIFIER_SINGLE_CITY_ADJUST_CITY_GROWTH',			'CITY_IS_POWERED'),
	('POWERED_SHOPPING_MALL_GOLD_PERCENTAGE_BOOST',			'MODIFIER_SINGLE_CITY_ADJUST_CITY_YIELD_MODIFIER',	'CITY_IS_POWERED'),
	('POWERED_RESEARCH_LAB_SCIENCE_PERCENTAGE_BOOST',		'MODIFIER_SINGLE_CITY_ADJUST_CITY_YIELD_MODIFIER',	'CITY_IS_POWERED'),
	('POWERED_BROADCAST_CENTER_CULTURE_PERCENTAGE_BOOST',	'MODIFIER_SINGLE_CITY_ADJUST_CITY_YIELD_MODIFIER',	'CITY_IS_POWERED'),
	('POWERED_STOCK_EXCHANGE_GOLD_PERCENTAGE_BOOST',		'MODIFIER_SINGLE_CITY_ADJUST_CITY_YIELD_MODIFIER',	'CITY_IS_POWERED');

-- Percentage boost
insert or replace into ModifierArguments
	(ModifierId,											Name,			Value)
values
	('SEWER_GROWTH_RATE',									'Amount',		10),
	-- Neighborhood
	('FOOD_MARKET_GROWTH_RATE',								'Amount',		25),
	('SHOPPING_MALL_GOLD_PERCENTAGE_BOOST',					'YieldType',	'YIELD_GOLD'),
	('SHOPPING_MALL_GOLD_PERCENTAGE_BOOST',					'Amount',		15),
	-- 
	('STOCK_EXCHANGE_GOLD_PERCENTAGE_BOOST',				'YieldType',	'YIELD_GOLD'),
	('STOCK_EXCHANGE_GOLD_PERCENTAGE_BOOST',				'Amount',		10),
	-- 
	('LIBRARY_SCIENCE_PERCENTAGE_BOOST',					'YieldType',	'YIELD_SCIENCE'),
	('LIBRARY_SCIENCE_PERCENTAGE_BOOST',					'Amount',		5),
	('UNIVERSITY_SCIENCE_PERCENTAGE_BOOST',					'YieldType',	'YIELD_SCIENCE'),
	('UNIVERSITY_SCIENCE_PERCENTAGE_BOOST',					'Amount',		10),
	('RESEARCH_LAB_SCIENCE_PERCENTAGE_BOOST',				'YieldType',	'YIELD_SCIENCE'),
	('RESEARCH_LAB_SCIENCE_PERCENTAGE_BOOST',				'Amount',		10),
	-- 
	('AMPHITHEATER_CULTURE_PERCENTAGE_BOOST',				'YieldType',	'YIELD_CULTURE'),
	('AMPHITHEATER_CULTURE_PERCENTAGE_BOOST',				'Amount',		5),
	('MUSEUM_CULTURE_PERCENTAGE_BOOST',						'YieldType',	'YIELD_CULTURE'),
	('MUSEUM_CULTURE_PERCENTAGE_BOOST',						'Amount',		10),
	('BROADCAST_CENTER_CULTURE_PERCENTAGE_BOOST',			'YieldType',	'YIELD_CULTURE'),
	('BROADCAST_CENTER_CULTURE_PERCENTAGE_BOOST',			'Amount',		10),
	-- 
	('MARKET_GOLD_PERCENTAGE_BOOST',						'YieldType',	'YIELD_GOLD'),
	('MARKET_GOLD_PERCENTAGE_BOOST',						'Amount',		5),
	('BANK_GOLD_PERCENTAGE_BOOST',							'YieldType',	'YIELD_GOLD'),
	('BANK_GOLD_PERCENTAGE_BOOST',							'Amount',		10),
	('STOCK_EXCHANGE_GOLD_PERCENTAGE_BOOST',				'YieldType',	'YIELD_GOLD'),
	('STOCK_EXCHANGE_GOLD_PERCENTAGE_BOOST',				'Amount',		10),
	-- 
	('SHRINE_FAITH_PERCENTAGE_BOOST',						'YieldType',	'YIELD_FAITH'),
	('SHRINE_FAITH_PERCENTAGE_BOOST',						'Amount',		5),
	('TEMPLE_FAITH_PERCENTAGE_BOOST',						'YieldType',	'YIELD_FAITH'),
	('TEMPLE_FAITH_PERCENTAGE_BOOST',						'Amount',		10),
	('RELIGIOUS_BUILDING_FAITH_PERCENTAGE_BOOST',			'YieldType',	'YIELD_FAITH'),
	('RELIGIOUS_BUILDING_FAITH_PERCENTAGE_BOOST',			'Amount',		15),
	-- 
	('WORKSHOP_BUILDING_PRODUCTION_PERCENTAGE_BOOST',		'Amount',		5),
	('WORKSHOP_DISTRICT_PRODUCTION_PERCENTAGE_BOOST',		'Amount',		5),
	('FACTORY_BUILDING_PRODUCTION_PERCENTAGE_BOOST',		'Amount',		10),
	('FACTORY_DISTRICT_PRODUCTION_PERCENTAGE_BOOST',		'Amount',		10),
	('POWER_PLANT_BUILDING_PRODUCTION_PERCENTAGE_BOOST',	'Amount',		20),
	('POWER_PLANT_DISTRICT_PRODUCTION_PERCENTAGE_BOOST',	'Amount',		20),
	-- powered
	('POWERED_FOOD_MARKET_GROWTH_RATE',						'Amount',		25),
	('POWERED_SHOPPING_MALL_GOLD_PERCENTAGE_BOOST',			'YieldType',	'YIELD_GOLD'),
	('POWERED_SHOPPING_MALL_GOLD_PERCENTAGE_BOOST',			'Amount',		15),
	('POWERED_RESEARCH_LAB_SCIENCE_PERCENTAGE_BOOST',		'YieldType',	'YIELD_SCIENCE'),
	('POWERED_RESEARCH_LAB_SCIENCE_PERCENTAGE_BOOST',		'Amount',		10),
	('POWERED_BROADCAST_CENTER_CULTURE_PERCENTAGE_BOOST',	'YieldType',	'YIELD_CULTURE'),
	('POWERED_BROADCAST_CENTER_CULTURE_PERCENTAGE_BOOST',	'Amount',		10),
	('POWERED_STOCK_EXCHANGE_GOLD_PERCENTAGE_BOOST',		'YieldType',	'YIELD_GOLD'),
	('POWERED_STOCK_EXCHANGE_GOLD_PERCENTAGE_BOOST',		'Amount',		10);

-- Maintainance
--update Buildings set Maintenance = Maintenance * 2 where IsWonder = 0;
update Buildings set Maintenance = 0,	Cost = 45	where BuildingType = 'BUILDING_MONUMENT';
update Buildings set Maintenance = 1,	Cost = 60	where BuildingType = 'BUILDING_GRANARY';
update Buildings set Maintenance = 1,	Cost = 80	where BuildingType = 'BUILDING_WATER_MILL';
update Buildings set Maintenance = 1,	Cost = 80	where BuildingType = 'BUILDING_PALGUM';
update Buildings set Maintenance = 0,	Cost = 60	where BuildingType = 'BUILDING_WALLS';
update Buildings set Maintenance = 1,	Cost = 180	where BuildingType = 'BUILDING_CASTLE';
update Buildings set Maintenance = 2,	Cost = 300	where BuildingType = 'BUILDING_STAR_FORT';
update Buildings set Maintenance = 2,	Cost = 260	where BuildingType = 'BUILDING_TSIKHE';
update Buildings set Maintenance = 5,	Cost = 200	where BuildingType = 'BUILDING_SEWER';

update Buildings set Maintenance = 1,	Cost = 90	where BuildingType = 'BUILDING_LIBRARY';
update Buildings set Maintenance = 4,	Cost = 275	where BuildingType = 'BUILDING_UNIVERSITY';
update Buildings set Maintenance = 4,	Cost = 250	where BuildingType = 'BUILDING_MADRASA';
update Buildings set Maintenance = 10,	Cost = 600	where BuildingType = 'BUILDING_RESEARCH_LAB';
update Buildings set Maintenance = 1,	Cost = 120	where BuildingType = 'BUILDING_MARKET';
update Buildings set Maintenance = 1,	Cost = 100	where BuildingType = 'BUILDING_SUKIENNICE';
update Buildings set Maintenance = 4,	Cost = 275	where BuildingType = 'BUILDING_BANK';
update Buildings set Maintenance = 4,	Cost = 220	where BuildingType = 'BUILDING_GRAND_BAZAAR';
update Buildings set Maintenance = 10,	Cost = 550	where BuildingType = 'BUILDING_STOCK_EXCHANGE';
update Buildings set Maintenance = 1,	Cost = 120	where BuildingType = 'BUILDING_LIGHTHOUSE';
update Buildings set Maintenance = 4,	Cost = 250	where BuildingType = 'BUILDING_SHIPYARD';
update Buildings set Maintenance = 10,	Cost = 400	where BuildingType = 'BUILDING_SEAPORT';
update Buildings set Maintenance = 1,	Cost = 90	where BuildingType = 'BUILDING_BARRACKS';
update Buildings set Maintenance = 1,	Cost = 120	where BuildingType = 'BUILDING_STABLE';
update Buildings set Maintenance = 1,	Cost = 90	where BuildingType = 'BUILDING_BASILIKOI_PAIDES';
update Buildings set Maintenance = 1,	Cost = 120	where BuildingType = 'BUILDING_ORDU';
update Buildings set Maintenance = 4,	Cost = 200	where BuildingType = 'BUILDING_ARMORY';
update Buildings set Maintenance = 7,	Cost = 400	where BuildingType = 'BUILDING_MILITARY_ACADEMY';
update Buildings set Maintenance = 3,	Cost = 190	where BuildingType = 'BUILDING_WORKSHOP';
update Buildings set Maintenance = 7,	Cost = 400	where BuildingType = 'BUILDING_FACTORY';
update Buildings set Maintenance = 7,	Cost = 360	where BuildingType = 'BUILDING_ELECTRONICS_FACTORY';
update Buildings set Maintenance = 10,	Cost = 400	where BuildingType = 'BUILDING_COAL_POWER_PLANT';
update Buildings set Maintenance = 10,	Cost = 480	where BuildingType = 'BUILDING_FOSSIL_FUEL_POWER_PLANT';
update Buildings set Maintenance = 10,	Cost = 600	where BuildingType = 'BUILDING_POWER_PLANT';
update Buildings set Maintenance = 1,	Cost = 70	where BuildingType = 'BUILDING_SHRINE';
update Buildings set Maintenance = 2,	Cost = 130	where BuildingType = 'BUILDING_TEMPLE';
update Buildings set Maintenance = 2,	Cost = 130	where BuildingType = 'BUILDING_STAVE_CHURCH';
update Buildings set Maintenance = 4,	Cost = 210	where BuildingType = 'BUILDING_CATHEDRAL';
update Buildings set Maintenance = 4,	Cost = 210	where BuildingType = 'BUILDING_GURDWARA';
update Buildings set Maintenance = 4,	Cost = 210	where BuildingType = 'BUILDING_MEETING_HOUSE';
update Buildings set Maintenance = 4,	Cost = 210	where BuildingType = 'BUILDING_MOSQUE';
update Buildings set Maintenance = 4,	Cost = 210	where BuildingType = 'BUILDING_PAGODA';
update Buildings set Maintenance = 4,	Cost = 210	where BuildingType = 'BUILDING_SYNAGOGUE';
update Buildings set Maintenance = 4,	Cost = 210	where BuildingType = 'BUILDING_WAT';
update Buildings set Maintenance = 4,	Cost = 210	where BuildingType = 'BUILDING_STUPA';
update Buildings set Maintenance = 4,	Cost = 210	where BuildingType = 'BUILDING_DAR_E_MEHR';
update Buildings set Maintenance = 2,	Cost = 130	where BuildingType = 'BUILDING_PRASAT';
update Buildings set Maintenance = 1,	Cost = 150	where BuildingType = 'BUILDING_AMPHITHEATER';
update Buildings set Maintenance = 1,	Cost = 150	where BuildingType = 'BUILDING_MARAE';
update Buildings set Maintenance = 4,	Cost = 300	where BuildingType = 'BUILDING_MUSEUM_ART';
update Buildings set Maintenance = 4,	Cost = 300	where BuildingType = 'BUILDING_MUSEUM_ARTIFACT';
update Buildings set Maintenance = 10,	Cost = 550	where BuildingType = 'BUILDING_BROADCAST_CENTER';
update Buildings set Maintenance = 10,	Cost = 480	where BuildingType = 'BUILDING_FILM_STUDIO';
update Buildings set Maintenance = 1,	Cost = 150	where BuildingType = 'BUILDING_ARENA';
update Buildings set Maintenance = 1,	Cost = 120	where BuildingType = 'BUILDING_TLACHTLI';
update Buildings set Maintenance = 4,	Cost = 380	where BuildingType = 'BUILDING_ZOO';
update Buildings set Maintenance = 4,	Cost = 320	where BuildingType = 'BUILDING_THERMAL_BATH';
update Buildings set Maintenance = 12,	Cost = 550	where BuildingType = 'BUILDING_STADIUM';
update Buildings set Maintenance = 5,	Cost = 250	where BuildingType = 'BUILDING_FERRIS_WHEEL';
update Buildings set Maintenance = 8,	Cost = 380	where BuildingType = 'BUILDING_AQUARIUM';
update Buildings set Maintenance = 12,	Cost = 550	where BuildingType = 'BUILDING_AQUATICS_CENTER';

update Buildings set Maintenance = 8,	Cost = 360	where BuildingType = 'BUILDING_HANGAR';
update Buildings set Maintenance = 12,	Cost = 480	where BuildingType = 'BUILDING_AIRPORT';
update Buildings set Maintenance = 6,	Cost = 360	where BuildingType = 'BUILDING_HYDROELECTRIC_DAM';
update Buildings set Maintenance = 2,	Cost = 150	where BuildingType = 'BUILDING_CONSULATE';
update Buildings set Maintenance = 4,	Cost = 290	where BuildingType = 'BUILDING_CHANCERY';
update Buildings set Maintenance = 8,	Cost = 360	where BuildingType = 'BUILDING_FOOD_MARKET';
update Buildings set Maintenance = 10,	Cost = 480	where BuildingType = 'BUILDING_SHOPPING_MALL';
update Buildings set Maintenance = 1,	Cost = 150	where BuildingType = 'BUILDING_GOV_TALL';
update Buildings set Maintenance = 1,	Cost = 150	where BuildingType = 'BUILDING_GOV_WIDE';
update Buildings set Maintenance = 1,	Cost = 150	where BuildingType = 'BUILDING_GOV_CONQUEST';
update Buildings set Maintenance = 4,	Cost = 300	where BuildingType = 'BUILDING_GOV_CITYSTATES';
update Buildings set Maintenance = 4,	Cost = 300	where BuildingType = 'BUILDING_GOV_SPIES';
update Buildings set Maintenance = 4,	Cost = 300	where BuildingType = 'BUILDING_GOV_FAITH';
update Buildings set Maintenance = 4,	Cost = 225	where BuildingType = 'BUILDING_QUEENS_BIBLIOTHEQUE';
update Buildings set Maintenance = 8,	Cost = 450	where BuildingType = 'BUILDING_GOV_MILITARY';
update Buildings set Maintenance = 8,	Cost = 450	where BuildingType = 'BUILDING_GOV_CULTURE';
update Buildings set Maintenance = 8,	Cost = 450	where BuildingType = 'BUILDING_GOV_SCIENCE';

-- TODO: Markets special effect for resources.
-- insert or replace into BuildingModifiers

---University buff adjacent rainforest and gain science from rainforest
insert or replace into BuildingModifiers
	(BuildingType,							ModifierId)
values
	('BUILDING_MADRASA',			'UNIVERSITY_ADD_RAINFOREST_ADJACENCY'),
	('BUILDING_MADRASA',			'UNIVERSITY_ADD_ADJACENT_RAINFOREST_SCIENCE'),
	('BUILDING_UNIVERSITY',			'UNIVERSITY_ADD_RAINFOREST_ADJACENCY'),
	('BUILDING_UNIVERSITY',			'UNIVERSITY_ADD_ADJACENT_RAINFOREST_SCIENCE');

insert into Modifiers
	(ModifierId,									ModifierType,								SubjectRequirementSetId)
values
	('UNIVERSITY_ADD_RAINFOREST_ADJACENCY',			'MODIFIER_SINGLE_CITY_FEATURE_ADJACENCY',	NULL),
	('UNIVERSITY_ADD_ADJACENT_RAINFOREST_SCIENCE',	'MODIFIER_PLAYER_ADJUST_PLOT_YIELD',		'UNIVERSITY_ADJACENCY_SCIENCE_JUNGLE_REQUIREMENTS');

insert into ModifierArguments
	(ModifierId,										Name,				Value)
values
	('UNIVERSITY_ADD_RAINFOREST_ADJACENCY',				'DistrictType',		'DISTRICT_CAMPUS'),
	('UNIVERSITY_ADD_RAINFOREST_ADJACENCY',				'FeatureType',		'FEATURE_JUNGLE'),
	('UNIVERSITY_ADD_RAINFOREST_ADJACENCY',				'YieldType',		'YIELD_SCIENCE'),
	('UNIVERSITY_ADD_RAINFOREST_ADJACENCY',				'Amount',			1),
	('UNIVERSITY_ADD_RAINFOREST_ADJACENCY',				'Description',		'LOC_UNIVERSITY_JUNGLE_SCIENCE'),
	('UNIVERSITY_ADD_ADJACENT_RAINFOREST_SCIENCE',		'YieldType',		'YIELD_SCIENCE'),
	('UNIVERSITY_ADD_ADJACENT_RAINFOREST_SCIENCE',		'Amount',			1);

--政体建筑改动
--一级政体建筑
--谒见厅住房
update ModifierArguments set Value = 2 where ModifierId = 'GOV_TALL_HOUSING_BUFF';
--军阀宝座下城加产
update ModifierArguments set Value = 15 where ModifierId = 'GOV_PRODUCTION_BOOST_FROM_CAPTURE' and Name = 'Amount';

insert or replace into BuildingModifiers
	(BuildingType,					ModifierId)
values
--谒见厅余粮
	('BUILDING_GOV_TALL',			'GOV_TALL_GROWTH_RATE'),
--谒见厅奇观加速
	('BUILDING_GOV_TALL',			'GOV_TALL_BUILDING_PRODUCTION'),
--军阀宝座劫掠加成
	('BUILDING_GOV_CONQUEST',		'GOV_CONQUEST_DOUBLEPILLAGEDISTRICT'),
	('BUILDING_GOV_CONQUEST',		'GOV_CONQUEST_DOUBLEPILLAGEIMPROVE'),
--军阀宝座锤军事单位加速
	('BUILDING_GOV_CONQUEST',	    'GOV_CONQUEST_MILITARY_UNIT_PRODUCTION');
	-- ('BUILDING_GOV_CONQUEST',	    'GOV_CONQUEST_GDR_PRODUCTION');

insert or replace into Modifiers
	(ModifierId,								ModifierType)
values
--谒见厅余粮
	('GOV_TALL_GROWTH_RATE',					'MODIFIER_PLAYER_CITIES_ADJUST_CITY_GROWTH'),
--谒见厅奇观加速
	('GOV_TALL_BUILDING_PRODUCTION',			'MODIFIER_SINGLE_CITY_ADJUST_BUILDING_PRODUCTION_MODIFIER'),
--军阀宝座劫掠加成
	('GOV_CONQUEST_DOUBLEPILLAGEDISTRICT',		'MODIFIER_PLAYER_ADJUST_DISTRICT_PILLAGE'),
	('GOV_CONQUEST_DOUBLEPILLAGEIMPROVE',		'MODIFIER_PLAYER_ADJUST_IMPROVEMENT_PILLAGE'),
--军阀宝座锤军事单位加速
	('GOV_CONQUEST_MILITARY_UNIT_PRODUCTION',	'MODIFIER_SINGLE_CITY_ADJUST_MILITARY_UNITS_PRODUCTION');
	-- ('GOV_CONQUEST_NAVAL_UNIT_PRODUCTION',	'MODIFIER_CITY_ADJUST_UNIT_DOMAIN_PRODUCTION'),
	-- ('GOV_CONQUEST_GDR_PRODUCTION',				'MODIFIER_PLAYER_UNITS_ADJUST_UNIT_PRODUCTION');

insert or replace into ModifierArguments
	(ModifierId,								Name,			Value)
values
--谒见厅余粮
	('GOV_TALL_GROWTH_RATE',					'Amount',		15),
--谒见厅奇观加速
	('GOV_TALL_BUILDING_PRODUCTION',			'Amount',		15),
--军阀宝座劫掠加成
	('GOV_CONQUEST_DOUBLEPILLAGEDISTRICT',		'Amount',		100),
	('GOV_CONQUEST_DOUBLEPILLAGEIMPROVE',		'Amount',		100),
--军阀宝座锤军事单位加速
	('GOV_CONQUEST_MILITARY_UNIT_PRODUCTION',	'Amount',		20);
	-- ('GOV_CONQUEST_NAVAL_UNIT_PRODUCTION',	'Domain',		'DOMAIN_SEA'),
	-- ('GOV_CONQUEST_NAVAL_UNIT_PRODUCTION',	'Amount',		30),
	-- ('GOV_CONQUEST_GDR_PRODUCTION',				'UnitType',		'UNIT_GIANT_DEATH_ROBOT'),
	-- ('GOV_CONQUEST_GDR_PRODUCTION',				'Amount',		30);

--二级政体建筑
--删除原效果
--中书省
delete from BuildingModifiers where BuildingType = 'BUILDING_GOV_CITYSTATES';
--主教座堂
delete from BuildingModifiers where BuildingType = 'BUILDING_GOV_FAITH';

--中书省额外总督点
--update ModifierArguments set Value = 2 where ModifierId = 'GOV_BUILDING_CITYSTATES_GRANT_GOVERNOR_POINTS';
--中书省要求
insert or replace into RequirementSetRequirements
	(RequirementSetId, 						RequirementId)
values
	('GOV_GH_REQUIREMENT',					'REQUIRES_CITY_HAS_GOVERNOR'),
	('GOV_GH_REQUIREMENT',					'REQUIRES_PLOT_IS_OWNER_CAPITAL_CONTINENT');
	--('GOV_NONHOMECONTINENT_REQUIREMENT',	'REQUIRES_CITY_IS_NOT_OWNER_CAPITAL_CONTINENT'),
	--('GOV_G_NONHOMECONTINENT_REQUIREMENT',	'REQUIRES_CITY_IS_NOT_OWNER_CAPITAL_CONTINENT'),
	--('GOV_G_NONHOMECONTINENT_REQUIREMENT',	'REQUIRES_CITY_HAS_GOVERNOR');
insert or replace into RequirementSets
	(RequirementSetId,						RequirementSetType)
values
	('GOV_GH_REQUIREMENT',					'REQUIREMENTSET_TEST_ALL');
	--('GOV_NONHOMECONTINENT_REQUIREMENT',	'REQUIREMENTSET_TEST_ALL'),
	--('GOV_G_NONHOMECONTINENT_REQUIREMENT',	'REQUIREMENTSET_TEST_ALL');

--新增效果
insert or replace into BuildingModifiers
	(BuildingType,							ModifierId)
values
--中书省
	-- ('BUILDING_GOV_CITYSTATES',				'GOV_CITYSTATES_EXTRA_GOVERNOR_POINT'),
--MODIFIER_PLAYER_CITIES_ADJUST_CITY_YIELD_MODIFIER_GRANCOLOMBIA_MAYA
	('BUILDING_GOV_CITYSTATES',				'GOV_CITYSTATES_CITY_YIELD'),
	('BUILDING_GOV_CITYSTATES',				'GOV_CITYSTATES_CITY_YIELD_G'),
	--('BUILDING_GOV_CITYSTATES',				'GOV_CITYSTATES_CITY_LOSE'),
	--('BUILDING_GOV_CITYSTATES',				'GOV_CITYSTATES_CITY_LOSE_G'),
--情报局
	('BUILDING_GOV_SPIES',					'GOV_SPIES_OFFENSIVESPYTIME'),
	('BUILDING_GOV_SPIES',					'GOV_SPIES_SPYPRODUCTION');

-- insert or replace into Modifiers
-- 	(ModifierId,							ModifierType,															RunOnce)
-- values
-- 	('GOV_CITYSTATES_EXTRA_GOVERNOR_POINT',	'MODIFIER_PLAYER_ADJUST_GOVERNOR_POINTS',								1);

insert or replace into Modifiers
	(ModifierId,							ModifierType,															SubjectRequirementSetId)
values
--中书省
--所有城市加产
	('GOV_CITYSTATES_CITY_YIELD',			'MODIFIER_PLAYER_CITIES_ADJUST_CITY_YIELD_MODIFIER_GRANCOLOMBIA_MAYA',	'THE_HOME_CONTINENT_NEW_REQUIREMENT'),
	('GOV_CITYSTATES_CITY_YIELD_G',			'MODIFIER_PLAYER_CITIES_ADJUST_CITY_YIELD_MODIFIER_GRANCOLOMBIA_MAYA',	'GOV_GH_REQUIREMENT'),
--外大陆减产
	--('GOV_CITYSTATES_CITY_LOSE',			'MODIFIER_PLAYER_CITIES_ADJUST_CITY_YIELD_MODIFIER_GRANCOLOMBIA_MAYA',	'GOV_NONHOMECONTINENT_REQUIREMENT'),
	--('GOV_CITYSTATES_CITY_LOSE_G',			'MODIFIER_PLAYER_CITIES_ADJUST_CITY_YIELD_MODIFIER_GRANCOLOMBIA_MAYA',	'GOV_G_NONHOMECONTINENT_REQUIREMENT'),
--情报局
	('GOV_SPIES_OFFENSIVESPYTIME',			'MODIFIER_PLAYER_UNITS_ADJUST_SPY_OFFENSIVE_OPERATION_TIME',			Null),
	('GOV_SPIES_SPYPRODUCTION',				'MODIFIER_PLAYER_UNITS_ADJUST_UNIT_PRODUCTION',							Null);
insert or replace into ModifierArguments
	(ModifierId,							Name,				Value)
values
--中书省
	-- ('GOV_CITYSTATES_EXTRA_GOVERNOR_POINT',	'Delta',			1),
	('GOV_CITYSTATES_CITY_YIELD',			'YieldType',		'YIELD_FOOD, YIELD_PRODUCTION, YIELD_GOLD'),
	('GOV_CITYSTATES_CITY_YIELD',			'Amount',			'4, 4, 4'),
	('GOV_CITYSTATES_CITY_YIELD_G',			'YieldType',		'YIELD_FOOD, YIELD_PRODUCTION, YIELD_GOLD'),
	('GOV_CITYSTATES_CITY_YIELD_G',			'Amount',			'8, 8, 8'),
	--('GOV_CITYSTATES_CITY_LOSE',			'YieldType',		'YIELD_FOOD, YIELD_PRODUCTION, YIELD_GOLD'),
	--('GOV_CITYSTATES_CITY_LOSE',			'Amount',			'-4, -4, -4'),
	--('GOV_CITYSTATES_CITY_LOSE_G',			'YieldType',		'YIELD_FOOD, YIELD_PRODUCTION, YIELD_GOLD'),
	--('GOV_CITYSTATES_CITY_LOSE_G',			'Amount',			'-8, -8, -8'),
--情报局
	('GOV_SPIES_OFFENSIVESPYTIME',			'ReductionPercent',	25),
	('GOV_SPIES_SPYPRODUCTION',				'UnitType',			'UNIT_SPY'),
	('GOV_SPIES_SPYPRODUCTION',				'Amount',			50);

--主教座堂
--移除信仰加成
update Building_YieldChanges set YieldChange = 0 where BuildingType = 'BUILDING_GOV_FAITH';
--宗教单位加力前置
-- insert or replace into Types
-- 	(Type,											Kind)
-- values
-- 	('ABILITY_GOV_FAITH_COMBAT_STRENGTH',			'KIND_ABILITY');
-- insert or replace into TypeTags
-- 	(Type,											Tag)
-- values
-- 	('ABILITY_GOV_FAITH_COMBAT_STRENGTH',			'CLASS_RELIGIOUS_ALL');
-- insert or replace into UnitAbilities (UnitAbilityType, Name, Description, Inactive) values
-- 	('ABILITY_GOV_FAITH_COMBAT_STRENGTH',
-- 	'LOC_ABILITY_GOV_FAITH_COMBAT_STRENGTH_NAME',
-- 	'LOC_ABILITY_GOV_FAITH_COMBAT_STRENGTH_DESCRIPTION',
-- 	1);
-- insert or replace into UnitAbilityModifiers
-- 	(UnitAbilityType,								ModifierId)
-- 	values
-- 	('ABILITY_GOV_FAITH_COMBAT_STRENGTH',			'ABILITY_GOV_FAITH_COMBAT_STRENGTH_MODIFIER');
-- insert or replace into Modifiers
-- 	(ModifierId,									ModifierType)
-- values
-- 	('ABILITY_GOV_FAITH_COMBAT_STRENGTH_MODIFIER',	'MODIFIER_UNIT_ADJUST_COMBAT_STRENGTH');

insert or replace into BuildingModifiers
	(BuildingType,									ModifierId)
values
--鸽转瓶琴
	('BUILDING_GOV_FAITH',							'GOV_FAITH_INTO_SCIENCE'),
	('BUILDING_GOV_FAITH',							'GOV_FAITH_INTO_CULTURE'),
--宗教单位折扣
	('BUILDING_GOV_FAITH',							'GOV_FAITH_MISSIONARY_DISCOUNT'),
	('BUILDING_GOV_FAITH',							'GOV_FAITH_APOSTLE_DISCOUNT'),
	('BUILDING_GOV_FAITH',							'GOV_FAITH_INQUISITOR_DISCOUNT'),
--宗教单位加力
	('BUILDING_GOV_FAITH',							'GOV_FAITH_COMBAT_BUFF'),
--建成建筑返还信仰
	('BUILDING_GOV_FAITH',							'GOV_FAITH_FINISH_BUILDINGS');

insert or replace into Modifiers
	(ModifierId,									ModifierType)
values
--鸽转瓶琴
	('GOV_FAITH_INTO_SCIENCE',						'MODIFIER_PLAYER_CITIES_ADJUST_YIELD_MODIFIER_FROM_FAITH'),
	('GOV_FAITH_INTO_CULTURE',						'MODIFIER_PLAYER_CITIES_ADJUST_YIELD_MODIFIER_FROM_FAITH'),
--宗教单位折扣
	('GOV_FAITH_MISSIONARY_DISCOUNT',				'MODIFIER_PLAYER_CITIES_ADJUST_UNIT_PURCHASE_COST'),
	('GOV_FAITH_APOSTLE_DISCOUNT',					'MODIFIER_PLAYER_CITIES_ADJUST_UNIT_PURCHASE_COST'),
	('GOV_FAITH_INQUISITOR_DISCOUNT',				'MODIFIER_PLAYER_CITIES_ADJUST_UNIT_PURCHASE_COST'),
--宗教单位加力
	('GOV_FAITH_COMBAT_BUFF',						'MODIFIER_PLAYER_UNITS_GRANT_ABILITY'),
--建成建筑返还信仰
	('GOV_FAITH_FINISH_BUILDINGS',					'MODIFIER_PLAYER_CITIES_GRANT_YIELD_PER_BUILDING_COST');

insert or replace into ModifierArguments
	(ModifierId,									Name,							Value)
values
--鸽转瓶琴
	('GOV_FAITH_INTO_SCIENCE',						'YieldType',					'YIELD_SCIENCE'),
	('GOV_FAITH_INTO_SCIENCE',						'Amount',						10),
	('GOV_FAITH_INTO_CULTURE',						'YieldType',					'YIELD_CULTURE'),
	('GOV_FAITH_INTO_CULTURE',						'Amount',						10),
--宗教单位折扣
	('GOV_FAITH_MISSIONARY_DISCOUNT',				'UnitType',						'UNIT_MISSIONARY'),
	('GOV_FAITH_MISSIONARY_DISCOUNT',				'Amount',						20),
	('GOV_FAITH_APOSTLE_DISCOUNT',					'UnitType',						'UNIT_APOSTLE'),
	('GOV_FAITH_APOSTLE_DISCOUNT',					'Amount',						20),
	('GOV_FAITH_INQUISITOR_DISCOUNT',				'UnitType',						'UNIT_INQUISITOR'),
	('GOV_FAITH_INQUISITOR_DISCOUNT',				'Amount',						20),
--宗教单位加力
	('GOV_FAITH_COMBAT_BUFF',						'AbilityType',					'ABILITY_GOV_FAITH_COMBAT_STRENGTH'),
	-- ('ABILITY_GOV_FAITH_COMBAT_STRENGTH_MODIFIER',	'Amount',						5),
--建成建筑返还信仰
	('GOV_FAITH_FINISH_BUILDINGS',					'YieldType',					'YIELD_FAITH'),
	('GOV_FAITH_FINISH_BUILDINGS',					'BuildingProductionPercent',	30),
	('GOV_FAITH_FINISH_BUILDINGS',					'IncludeWonder',				0);
-- insert or replace into ModifierStrings
-- 	(ModifierId,										Context,	Text)
-- values
-- 	('ABILITY_GOV_FAITH_COMBAT_STRENGTH_MODIFIER',		'Preview',	'+{1_Amount} {LOC_ABILITY_GOV_FAITH_COMBAT_STRENGTH_MODIFIER_PREVIEW_TEXT}');

--三级政体建筑
--删除原效果
--皇家学会
delete from BuildingModifiers where ModifierId = 'GOV_PROJECT_ABILITY';
--作战部
delete from BuildingModifiers where ModifierId = 'GOV_HEAL_AFTER_DEFEATING_UNIT';

--新增效果
insert or replace into BuildingModifiers
	(BuildingType,									ModifierId)
values
--皇家学会
--学院建筑产能
	('BUILDING_GOV_SCIENCE',						'GOV_SCIENCE_LIBRARY_PRODUCTION'),
	('BUILDING_GOV_SCIENCE',						'GOV_SCIENCE_UNIVERSITY_PRODUCTION'),
	-- ('BUILDING_GOV_SCIENCE',						'GOV_SCIENCE_ALCHEMICAL_SOCIETY_PRODUCTION'),
	-- ('BUILDING_GOV_SCIENCE',						'GOV_SCIENCE_MADRASA_PRODUCTION'),
	-- ('BUILDING_GOV_SCIENCE',						'GOV_SCIENCE_NAVIGATION_SCHOOL_PRODUCTION'),
	('BUILDING_GOV_SCIENCE',						'GOV_SCIENCE_RESEARCH_LAB_PRODUCTION'),
--工业区建筑科技
	('BUILDING_GOV_SCIENCE',						'GOV_SCIENCE_WORKSHOP_SCIENCE'),
	('BUILDING_GOV_SCIENCE',						'GOV_SCIENCE_FACTORY_SCIENCE'),
	-- ('BUILDING_GOV_SCIENCE',						'GOV_SCIENCE_ELECTRONICS_FACTORY_SCIENCE'),
	('BUILDING_GOV_SCIENCE',						'GOV_SCIENCE_FOSSIL_FUEL_POWER_PLANT_SCIENCE'),
	('BUILDING_GOV_SCIENCE',						'GOV_SCIENCE_NUCLEAR_POWER_PLANT_SCIENCE');

insert or replace into Modifiers
	(ModifierId,									ModifierType)
values
--皇家学会
--学院建筑产能
	('GOV_SCIENCE_LIBRARY_PRODUCTION',				'MODIFIER_PLAYER_CITIES_ADJUST_BUILDING_YIELD_CHANGE'),
	('GOV_SCIENCE_UNIVERSITY_PRODUCTION',			'MODIFIER_PLAYER_CITIES_ADJUST_BUILDING_YIELD_CHANGE'),
	-- ('GOV_SCIENCE_ALCHEMICAL_SOCIETY_PRODUCTION',	'MODIFIER_PLAYER_CITIES_ADJUST_BUILDING_YIELD_CHANGE'),
	-- ('GOV_SCIENCE_MADRASA_PRODUCTION',				'MODIFIER_PLAYER_CITIES_ADJUST_BUILDING_YIELD_CHANGE'),
	-- ('GOV_SCIENCE_NAVIGATION_SCHOOL_PRODUCTION',	'MODIFIER_PLAYER_CITIES_ADJUST_BUILDING_YIELD_CHANGE'),
	('GOV_SCIENCE_RESEARCH_LAB_PRODUCTION',			'MODIFIER_PLAYER_CITIES_ADJUST_BUILDING_YIELD_CHANGE'),
--工业区建筑科技
	('GOV_SCIENCE_WORKSHOP_SCIENCE',				'MODIFIER_PLAYER_CITIES_ADJUST_BUILDING_YIELD_CHANGE'),
	('GOV_SCIENCE_FACTORY_SCIENCE',					'MODIFIER_PLAYER_CITIES_ADJUST_BUILDING_YIELD_CHANGE'),
	-- ('GOV_SCIENCE_ELECTRONICS_FACTORY_SCIENCE',		'MODIFIER_PLAYER_CITIES_ADJUST_BUILDING_YIELD_CHANGE'),
	('GOV_SCIENCE_COAL_POWER_PLANT_SCIENCE',		'MODIFIER_PLAYER_CITIES_ADJUST_BUILDING_YIELD_CHANGE'),
	('GOV_SCIENCE_FOSSIL_FUEL_POWER_PLANT_SCIENCE',	'MODIFIER_PLAYER_CITIES_ADJUST_BUILDING_YIELD_CHANGE'),
	('GOV_SCIENCE_NUCLEAR_POWER_PLANT_SCIENCE',		'MODIFIER_PLAYER_CITIES_ADJUST_BUILDING_YIELD_CHANGE');

insert or replace into ModifierArguments
	(ModifierId,									Name,				Value)
values
--皇家学会
--学院建筑产能
	('GOV_SCIENCE_LIBRARY_PRODUCTION',				'BuildingType',		'BUILDING_LIBRARY'),
	('GOV_SCIENCE_LIBRARY_PRODUCTION',				'YieldType',		'YIELD_PRODUCTION'),
	('GOV_SCIENCE_LIBRARY_PRODUCTION',				'Amount',			2),
	('GOV_SCIENCE_UNIVERSITY_PRODUCTION',			'BuildingType',		'BUILDING_UNIVERSITY'),
	('GOV_SCIENCE_UNIVERSITY_PRODUCTION',			'YieldType',		'YIELD_PRODUCTION'),
	('GOV_SCIENCE_UNIVERSITY_PRODUCTION',			'Amount',			4),
	-- ('GOV_SCIENCE_ALCHEMICAL_SOCIETY_PRODUCTION',	'BuildingType',		'BUILDING_ALCHEMICAL_SOCIETY'),
	-- ('GOV_SCIENCE_ALCHEMICAL_SOCIETY_PRODUCTION',	'YieldType',		'YIELD_PRODUCTION'),
	-- ('GOV_SCIENCE_ALCHEMICAL_SOCIETY_PRODUCTION',	'Amount',			4),
	-- ('GOV_SCIENCE_MADRASA_PRODUCTION',				'BuildingType',		'BUILDING_MADRASA'),
	-- ('GOV_SCIENCE_MADRASA_PRODUCTION',				'YieldType',		'YIELD_PRODUCTION'),
	-- ('GOV_SCIENCE_MADRASA_PRODUCTION',				'Amount',			5),
	-- ('GOV_SCIENCE_NAVIGATION_SCHOOL_PRODUCTION',	'BuildingType',		'BUILDING_NAVIGATION_SCHOOL'),
	-- ('GOV_SCIENCE_NAVIGATION_SCHOOL_PRODUCTION',	'YieldType',		'YIELD_PRODUCTION'),
	-- ('GOV_SCIENCE_NAVIGATION_SCHOOL_PRODUCTION',	'Amount',			4),
	('GOV_SCIENCE_RESEARCH_LAB_PRODUCTION',			'BuildingType',		'BUILDING_RESEARCH_LAB'),
	('GOV_SCIENCE_RESEARCH_LAB_PRODUCTION',			'YieldType',		'YIELD_PRODUCTION'),
	('GOV_SCIENCE_RESEARCH_LAB_PRODUCTION',			'Amount',			8),
--工业区建筑科技
	('GOV_SCIENCE_WORKSHOP_SCIENCE',				'BuildingType',		'BUILDING_WORKSHOP'),
	('GOV_SCIENCE_WORKSHOP_SCIENCE',				'YieldType',		'YIELD_SCIENCE'),
	('GOV_SCIENCE_WORKSHOP_SCIENCE',				'Amount',			5),
	('GOV_SCIENCE_FACTORY_SCIENCE',					'BuildingType',		'BUILDING_FACTORY'),
	('GOV_SCIENCE_FACTORY_SCIENCE',					'YieldType',		'YIELD_SCIENCE'),
	('GOV_SCIENCE_FACTORY_SCIENCE',					'Amount',			6),
	-- ('GOV_SCIENCE_ELECTRONICS_FACTORY_SCIENCE',		'BuildingType',		'BUILDING_ELECTRONICS_FACTORY'),
	-- ('GOV_SCIENCE_ELECTRONICS_FACTORY_SCIENCE',		'YieldType',		'YIELD_SCIENCE'),
	-- ('GOV_SCIENCE_ELECTRONICS_FACTORY_SCIENCE',		'Amount',			8),
	('GOV_SCIENCE_FOSSIL_FUEL_POWER_PLANT_SCIENCE',	'BuildingType',		'BUILDING_FOSSIL_FUEL_POWER_PLANT'),
	('GOV_SCIENCE_FOSSIL_FUEL_POWER_PLANT_SCIENCE',	'YieldType',		'YIELD_SCIENCE'),
	('GOV_SCIENCE_FOSSIL_FUEL_POWER_PLANT_SCIENCE',	'Amount',			3),
	('GOV_SCIENCE_NUCLEAR_POWER_PLANT_SCIENCE',		'BuildingType',		'BUILDING_POWER_PLANT'),
	('GOV_SCIENCE_NUCLEAR_POWER_PLANT_SCIENCE',		'YieldType',		'YIELD_SCIENCE'),
	('GOV_SCIENCE_NUCLEAR_POWER_PLANT_SCIENCE',		'Amount',			4);

--作战部
--新增效果
-- insert or replace into Types
-- 	(Type,												Kind)
-- values
-- 	('ABILITY_GOV_MILITARY_MOVEMENT',					'KIND_ABILITY'),
-- 	('ABILITY_GOV_MILITARY_COMBAT_STRENGTH',			'KIND_ABILITY');
-- insert or replace into TypeTags
-- 	(Type,												Tag)
-- values
-- 	('ABILITY_GOV_MILITARY_MOVEMENT',					'CLASS_RECON'),
-- 	('ABILITY_GOV_MILITARY_MOVEMENT',					'CLASS_MELEE'),
-- 	('ABILITY_GOV_MILITARY_MOVEMENT',					'CLASS_RANGED'),
-- 	('ABILITY_GOV_MILITARY_MOVEMENT',					'CLASS_SIEGE'),
-- 	('ABILITY_GOV_MILITARY_MOVEMENT',					'CLASS_HEAVY_CAVALRY'),
-- 	('ABILITY_GOV_MILITARY_MOVEMENT',					'CLASS_LIGHT_CAVALRY'),
-- 	('ABILITY_GOV_MILITARY_MOVEMENT',					'CLASS_RANGED_CAVALRY'),
-- 	('ABILITY_GOV_MILITARY_MOVEMENT',					'CLASS_ANTI_CAVALRY'),
-- 	('ABILITY_GOV_MILITARY_MOVEMENT',					'CLASS_HEAVY_CHARIOT'),
-- 	('ABILITY_GOV_MILITARY_MOVEMENT',					'CLASS_LIGHT_CHARIOT'),
-- 	('ABILITY_GOV_MILITARY_MOVEMENT',					'CLASS_NAVAL_MELEE'),
-- 	('ABILITY_GOV_MILITARY_MOVEMENT',					'CLASS_NAVAL_RANGED'),
-- 	('ABILITY_GOV_MILITARY_MOVEMENT',					'CLASS_NAVAL_RAIDER'),
-- 	('ABILITY_GOV_MILITARY_MOVEMENT',					'CLASS_AIRCRAFT'),
-- 	('ABILITY_GOV_MILITARY_COMBAT_STRENGTH',			'CLASS_RECON'),
-- 	('ABILITY_GOV_MILITARY_COMBAT_STRENGTH',			'CLASS_MELEE'),
-- 	('ABILITY_GOV_MILITARY_COMBAT_STRENGTH',			'CLASS_RANGED'),
-- 	('ABILITY_GOV_MILITARY_COMBAT_STRENGTH',			'CLASS_SIEGE'),
-- 	('ABILITY_GOV_MILITARY_COMBAT_STRENGTH',			'CLASS_HEAVY_CAVALRY'),
-- 	('ABILITY_GOV_MILITARY_COMBAT_STRENGTH',			'CLASS_LIGHT_CAVALRY'),
-- 	('ABILITY_GOV_MILITARY_COMBAT_STRENGTH',			'CLASS_RANGED_CAVALRY'),
-- 	('ABILITY_GOV_MILITARY_COMBAT_STRENGTH',			'CLASS_ANTI_CAVALRY'),
-- 	('ABILITY_GOV_MILITARY_COMBAT_STRENGTH',			'CLASS_HEAVY_CHARIOT'),
-- 	('ABILITY_GOV_MILITARY_COMBAT_STRENGTH',			'CLASS_LIGHT_CHARIOT'),
-- 	('ABILITY_GOV_MILITARY_COMBAT_STRENGTH',			'CLASS_NAVAL_MELEE'),
-- 	('ABILITY_GOV_MILITARY_COMBAT_STRENGTH',			'CLASS_NAVAL_RANGED'),
-- 	('ABILITY_GOV_MILITARY_COMBAT_STRENGTH',			'CLASS_NAVAL_RAIDER'),
-- 	('ABILITY_GOV_MILITARY_COMBAT_STRENGTH',			'CLASS_AIRCRAFT');
-- insert or replace into UnitAbilities (UnitAbilityType, Name, Description, Inactive) values
-- 	('ABILITY_GOV_MILITARY_MOVEMENT',
-- 	'LOC_ABILITY_GOV_MILITARY_MOVEMENT_NAME',
-- 	'LOC_ABILITY_GOV_MILITARY_MOVEMENT_DESCRIPTION',
-- 	1),
-- 	('ABILITY_GOV_MILITARY_COMBAT_STRENGTH',
-- 	'LOC_ABILITY_GOV_MILITARY_COMBAT_STRENGTH_NAME',
-- 	'LOC_ABILITY_GOV_MILITARY_COMBAT_STRENGTH_DESCRIPTION',
-- 	1);
-- insert or replace into UnitAbilityModifiers
-- 	(UnitAbilityType,									ModifierId)
-- values
-- 	('ABILITY_GOV_MILITARY_MOVEMENT',					'ABILITY_GOV_MILITARY_MOVEMENT_MODIFIER'),
-- 	('ABILITY_GOV_MILITARY_COMBAT_STRENGTH',			'ABILITY_GOV_MILITARY_COMBAT_STRENGTH_MODIFIER');
-- insert or replace into Modifiers
-- 	(ModifierId,										ModifierType)
-- values
-- 	('ABILITY_GOV_MILITARY_MOVEMENT_MODIFIER',			'MODIFIER_PLAYER_UNIT_ADJUST_MOVEMENT'),
-- 	('ABILITY_GOV_MILITARY_COMBAT_STRENGTH_MODIFIER',	'MODIFIER_UNIT_ADJUST_COMBAT_STRENGTH');

-- insert or replace into ModifierStrings
-- 	(ModifierId,										Context,	Text)
-- values
-- 	('ABILITY_GOV_MILITARY_COMBAT_STRENGTH_MODIFIER',	'Preview',	'+{1_Amount} {LOC_ABILITY_GOV_MILITARY_COMBAT_STRENGTH_MODIFIER_PREVIEW_TEXT}'),
-- 	('ABILITY_GOV_MILITARY_MOVEMENT_MODIFIER',			'Preview',	'+{1_Amount} {LOC_ABILITY_GOV_MILITARY_MOVEMENT_MODIFIER_PREVIEW_TEXT}');


insert or replace into BuildingModifiers
	(BuildingType,										ModifierId)
values
--军事单位加移速
	('BUILDING_GOV_MILITARY',							'GOV_MILITARY_MOVEMENT'),
--军事单位加力
	('BUILDING_GOV_MILITARY',							'GOV_MILITARY_COMBAT_STRENTH'),
--军事升级消耗减少
	('BUILDING_GOV_MILITARY',							'GOV_MILITARY_GOLD_DISCOUNT'),
	('BUILDING_GOV_MILITARY',							'GOV_MILITARY_RESOURCE_DISCOUNT'),
--军事单位减维护费
	('BUILDING_GOV_MILITARY',							'GOV_MILITARY_MOBILISATION');

insert or replace into Modifiers	
	(ModifierId,										ModifierType)
values
--军事单位加移速
	('GOV_MILITARY_MOVEMENT',							'MODIFIER_PLAYER_UNITS_GRANT_ABILITY'),
--军事单位加力
	('GOV_MILITARY_COMBAT_STRENTH',						'MODIFIER_PLAYER_UNITS_GRANT_ABILITY'),
--军事升级消耗减少
	('GOV_MILITARY_GOLD_DISCOUNT',						'MODIFIER_PLAYER_ADJUST_UNIT_UPGRADE_DISCOUNT_PERCENT'),
	('GOV_MILITARY_RESOURCE_DISCOUNT',					'MODIFIER_PLAYER_ADJUST_UNIT_UPGRADE_RESOURCE_COST_MODIFIER'),
--军事单位减维护费
	('GOV_MILITARY_MOBILISATION',						'MODIFIER_PLAYER_ADJUST_UNIT_MAINTENANCE_DISCOUNT');

insert or replace into ModifierArguments
	(ModifierId,										Name,				Value)
values
--军事单位加移速
	('GOV_MILITARY_MOVEMENT',							'AbilityType',		'ABILITY_GOV_MILITARY_MOVEMENT'),
	('ABILITY_GOV_MILITARY_MOVEMENT_MODIFIER',			'Amount',			1),
--军事单位加力
	('GOV_MILITARY_COMBAT_STRENTH',						'AbilityType',		'ABILITY_GOV_MILITARY_COMBAT_STRENGTH'),
	('ABILITY_GOV_MILITARY_COMBAT_STRENGTH_MODIFIER',	'Amount',			3),
--军事升级消耗减少
	('GOV_MILITARY_GOLD_DISCOUNT',						'Amount',			25),
	('GOV_MILITARY_RESOURCE_DISCOUNT',					'Amount',			25),
--军事单位减维护费
	('GOV_MILITARY_MOBILISATION',						'Amount',			2);

--shipyard and seaport
delete from BuildingModifiers where ModifierId = 'SHIPYARD_UNIMPROVED_COAST_PRODUCTION';

insert or replace into BuildingModifiers
	(BuildingType,							ModifierId)
values
	('BUILDING_SHIPYARD',				'SHIPYARD_ALL_COAST_PRODUCTION');

insert or replace into Modifiers	
	(ModifierId,					ModifierType,									SubjectRequirementSetId)
values
	('SHIPYARD_ALL_COAST_PRODUCTION','MODIFIER_CITY_PLOT_YIELDS_ADJUST_PLOT_YIELD','PLOT_HAS_COAST_REQUIREMENTS');

insert or replace into ModifierArguments
	(ModifierId,							Name,				Value)
values
	('SHIPYARD_ALL_COAST_PRODUCTION',	'YieldType','YIELD_PRODUCTION'),
	('SHIPYARD_ALL_COAST_PRODUCTION',	'Amount',	1);

insert or replace into Building_YieldDistrictCopies
	(BuildingType,OldYieldType,NewYieldType)
values
	('BUILDING_SEAPORT','YIELD_GOLD','YIELD_FOOD');

update Building_YieldChanges set YieldChange = 10 where BuildingType = 'BUILDING_SEAPORT' and YieldType = 'YIELD_GOLD';
delete from Building_YieldChanges where BuildingType = 'BUILDING_SEAPORT' and YieldType = 'YIELD_FOOD';

----------------------------------------------------------------------------------------------------------------------
-- nianshi
-- new Buildings
insert or replace into Types
	(Type,										Kind)
values
	-- Buildings
	('BUILDING_NILOMETER_HD',					'KIND_BUILDING'),
	('BUILDING_TRIUMPHAL_ARCH',					'KIND_BUILDING'),
	('BUILDING_KAREZ',							'KIND_BUILDING'),
	('BUILDING_OFFICIAL_RUN_HANDCRAFT',			'KIND_BUILDING'),
	('BUILDING_BOOTCAMP',						'KIND_BUILDING'),
	('BUILDING_FAIR',							'KIND_BUILDING'),
	('BUILDING_TOTEMS',							'KIND_BUILDING');

insert or replace into Buildings 
	(BuildingType, 						Name, 										Cost, 		Description,										
		PrereqTech,						PrereqCivic,								PrereqDistrict,			PurchaseYield) 
values
	('BUILDING_NILOMETER_HD',			'LOC_BUILDING_NILOMETER_HD_NAME', 			75,			'LOC_BUILDING_NILOMETER_HD_DESCRIPTION',				
	'TECH_IRRIGATION',					null,										'DISTRICT_CITY_CENTER',	'YIELD_GOLD'),
	('BUILDING_TRIUMPHAL_ARCH',			'LOC_BUILDING_TRIUMPHAL_ARCH_NAME', 		75,			'LOC_BUILDING_TRIUMPHAL_ARCH_DESCRIPTION',			
	null,								'CIVIC_EARLY_EMPIRE',						'DISTRICT_CITY_CENTER',	'YIELD_GOLD'),
	('BUILDING_KAREZ',					'LOC_BUILDING_KAREZ_NAME',					65,			'LOC_BUILDING_KAREZ_DESCRIPTION',	
	'TECH_POTTERY',						null,										'DISTRICT_CITY_CENTER',	'YIELD_GOLD'),
	('BUILDING_OFFICIAL_RUN_HANDCRAFT',	'LOC_BUILDING_OFFICIAL_RUN_HANDCRAFT_NAME', 65,			'LOC_BUILDING_OFFICIAL_RUN_HANDCRAFT_DESCRIPTION',	
	'TECH_MINING',						null,										'DISTRICT_CITY_CENTER',	'YIELD_GOLD'),
	('BUILDING_BOOTCAMP',				'LOC_BUILDING_BOOTCAMP_NAME',				65,			'LOC_BUILDING_BOOTCAMP_DESCRIPTION',	
	'TECH_ANIMAL_HUSBANDRY',			null,										'DISTRICT_CITY_CENTER',	'YIELD_GOLD'),
	('BUILDING_FAIR',					'LOC_BUILDING_FAIR_NAME', 					55,			'LOC_BUILDING_FAIR_DESCRIPTION',										
	'TECH_ANIMAL_HUSBANDRY',			null,										'DISTRICT_CITY_CENTER',	'YIELD_GOLD'),
	('BUILDING_TOTEMS',					'LOC_BUILDING_TOTEMS_NAME', 				55,			'LOC_BUILDING_TOTEMS_DESCRIPTION',		
	null,								null,										'DISTRICT_CITY_CENTER',	'YIELD_GOLD');

insert or replace into Building_GreatPersonPoints
	(BuildingType,		GreatPersonClassType,			PointsPerTurn)
values
	('BUILDING_TOTEMS',	'GREAT_PERSON_CLASS_PROPHET',	1);

insert or replace into Building_YieldChanges 
	(BuildingType,													YieldType,					YieldChange)
values 
	('BUILDING_NILOMETER_HD',										'YIELD_SCIENCE',			2),
	('BUILDING_TRIUMPHAL_ARCH',										'YIELD_CULTURE',			2),
	('BUILDING_KAREZ',												'YIELD_FOOD',				2),
	('BUILDING_OFFICIAL_RUN_HANDCRAFT',								'YIELD_PRODUCTION',			2),
	('BUILDING_BOOTCAMP',											'YIELD_PRODUCTION',			2),
	('BUILDING_FAIR',												'YIELD_GOLD',				4),
	('BUILDING_TOTEMS',												'YIELD_FAITH',				2);

insert or replace into BuildingModifiers 
 	(BuildingType,													ModifierId)
values 
 	('BUILDING_NILOMETER_HD',										'NILOMETER_SCIENCE'),
 	('BUILDING_TRIUMPHAL_ARCH',										'TRIUMPHAL_ARCH_CULTURE'),
 	('BUILDING_KAREZ',												'KAREZ_FOOD'),
 	('BUILDING_KAREZ',												'KAREZ_HOUSING'),
 	('BUILDING_OFFICIAL_RUN_HANDCRAFT',								'HANDCRAFT_BUILDING_PRODUCTION'),
 	('BUILDING_OFFICIAL_RUN_HANDCRAFT',								'HANDCRAFT_DISTRICT_PRODUCTION'),
 	('BUILDING_BOOTCAMP',											'BOOTCAMP_UNIT_PRODUCTION'),
 	('BUILDING_FAIR',												'FAIR_GOLD'),
 	('BUILDING_TOTEMS',												'TOTEMS_FAITH');

insert or replace into Modifiers
	(ModifierId,							ModifierType,											SubjectRequirementSetId)
values
	('NILOMETER_SCIENCE',					'MODIFIER_BUILDING_YIELD_CHANGE',						'PLOT_FLOODPLAINS_REQUIREMENTS'),
 	('TRIUMPHAL_ARCH_CULTURE',				'MODIFIER_BUILDING_YIELD_CHANGE',						'CITY_HAS_WONDER_REQUIREMENTS'),
 	('KAREZ_FOOD',							'MODIFIER_BUILDING_YIELD_CHANGE',						'KAREZ_REQUIREMENT'),
 	('KAREZ_HOUSING',						'MODIFIER_SINGLE_CITY_ADJUST_BUILDING_HOUSING',			'KAREZ_REQUIREMENT'),
 	('HANDCRAFT_BUILDING_PRODUCTION',		'MODIFIER_SINGLE_CITY_ADJUST_BUILDING_PRODUCTION_CHANGE', 'OFFICIAL_RUN_HANDCRAFT_REQUIREMENT'),
 	('HANDCRAFT_DISTRICT_PRODUCTION',		'MODIFIER_SINGLE_CITY_ADJUST_DISTRICT_PRODUCTION_CHANGE', 'OFFICIAL_RUN_HANDCRAFT_REQUIREMENT'),
 	('BOOTCAMP_UNIT_PRODUCTION',			'MODIFIER_SINGLE_CITY_ADJUST_UNIT_PRODUCTION_CHANGE',	'BOOTCAMP_REQUIREMENT'),
 	('FAIR_GOLD',							'MODIFIER_BUILDING_YIELD_CHANGE',						'PLOT_ADJACENT_TO_LUXURY_REQUIREMENTS'),
 	('TOTEMS_FAITH',						'MODIFIER_SINGLE_CITY_ADJUST_GREAT_PERSON_POINT',		'TOTEMS_ADJACENT_REQUIREMENT');

insert or replace into ModifierArguments
	(ModifierId,							Name,												Value)
values
	('NILOMETER_SCIENCE',					'BuildingType',										'BUILDING_NILOMETER_HD'),
	('NILOMETER_SCIENCE',					'YieldType',										'YIELD_SCIENCE'),
	('NILOMETER_SCIENCE',					'Amount',											2),
	('TRIUMPHAL_ARCH_CULTURE',				'BuildingType',										'BUILDING_TRIUMPHAL_ARCH'),
	('TRIUMPHAL_ARCH_CULTURE',				'YieldType',										'YIELD_CULTURE'),
	('TRIUMPHAL_ARCH_CULTURE',				'Amount',											2),
	('KAREZ_FOOD',							'BuildingType',										'BUILDING_KAREZ'),
	('KAREZ_FOOD',							'YieldType',										'YIELD_FOOD'),
	('KAREZ_FOOD',							'Amount',											2),
	('KAREZ_HOUSING',						'Amount',											1),
	('HANDCRAFT_BUILDING_PRODUCTION',		'Amount',											2),
	('HANDCRAFT_DISTRICT_PRODUCTION',		'Amount',											2),
	('BOOTCAMP_UNIT_PRODUCTION',			'Amount',											2),
	('FAIR_GOLD',							'BuildingType',										'BUILDING_FAIR'),
	('FAIR_GOLD',							'YieldType',										'YIELD_GOLD'),
	('FAIR_GOLD',							'Amount',											4),
	('TOTEMS_FAITH',						'GreatPersonClassType',								'GREAT_PERSON_CLASS_PROPHET'),
	('TOTEMS_FAITH',						'Amount',											1);

insert or replace into MutuallyExclusiveBuildings
	(Building,								MutuallyExclusiveBuilding)
values
	('BUILDING_NILOMETER_HD',				'BUILDING_TRIUMPHAL_ARCH'),
	('BUILDING_TRIUMPHAL_ARCH',				'BUILDING_NILOMETER_HD'),
	('BUILDING_KAREZ',						'BUILDING_OFFICIAL_RUN_HANDCRAFT'),
	('BUILDING_KAREZ',						'BUILDING_BOOTCAMP'),
	('BUILDING_OFFICIAL_RUN_HANDCRAFT',		'BUILDING_KAREZ'),
	('BUILDING_OFFICIAL_RUN_HANDCRAFT',		'BUILDING_BOOTCAMP'),
	('BUILDING_BOOTCAMP',					'BUILDING_KAREZ'),
	('BUILDING_BOOTCAMP',					'BUILDING_OFFICIAL_RUN_HANDCRAFT'),
	('BUILDING_FAIR',						'BUILDING_TOTEMS'),
	('BUILDING_TOTEMS',						'BUILDING_FAIR');

----------------------------------------------------------------------------------------------------------------------

-- GeneralServicesOffice 总务厅, cost 300, unlocked by civil sevices, all yields (except faith) by 1.
insert or replace into Types
	(Type,									Kind)
values
	-- Buildings
	('BUILDING_WALLS_EARLY',				'KIND_BUILDING'),
	('BUILDING_DUMMY_MAGNUS',				'KIND_BUILDING'),
	('BUILDING_DUMMY_NO_MAGNUS',			'KIND_BUILDING'),
	('BUILDING_GENERAL_SERVICE',			'KIND_BUILDING');

insert or replace into Buildings 
	(BuildingType, 						Name, 									Cost, 	Description,								InternalOnly,	OuterDefenseHitPoints) 
values
	('BUILDING_WALLS_EARLY', 			'LOC_BUILDING_WALLS_EARLY_NAME', 		1, 		'LOC_BUILDING_WALLS_EARLY_DESCRIPTION',		1,				50);

insert or replace into Buildings 
	(BuildingType, 						Name, 									Cost, 	Description,								InternalOnly) 
values
	('BUILDING_DUMMY_MAGNUS', 			'LOC_BUILDING_DUMMY_MAGNUS_NAME', 		1, 		'LOC_BUILDING_DUMMY_MAGNUS_DESCRIPTION',	1),
	('BUILDING_DUMMY_NO_MAGNUS', 		'LOC_BUILDING_DUMMY_NO_MAGNUS_NAME', 	1, 		'LOC_BUILDING_DUMMY_NO_MAGNUS_DESCRIPTION',	1);

insert or replace into Buildings 
	(BuildingType, 						Name, 									Cost, 	Description,										
	PrereqTech,				PrereqCivic,				PrereqDistrict) 
values
	('BUILDING_GENERAL_SERVICE', 		'LOC_BUILDING_GENERAL_SERVICE_NAME', 	300, 	'LOC_BUILDING_GENERAL_SERVICE_DESCRIPTION',				
	NULL,					'CIVIC_CIVIL_SERVICE',		'DISTRICT_CITY_CENTER');

insert or replace into Building_YieldChanges 
	(BuildingType,						YieldType,				YieldChange)
values
	('BUILDING_GENERAL_SERVICE',		'YIELD_FOOD',			1),
	('BUILDING_GENERAL_SERVICE',		'YIELD_PRODUCTION',		1),
	('BUILDING_GENERAL_SERVICE',		'YIELD_SCIENCE',		1),
	('BUILDING_GENERAL_SERVICE',		'YIELD_CULTURE',		1),
	('BUILDING_GENERAL_SERVICE',		'YIELD_GOLD',			1);

-- If Magnus with promotion general service officier located, cities within 9 tiles can receive regional yield (2 of all yields except faith).
insert or replace into BuildingPrereqs
	(Building,						PrereqBuilding)
values
	('BUILDING_GENERAL_SERVICE',	'BUILDING_DUMMY_MAGNUS');

insert or replace into BuildingModifiers 
 	(BuildingType,					ModifierId)
values 
 	('BUILDING_GENERAL_SERVICE',	'GENERAL_SERVICE_REGIONAL_FOOD'),
 	('BUILDING_GENERAL_SERVICE',	'GENERAL_SERVICE_REGIONAL_PRODUCTION'),
 	('BUILDING_GENERAL_SERVICE',	'GENERAL_SERVICE_REGIONAL_SCIENCE'),
 	('BUILDING_GENERAL_SERVICE',	'GENERAL_SERVICE_REGIONAL_CULTURE'),
 	('BUILDING_GENERAL_SERVICE',	'GENERAL_SERVICE_REGIONAL_GOLD');

insert or replace into Modifiers
	(ModifierId,							ModifierType,								SubjectRequirementSetId)
values
	('GENERAL_SERVICE_REGIONAL_FOOD',		'MODIFIER_PLAYER_CITIES_ATTACH_MODIFIER',	'CITY_HAS_MAGNUS_WITHIN_RANGE'),
	('GENERAL_SERVICE_REGIONAL_PRODUCTION',	'MODIFIER_PLAYER_CITIES_ATTACH_MODIFIER',	'CITY_HAS_MAGNUS_WITHIN_RANGE'),
	('GENERAL_SERVICE_REGIONAL_SCIENCE',	'MODIFIER_PLAYER_CITIES_ATTACH_MODIFIER',	'CITY_HAS_MAGNUS_WITHIN_RANGE'),
	('GENERAL_SERVICE_REGIONAL_CULTURE',	'MODIFIER_PLAYER_CITIES_ATTACH_MODIFIER',	'CITY_HAS_MAGNUS_WITHIN_RANGE'),
	('GENERAL_SERVICE_REGIONAL_GOLD',		'MODIFIER_PLAYER_CITIES_ATTACH_MODIFIER',	'CITY_HAS_MAGNUS_WITHIN_RANGE');

-- insert or replace into Modifiers
-- 	(ModifierId,													ModifierType,
-- 	OwnerRequirementSetId,											SubjectRequirementSetId)
-- values
-- 	('GENERAL_SERVICE_REGIONAL_FOOD',								'MODIFIER_PLAYER_CITIES_ATTACH_MODIFIER',
-- 	'CITY_HAS_GOVERNOR_PROMOTION_RESOURCE_MANAGER_INDUSTRIALIST',	'HAS_GENERAL_SERVICE_WITHIN_9_TILES'),
-- 	('GENERAL_SERVICE_REGIONAL_PRODUCTION',							'MODIFIER_PLAYER_CITIES_ATTACH_MODIFIER',
-- 	'CITY_HAS_GOVERNOR_PROMOTION_RESOURCE_MANAGER_INDUSTRIALIST',	'HAS_GENERAL_SERVICE_WITHIN_9_TILES'),
-- 	('GENERAL_SERVICE_REGIONAL_SCIENCE',							'MODIFIER_PLAYER_CITIES_ATTACH_MODIFIER',
-- 	'CITY_HAS_GOVERNOR_PROMOTION_RESOURCE_MANAGER_INDUSTRIALIST',	'HAS_GENERAL_SERVICE_WITHIN_9_TILES'),
-- 	('GENERAL_SERVICE_REGIONAL_CULTURE',							'MODIFIER_PLAYER_CITIES_ATTACH_MODIFIER',
-- 	'CITY_HAS_GOVERNOR_PROMOTION_RESOURCE_MANAGER_INDUSTRIALIST',	'HAS_GENERAL_SERVICE_WITHIN_9_TILES'),
-- 	('GENERAL_SERVICE_REGIONAL_GOLD',								'MODIFIER_PLAYER_CITIES_ATTACH_MODIFIER',
-- 	'CITY_HAS_GOVERNOR_PROMOTION_RESOURCE_MANAGER_INDUSTRIALIST',	'HAS_GENERAL_SERVICE_WITHIN_9_TILES');

insert or replace into Modifiers
	(ModifierId,										ModifierType,								SubjectStackLimit)
values
	('GENERAL_SERVICE_REGIONAL_FOOD_MODIFIER',			'MODIFIER_SINGLE_CITY_ADJUST_YIELD_CHANGE',	1),
	('GENERAL_SERVICE_REGIONAL_PRODUCTION_MODIFIER',	'MODIFIER_SINGLE_CITY_ADJUST_YIELD_CHANGE',	1),
	('GENERAL_SERVICE_REGIONAL_SCIENCE_MODIFIER',		'MODIFIER_SINGLE_CITY_ADJUST_YIELD_CHANGE',	1),
	('GENERAL_SERVICE_REGIONAL_CULTURE_MODIFIER',		'MODIFIER_SINGLE_CITY_ADJUST_YIELD_CHANGE',	1),
	('GENERAL_SERVICE_REGIONAL_GOLD_MODIFIER',			'MODIFIER_SINGLE_CITY_ADJUST_YIELD_CHANGE',	1);

insert or replace into ModifierArguments
	(ModifierId,										Name,			Value)
values
	('GENERAL_SERVICE_REGIONAL_FOOD',					'ModifierId',	'GENERAL_SERVICE_REGIONAL_FOOD_MODIFIER'),
	('GENERAL_SERVICE_REGIONAL_FOOD_MODIFIER',			'YieldType',	'YIELD_FOOD'),
	('GENERAL_SERVICE_REGIONAL_FOOD_MODIFIER',			'Amount',		3),
	('GENERAL_SERVICE_REGIONAL_PRODUCTION',				'ModifierId',	'GENERAL_SERVICE_REGIONAL_PRODUCTION_MODIFIER'),
	('GENERAL_SERVICE_REGIONAL_PRODUCTION_MODIFIER',	'YieldType',	'YIELD_PRODUCTION'),
	('GENERAL_SERVICE_REGIONAL_PRODUCTION_MODIFIER',	'Amount',		3),
	('GENERAL_SERVICE_REGIONAL_SCIENCE',				'ModifierId',	'GENERAL_SERVICE_REGIONAL_SCIENCE_MODIFIER'),
	('GENERAL_SERVICE_REGIONAL_SCIENCE_MODIFIER',		'YieldType',	'YIELD_SCIENCE'),
	('GENERAL_SERVICE_REGIONAL_SCIENCE_MODIFIER',		'Amount',		3),
	('GENERAL_SERVICE_REGIONAL_CULTURE',				'ModifierId',	'GENERAL_SERVICE_REGIONAL_CULTURE_MODIFIER'),
	('GENERAL_SERVICE_REGIONAL_CULTURE_MODIFIER',		'YieldType',	'YIELD_CULTURE'),
	('GENERAL_SERVICE_REGIONAL_CULTURE_MODIFIER',		'Amount',		3),
	('GENERAL_SERVICE_REGIONAL_GOLD',					'ModifierId',	'GENERAL_SERVICE_REGIONAL_GOLD_MODIFIER'),
	('GENERAL_SERVICE_REGIONAL_GOLD_MODIFIER',			'YieldType',	'YIELD_GOLD'),
	('GENERAL_SERVICE_REGIONAL_GOLD_MODIFIER',			'Amount',		3);

----------------------------------------------------------------------------------------------------------------------

-- Diplomacy Quarter Buildings
insert or replace into BuildingModifiers
	(BuildingType,							ModifierId)
values
	('BUILDING_CHANCERY',					'CHANCERY_ADD_VISIBILITY'),
	--('BUILDING_CONSULATE',					'MODIFIER_MAJOR_PLAYER_TRADE_ROUTE_BY_CITY_STATE_BONUS_TYPE_MODIFIER'),
	--('BUILDING_CONSULATE',					'CONSULATE_LEVY_DISCOUNT'),
	--('BUILDING_CONSULATE',					'CONSULATE_LEVY_UNITUPGRADEDISCOUNT'),
	('BUILDING_CONSULATE',					'DIPLOMATIC_QUARTER_GRANTS_SPY_CAPACITY'),
	('BUILDING_CONSULATE',					'DIPLOMATIC_QUARTER_DELEGATION_FAVOR'),
	('BUILDING_CONSULATE',					'DIPLOMATIC_QUARTER_EMBASSY_FAVOR');

insert or replace into Modifiers	
	(ModifierId,							ModifierType)
values
	('CHANCERY_ADD_VISIBILITY',				'MODIFIER_PLAYER_ADD_DIPLO_VISIBILITY'),
	('CONSULATE_LEVY_DISCOUNT',				'MODIFIER_PLAYER_ADJUST_LEVY_DISCOUNT_PERCENT'),
	('CONSULATE_LEVY_UNITUPGRADEDISCOUNT',	'MODIFIER_PLAYER_ADJUST_LEVIED_UNIT_UPGRADE_DISCOUNT_PERCENT');

insert or replace into ModifierArguments
	(ModifierId,							Name,				Value)
values
	('CHANCERY_ADD_VISIBILITY',				'Amount',			1),
	('CHANCERY_ADD_VISIBILITY',				'Source',			'SOURCE_CHANCERY'),
	('CHANCERY_ADD_VISIBILITY',				'SourceType',		'DIPLO_SOURCE_ALL_NAMES'),
	('CONSULATE_LEVY_DISCOUNT',				'Percent',			20),
	('CONSULATE_LEVY_UNITUPGRADEDISCOUNT',	'Amount',			20);

insert or replace into DiplomaticVisibilitySources
	(VisibilitySourceType,	Description,				ActionDescription,					GossipString,					PrereqTech)
values
	('SOURCE_CHANCERY',		'LOC_VIZSOURCE_CHANCERY',	'LOC_VIZSOURCE_ACTION_CHANCERY',	'LOC_GOSSIP_SOURCE_CHANCERY',	'TECH_MATHEMATICS');
