-- Removes
delete from Beliefs where BeliefType = 'BELIEF_HOLY_WATERS';
delete from Beliefs where BeliefType = 'BELIEF_GOD_OF_HEALING';
delete from Beliefs where BeliefType = 'BELIEF_INITIATION_RITES';
delete from Beliefs where BeliefType = 'BELIEF_RELIGIOUS_COLONIZATION';
delete from Beliefs where BeliefClassType = 'BELIEF_CLASS_FOLLOWER';
delete from Beliefs where BeliefClassType = 'BELIEF_CLASS_FOUNDER';
delete from BeliefModifiers where ModifierId = 'MONUMENT_TO_THE_GODS_ANCIENTCLASSICALWONDER';
update Beliefs set BeliefClassType = 'BELIEF_CLASS_FOUNDER' where BeliefType = 'BELIEF_JUST_WAR';
-- New beliefs
insert or replace into Types
	(Type,								Kind)
values
	-- Pantheon
	('BELIEF_THE_PEOPLE_OF_POLAR',		'KIND_BELIEF'),
	('BELIEF_GODDESS_OF_THE_DESERT',	'KIND_BELIEF'),
	('BELIEF_VOODOO',					'KIND_BELIEF'),
	('BELIEF_TENGRI',					'KIND_BELIEF'),
	('BELIEF_ONE_WITH_NATURE',			'KIND_BELIEF'),
	('BELIEF_ORAL_TRADITION',			'KIND_BELIEF'),
--	('BELIEF_MESSENGER_OF_THE_GODS',	'KIND_BELIEF'),
	('BELIEF_GODDESS_OF_THE_HARVEST',	'KIND_BELIEF'),
	('BELIEF_OCEAN_MOTHER',				'KIND_BELIEF'),
	('BELIEF_HD_DRUID',					'KIND_BELIEF'),
	('BELIEF_HD_MAZU_BELIEF',			'KIND_BELIEF'),
	('BELIEF_FISHING_TRADITION',		'KIND_BELIEF'),
	('BELIEF_HD_GOD_KING',				'KIND_BELIEF'),
	('BELIEF_HD_WOLF_GOD',				'KIND_BELIEF'),
--	('BELIEF_HD_SUN_GOD',				'KIND_BELIEF'),
--	('BELIEF_SPARTA_SPIRIT', 			'KIND_BELIEF'),
    ('BELIEF_TALE_OF_DWALVES',          'KIND_BELIEF'),
    ('BELIEF_MEGALITHIC_WORSHIP',       'KIND_BELIEF'),
	('BELIEF_ILLUMINATORS',				'KIND_BELIEF'),
--	('BELIEF_STARLIGHT_NAVIGATER',		'KIND_BELIEF'),
	-- Follower
	('BELIEF_RELIGIOUS_ART',			'KIND_BELIEF'),
	('BELIEF_PRACTICAL_APPLICATION',	'KIND_BELIEF'),
	('BELIEF_MESSIAH',					'KIND_BELIEF'),
	('BELIEF_ABBOT',					'KIND_BELIEF'),
	-- Founder
	('BELIEF_CHURCH_PROPERTY',			'KIND_BELIEF'),
	('BELIEF_CANONIZATION_OF_SAINTS',	'KIND_BELIEF'),
	('BELIEF_TO_THE_GLORY_OF_GOD',		'KIND_BELIEF'),
	-- Enhancer
	('BELIEF_CAPELLANI',				'KIND_BELIEF'),
	('BELIEF_SCHOLASTICISM',			'KIND_BELIEF'),
	('BELIEF_PIOUS_MERCHANTS',			'KIND_BELIEF'),
	('BELIEF_MILLENNIALISM',			'KIND_BELIEF');
insert or replace into Beliefs
	(BeliefType,						Name,										Description,											BeliefClassType)
values
	-- Pantheon
	('BELIEF_THE_PEOPLE_OF_POLAR',		'LOC_BELIEF_THE_PEOPLE_OF_POLAR_NAME',		'LOC_BELIEF_THE_PEOPLE_OF_POLAR_DL_DESCRIPTION',		'BELIEF_CLASS_PANTHEON'),
	('BELIEF_GODDESS_OF_THE_DESERT',	'LOC_BELIEF_GODDESS_OF_THE_DESERT_NAME',	'LOC_BELIEF_GODDESS_OF_THE_DESERT_DL_DESCRIPTION',		'BELIEF_CLASS_PANTHEON'),
	('BELIEF_VOODOO',					'LOC_BELIEF_VOODOO_NAME',					'LOC_BELIEF_VOODOO_DL_DESCRIPTION',						'BELIEF_CLASS_PANTHEON'),
	('BELIEF_TENGRI',					'LOC_BELIEF_TENGRI_NAME',					'LOC_BELIEF_TENGRI_DL_DESCRIPTION',						'BELIEF_CLASS_PANTHEON'),
	('BELIEF_ONE_WITH_NATURE',			'LOC_BELIEF_ONE_WITH_NATURE_NAME',			'LOC_BELIEF_ONE_WITH_NATURE_DL_DESCRIPTION',			'BELIEF_CLASS_PANTHEON'),
	('BELIEF_ORAL_TRADITION',			'LOC_BELIEF_ORAL_TRADITION_NAME',			'LOC_BELIEF_ORAL_TRADITION_DL_DESCRIPTION',				'BELIEF_CLASS_PANTHEON'),
--	('BELIEF_MESSENGER_OF_THE_GODS',	'LOC_BELIEF_MESSENGER_OF_THE_GODS_NAME',	'LOC_BELIEF_MESSENGER_OF_THE_GODS_DL_DESCRIPTION',		'BELIEF_CLASS_PANTHEON'),
	('BELIEF_GODDESS_OF_THE_HARVEST',	'LOC_BELIEF_GODDESS_OF_THE_HARVEST_NAME',	'LOC_BELIEF_GODDESS_OF_THE_HARVEST_DL_DESCRIPTION',		'BELIEF_CLASS_PANTHEON'),
	('BELIEF_OCEAN_MOTHER',				'LOC_BELIEF_OCEAN_MOTHER_NAME',				'LOC_BELIEF_OCEAN_MOTHER_DL_DESCRIPTION',				'BELIEF_CLASS_PANTHEON'),
	('BELIEF_HD_DRUID',					'LOC_BELIEF_HD_DRUID_NAME',					'LOC_BELIEF_HD_DRUID_DL_DESCRIPTION',					'BELIEF_CLASS_PANTHEON'),
	('BELIEF_HD_MAZU_BELIEF',			'LOC_BELIEF_HD_MAZU_BELIEF_NAME',			'LOC_BELIEF_HD_MAZU_BELIEF_DL_DESCRIPTION',				'BELIEF_CLASS_PANTHEON'),
    ('BELIEF_FISHING_TRADITION',        'LOC_BELIEF_FISHING_TRADITION_NAME',        'LOC_BELIEF_FISHING_TRADITION_DL_DESCRIPTION',          'BELIEF_CLASS_PANTHEON'),
	('BELIEF_HD_GOD_KING',				'LOC_BELIEF_HD_GOD_KING_NAME',				'LOC_BELIEF_HD_GOD_KING_DL_DESCRIPTION',				'BELIEF_CLASS_PANTHEON'),
	('BELIEF_HD_WOLF_GOD',				'LOC_BELIEF_HD_WOLF_GOD_NAME',				'LOC_BELIEF_HD_WOLF_GOD_DL_DESCRIPTION',				'BELIEF_CLASS_PANTHEON'),
--	('BELIEF_HD_SUN_GOD',				'LOC_BELIEF_HD_SUN_GOD_NAME',				'LOC_BELIEF_HD_SUN_GOD_DL_DESCRIPTION',					'BELIEF_CLASS_PANTHEON'),
--    ('BELIEF_SPARTA_SPIRIT', 			'LOC_BELIEF_SPARTA_SPIRIT_NAME',  			'LOC_BELIEF_SPARTA_SPIRIT_DESCRIPTION',  				'BELIEF_CLASS_PANTHEON'),
    ('BELIEF_TALE_OF_DWALVES',      	'LOC_BELIEF_TALE_OF_DWALVES_NAME',      	'LOC_BELIEF_TALE_OF_DWALVES_DESCRIPTION',       		'BELIEF_CLASS_PANTHEON'),
    ('BELIEF_MEGALITHIC_WORSHIP',   	'LOC_BELIEF_MEGALITHIC_WORSHIP_NAME',   	'LOC_BELIEF_MEGALITHIC_WORSHIP_DESCRIPTION',    		'BELIEF_CLASS_PANTHEON'),
    ('BELIEF_ILLUMINATORS',   			'LOC_BELIEF_ILLUMINATORS_NAME',   			'LOC_BELIEF_ILLUMINATORS_DESCRIPTION',    				'BELIEF_CLASS_PANTHEON'),
--    ('BELIEF_STARLIGHT_NAVIGATER',   	'LOC_BELIEF_STARLIGHT_NAVIGATER_NAME',   	'LOC_BELIEF_STARLIGHT_NAVIGATER_DESCRIPTION',    		'BELIEF_CLASS_PANTHEON'),
	-- Enhancer
	('BELIEF_INITIATION_RITES',			'LOC_BELIEF_INITIATION_RITES_NAME',			'LOC_BELIEF_INITIATION_RITES_DL_DESCRIPTION',			'BELIEF_CLASS_ENHANCER'),
	('BELIEF_CAPELLANI',				'LOC_BELIEF_CAPELLANI_NAME',				'LOC_BELIEF_CAPELLANI_DL_DESCRIPTION',					'BELIEF_CLASS_ENHANCER'),
	('BELIEF_SCHOLASTICISM',			'LOC_BELIEF_SCHOLASTICISM_NAME',			'LOC_BELIEF_SCHOLASTICISM_DL_DESCRIPTION',				'BELIEF_CLASS_ENHANCER'),
	('BELIEF_PIOUS_MERCHANTS',			'LOC_BELIEF_PIOUS_MERCHANTS_NAME',			'LOC_BELIEF_PIOUS_MERCHANTS_DL_DESCRIPTION',			'BELIEF_CLASS_ENHANCER'),
	('BELIEF_MILLENNIALISM',			'LOC_BELIEF_MILLENNIALISM_NAME',			'LOC_BELIEF_MILLENNIALISM_DL_DESCRIPTION',				'BELIEF_CLASS_ENHANCER'),
	('BELIEF_CANONIZATION_OF_SAINTS',	'LOC_BELIEF_CANONIZATION_OF_SAINTS_NAME',	'LOC_BELIEF_CANONIZATION_OF_SAINTS_DL_DESCRIPTION',		'BELIEF_CLASS_ENHANCER'),
	('BELIEF_MONASTIC_ISOLATION',		'LOC_BELIEF_MONASTIC_ISOLATION_NAME',		'LOC_BELIEF_MONASTIC_ISOLATION_DL_DESCRIPTION',			'BELIEF_CLASS_ENHANCER'),
	('BELIEF_PAPAL_PRIMACY',			'LOC_BELIEF_PAPAL_PRIMACY_NAME',			'LOC_BELIEF_PAPAL_PRIMACY_DL_DESCRIPTION',				'BELIEF_CLASS_ENHANCER'),
	-- Follower
	('BELIEF_FEED_THE_WORLD',			'LOC_BELIEF_FEED_THE_WORLD_NAME',			'LOC_BELIEF_FEED_THE_WORLD_DL_DESCRIPTION',				'BELIEF_CLASS_FOLLOWER'),
	('BELIEF_CHORAL_MUSIC',				'LOC_BELIEF_CHORAL_MUSIC_NAME',				'LOC_BELIEF_CHORAL_MUSIC_DL_DESCRIPTION',				'BELIEF_CLASS_FOLLOWER'),
	('BELIEF_WARRIOR_MONKS',			'LOC_BELIEF_WARRIOR_MONKS_NAME',			'LOC_BELIEF_WARRIOR_MONKS_EXPANSION2_DESCRIPTION',		'BELIEF_CLASS_FOLLOWER'),
	('BELIEF_DIVINE_INSPIRATION',		'LOC_BELIEF_DIVINE_INSPIRATION_NAME',		'LOC_BELIEF_DIVINE_INSPIRATION_DL_DESCRIPTION',			'BELIEF_CLASS_FOLLOWER'),
	('BELIEF_JESUIT_EDUCATION',			'LOC_BELIEF_JESUIT_EDUCATION_NAME',			'LOC_BELIEF_JESUIT_EDUCATION_DL_DESCRIPTION',			'BELIEF_CLASS_FOLLOWER'),
	('BELIEF_RELIQUARIES',				'LOC_BELIEF_RELIQUARIES_NAME',				'LOC_BELIEF_RELIQUARIES_DL_DESCRIPTION',				'BELIEF_CLASS_FOLLOWER'),
	('BELIEF_ZEN_MEDITATION',			'LOC_BELIEF_ZEN_MEDITATION_NAME',			'LOC_BELIEF_ZEN_MEDITATION_DL_DESCRIPTION',				'BELIEF_CLASS_FOLLOWER'),
	('BELIEF_RELIGIOUS_ART',			'LOC_BELIEF_RELIGIOUS_ART_NAME',			'LOC_BELIEF_RELIGIOUS_ART_DL_DESCRIPTION',				'BELIEF_CLASS_FOLLOWER'),
	('BELIEF_WORK_ETHIC',				'LOC_BELIEF_WORK_ETHIC_NAME',				'LOC_BELIEF_WORK_ETHIC_DL_DESCRIPTION',					'BELIEF_CLASS_FOLLOWER'),
	('BELIEF_PRACTICAL_APPLICATION',	'LOC_BELIEF_PRACTICAL_APPLICATION_NAME',	'LOC_BELIEF_PRACTICAL_APPLICATION_DL_DESCRIPTION',		'BELIEF_CLASS_FOLLOWER'),
	('BELIEF_RELIGIOUS_COLONIZATION',	'LOC_BELIEF_RELIGIOUS_COLONIZATION_NAME',	'LOC_BELIEF_RELIGIOUS_COLONIZATION_DL_DESCRIPTION',		'BELIEF_CLASS_FOLLOWER'),
	('BELIEF_MESSIAH',					'LOC_BELIEF_MESSIAH_NAME',					'LOC_BELIEF_MESSIAH_DL_DESCRIPTION',					'BELIEF_CLASS_FOLLOWER'),
	('BELIEF_ABBOT',					'LOC_BELIEF_ABBOT_NAME',					'LOC_BELIEF_ABBOT_DL_DESCRIPTION',						'BELIEF_CLASS_FOLLOWER'),
	('BELIEF_HOLY_WATERS',				'LOC_BELIEF_HOLY_WATERS_NAME',				'LOC_BELIEF_HOLY_WATERS_DL_DESCRIPTION',				'BELIEF_CLASS_FOLLOWER'),
	('BELIEF_RELIGIOUS_COMMUNITY',		'LOC_BELIEF_RELIGIOUS_COMMUNITY_NAME',		'LOC_BELIEF_RELIGIOUS_COMMUNITY_DL_DESCRIPTION',		'BELIEF_CLASS_FOLLOWER'),
	-- Founder
	('BELIEF_TITHE',					'LOC_BELIEF_TITHE_NAME',					'LOC_BELIEF_TITHE_DL_DESCRIPTION',						'BELIEF_CLASS_FOUNDER'),
	('BELIEF_RELIGIOUS_UNITY',			'LOC_BELIEF_RELIGIOUS_UNITY_NAME',			'LOC_BELIEF_RELIGIOUS_UNITY_DL_DESCRIPTION',			'BELIEF_CLASS_FOUNDER'),
	('BELIEF_WORLD_CHURCH',				'LOC_BELIEF_WORLD_CHURCH_NAME',				'LOC_BELIEF_WORLD_CHURCH_DL_DESCRIPTION',				'BELIEF_CLASS_FOUNDER'),
	('BELIEF_CROSS_CULTURAL_DIALOGUE',	'LOC_BELIEF_CROSS_CULTURAL_DIALOGUE_NAME',	'LOC_BELIEF_CROSS_CULTURAL_DIALOGUE_DL_DESCRIPTION',	'BELIEF_CLASS_FOUNDER'),
	('BELIEF_CHURCH_PROPERTY',			'LOC_BELIEF_CHURCH_PROPERTY_NAME',			'LOC_BELIEF_CHURCH_PROPERTY_DL_DESCRIPTION',			'BELIEF_CLASS_FOUNDER'),
	('BELIEF_PILGRIMAGE',				'LOC_BELIEF_PILGRIMAGE_NAME',				'LOC_BELIEF_PILGRIMAGE_DL_DESCRIPTION',					'BELIEF_CLASS_FOUNDER'),
	('BELIEF_LAY_MINISTRY',				'LOC_BELIEF_LAY_MINISTRY_NAME',				'LOC_BELIEF_LAY_MINISTRY_DL_DESCRIPTION',				'BELIEF_CLASS_FOUNDER'),
	('BELIEF_STEWARDSHIP',				'LOC_BELIEF_STEWARDSHIP_NAME',				'LOC_BELIEF_STEWARDSHIP_DL_DESCRIPTION',				'BELIEF_CLASS_FOUNDER'),
	('BELIEF_SACRED_PLACES',			'LOC_BELIEF_SACRED_PLACES_NAME',			'LOC_BELIEF_SACRED_PLACES_DL_DESCRIPTION',				'BELIEF_CLASS_FOUNDER'),
	('BELIEF_TO_THE_GLORY_OF_GOD',		'LOC_BELIEF_TO_THE_GLORY_OF_GOD_NAME',		'LOC_BELIEF_TO_THE_GLORY_OF_GOD_DL_DESCRIPTION',		'BELIEF_CLASS_FOUNDER');

-- GODDESS_OF_THE_HUNT
update Modifiers set SubjectRequirementSetId = 'PLOT_HAS_CAMP_AND_RESOURCE_REQUIREMENTS' where ModifierId = 'GODDESS_OF_THE_HUNT_CAMP_FOOD_MODIFIER';
update Modifiers set SubjectRequirementSetId = 'PLOT_HAS_CAMP_AND_RESOURCE_REQUIREMENTS' where ModifierId = 'GODDESS_OF_THE_HUNT_CAMP_PRODUCTION_MODIFIER';
update Beliefs set Description = 'LOC_BELIEF_GODDESS_OF_THE_HUNT_DL_DESCRIPTION' where BeliefType = 'BELIEF_GODDESS_OF_THE_HUNT';

-- Relogion Beliefs.


-- The Descriptions
update Beliefs set Description = 'LOC_BELIEF_DANCE_OF_THE_AURORA_DL_DESCRIPTION' where BeliefType = 'BELIEF_DANCE_OF_THE_AURORA';
update Beliefs set Description = 'LOC_BELIEF_DESERT_FOLKLORE_DL_DESCRIPTION' where BeliefType = 'BELIEF_DESERT_FOLKLORE';
update Beliefs set Description = 'LOC_BELIEF_SACRED_PATH_DL_DESCRIPTION' where BeliefType = 'BELIEF_SACRED_PATH';
update Beliefs set Description = 'LOC_BELIEF_EARTH_GODDESS_DL_DESCRIPTION' where BeliefType = 'BELIEF_EARTH_GODDESS';
update Beliefs set Description = 'LOC_BELIEF_GODDESS_OF_FIRE_DL_DESCRIPTION' where BeliefType = 'BELIEF_GODDESS_OF_FIRE';
update Beliefs set Description = 'LOC_BELIEF_RELIGIOUS_IDOLS_DL_DESCRIPTION' where BeliefType = 'BELIEF_RELIGIOUS_IDOLS';
update Beliefs set Description = 'LOC_BELIEF_STONE_CIRCLES_DL_DESCRIPTION' where BeliefType = 'BELIEF_STONE_CIRCLES';
update Beliefs set Description = 'LOC_BELIEF_GODDESS_OF_FESTIVALS_DL_DESCRIPTION' where BeliefType = 'BELIEF_GODDESS_OF_FESTIVALS';
update Beliefs set Description = 'LOC_BELIEF_DIVINE_SPARK_DL_DESCRIPTION' where BeliefType = 'BELIEF_DIVINE_SPARK';
update Beliefs set Description = 'LOC_BELIEF_RIVER_GODDESS_DL_DESCRIPTION' where BeliefType = 'BELIEF_RIVER_GODDESS';
update Beliefs set Description = 'LOC_BELIEF_GOD_OF_WAR_DL_DESCRIPTION' where BeliefType = 'BELIEF_GOD_OF_WAR';
update Beliefs set Description = 'LOC_BELIEF_RELIGIOUS_SETTLEMENTS_DL_DESCRIPTION' where BeliefType = 'BELIEF_RELIGIOUS_SETTLEMENTS';
update Beliefs set Description = 'LOC_BELIEF_FERTILITY_RITES_DL_DESCRIPTION' where BeliefType = 'BELIEF_FERTILITY_RITES';
update Beliefs set Description = 'LOC_BELIEF_MONUMENT_TO_THE_GODS_DL_DESCRIPTION' where BeliefType = 'BELIEF_MONUMENT_TO_THE_GODS';
update Beliefs set Description = 'LOC_BELIEF_CITY_PATRON_GODDESS_DL_DESCRIPTION' where BeliefType = 'BELIEF_CITY_PATRON_GODDESS';
update Beliefs set Description = 'LOC_BELIEF_GOD_OF_THE_OPEN_SKY_DL_DESCRIPTION' where BeliefType = 'BELIEF_GOD_OF_THE_OPEN_SKY';
update Beliefs set Description = 'LOC_BELIEF_LADY_OF_THE_REEDS_AND_MARSHES_DL_DESCRIPTION' where BeliefType = 'BELIEF_LADY_OF_THE_REEDS_AND_MARSHES';
update Beliefs set Description = 'LOC_BELIEF_GOD_OF_THE_SEA_DL_DESCRIPTION' where BeliefType = 'BELIEF_GOD_OF_THE_SEA';
--
update Beliefs set Description = 'LOC_BELIEF_DEFENDER_OF_FAITH_DL_DESCRIPTION' where BeliefType = 'BELIEF_DEFENDER_OF_FAITH';
update Beliefs set Description = 'LOC_BELIEF_ITINERANT_PREACHERS_DL_DESCRIPTION' where BeliefType = 'BELIEF_ITINERANT_PREACHERS';
update Beliefs set Description = 'LOC_BELIEF_SCRIPTURE_DL_DESCRIPTION' where BeliefType = 'BELIEF_SCRIPTURE';
update Beliefs set Description = 'LOC_BELIEF_JUST_WAR_DL_DESCRIPTION' where BeliefType = 'BELIEF_JUST_WAR';

delete from BeliefModifiers where BeliefType = 'BELIEF_GODDESS_OF_FESTIVALS'; -- and ModifierID = 'GODDESS_OF_FESTIVALS_PLANTATION_CULTURE';
delete from BeliefModifiers where BeliefType = 'BELIEF_FERTILITY_RITES'; -- and ModifierID = 'FERTILITY_RITES_BUILDER';
delete from BeliefModifiers where BeliefType = 'BELIEF_RELIGIOUS_SETTLEMENTS'; -- and ModifierID = 'RELIGIOUS_'SETTLEMENTS_SETTLER';
delete from BeliefModifiers where BeliefType = 'BELIEF_DIVINE_SPARK' and ModifierID = 'DIVINE_SPARK_SCIENTIST';
delete from BeliefModifiers where BeliefType = 'BELIEF_DIVINE_SPARK' and ModifierID = 'DIVINE_SPARK_WRITER';
delete from BeliefModifiers where BeliefType = 'BELIEF_GOD_OF_CRAFTSMEN' and ModifierID = 'GOD_OF_CRAFTSMEN_STRATEGIC_IMPROVED_FAITH';
delete from BeliefModifiers where BeliefType = 'BELIEF_GOD_OF_THE_SEA';
delete from BeliefModifiers where BeliefType = 'BELIEF_GOD_OF_THE_FORGE';

insert or replace into BeliefModifiers
	(BeliefType,							ModifierID)
values
	-- Pantheon
	('BELIEF_DANCE_OF_THE_AURORA',			'DANCE_OF_THE_AURORA_HOLYSITE_TUNDRA_FOOD'),
	('BELIEF_DANCE_OF_THE_AURORA',			'DANCE_OF_THE_AURORA_HOLYSITE_TUNDRA_HILL_FOOD'),
	('BELIEF_DANCE_OF_THE_AURORA',			'DANCE_OF_THE_AURORA_HOLYSITE_TUNDRA_CULTURE'),
	('BELIEF_DANCE_OF_THE_AURORA',			'DANCE_OF_THE_AURORA_HOLYSITE_TUNDRA_HILL_CULTURE'),
	('BELIEF_DANCE_OF_THE_AURORA',			'DANCE_OF_THE_AURORA_HOLYSITE_TUNDRA_GREAT_PROPHET'),
	('BELIEF_DESERT_FOLKLORE',				'DESERT_FOLKLORE_HOLYSITE_DESERT_FOOD'),
	('BELIEF_DESERT_FOLKLORE',				'DESERT_FOLKLORE_HOLYSITE_DESERT_HILL_FOOD'),
	('BELIEF_DESERT_FOLKLORE',				'DESERT_FOLKLORE_HOLYSITE_DESERT_FAITH'),
	('BELIEF_DESERT_FOLKLORE',				'DESERT_FOLKLORE_HOLYSITE_DESERT_HILL_FAITH'),
	('BELIEF_DESERT_FOLKLORE',				'DESERT_FOLKLORE_HOLYSITE_DESERT_GREAT_PROPHET'),
	('BELIEF_SACRED_PATH',					'SACRED_PATH_HOLYSITE_JUNGLE_CULTURE'),
	('BELIEF_SACRED_PATH',					'SACRED_PATH_HOLYSITE_JUNGLE_GREAT_PROPHET'),
	('BELIEF_THE_PEOPLE_OF_POLAR',			'THE_PEOPLE_OF_POLAR_TUNDRA_IMPROVEMENT_PRODUCTION'),
	('BELIEF_THE_PEOPLE_OF_POLAR',			'THE_PEOPLE_OF_POLAR_TUNDRA_IMPROVEMENT_GOLD'),
--	('BELIEF_THE_PEOPLE_OF_POLAR',			'THE_PEOPLE_OF_POLAR_TUNDRA_FOOD'),
	--('BELIEF_THE_PEOPLE_OF_POLAR',			'THE_PEOPLE_OF_POLAR_CITY_CENTER_TUNDRA_HILL_FOOD'),
	--('BELIEF_THE_PEOPLE_OF_POLAR',			'THE_PEOPLE_OF_POLAR_CITY_CENTER_TUNDRA_FAITH'),
	--('BELIEF_THE_PEOPLE_OF_POLAR',			'THE_PEOPLE_OF_POLAR_CITY_CENTER_TUNDRA_HILL_FAITH'),
	--('BELIEF_THE_PEOPLE_OF_POLAR',			'THE_PEOPLE_OF_POLAR_GREAT_PROPHET'),
	('BELIEF_GODDESS_OF_THE_DESERT',		'GODDESS_OF_THE_DESERT_CITY_CENTER_DESERT_FOOD'),
	('BELIEF_GODDESS_OF_THE_DESERT',		'GODDESS_OF_THE_DESERT_CITY_CENTER_DESERT_HILL_FOOD'),
	('BELIEF_GODDESS_OF_THE_DESERT',		'GODDESS_OF_THE_DESERT_CITY_CENTER_DESERT_FAITH'),
	('BELIEF_GODDESS_OF_THE_DESERT',		'GODDESS_OF_THE_DESERT_CITY_CENTER_DESERT_HILL_FAITH'),
	('BELIEF_GODDESS_OF_THE_DESERT',		'GODDESS_OF_THE_DESERT_GREAT_PROPHET'),
	('BELIEF_VOODOO',						'VOODOO_CITY_CENTER_JUNGLE_PRODUCTION'),
	('BELIEF_VOODOO',						'VOODOO_CITY_CENTER_JUNGLE_CULTURE'),
	('BELIEF_EARTH_GODDESS',				'EARTH_GODDESS_APPEAL_CHARMING_FAITH'),
	('BELIEF_EARTH_GODDESS',				'EARTH_GODDESS_APPEAL_CHARMING_GREAT_PROPHET'),
	('BELIEF_EARTH_GODDESS',				'EARTH_GODDESS_APPEAL_GREAT_PROPHET'),
	('BELIEF_GODDESS_OF_FIRE',				'GODDESS_OF_FIRE_GREAT_PROPHET'),
	('BELIEF_GODDESS_OF_FIRE',				'GODDESS_OF_FIRE_FEATURES_CULTURE'),
	('BELIEF_RELIGIOUS_IDOLS',				'RELIGIOUS_IDOLS_LUXURY_MINE_CULTURE'),
	('BELIEF_RELIGIOUS_IDOLS',				'RELIGIOUS_IDOLS_BONUS_MINE_CULTURE'),
	('BELIEF_RELIGIOUS_IDOLS',				'RELIGIOUS_IDOLS_STRATEGIC_MINE_CULTURE'),
	('BELIEF_RELIGIOUS_IDOLS',				'RELIGIOUS_IDOLS_STRATEGIC_MINE_FAITH'),
	('BELIEF_RELIGIOUS_IDOLS',				'RELIGIOUS_IDOLS_GREAT_PROPHET'),
	('BELIEF_STONE_CIRCLES',				'STONE_CIRCLES_GREAT_PROPHET'),
	('BELIEF_GODDESS_OF_FESTIVALS',			'GODDESS_OF_FESTIVALS_FAITH_PLANTATION_ADJACENCY'),
	('BELIEF_GODDESS_OF_FESTIVALS',			'GODDESS_OF_FESTIVALS_PLANTATION_SCIENCE'),
	('BELIEF_GODDESS_OF_FESTIVALS',			'GODDESS_OF_FESTIVALS_PLANTATION_FAITH'),
	('BELIEF_GODDESS_OF_FESTIVALS',			'GODDESS_OF_FESTIVALS_PLANTATION_GREAT_PROPHET'),
	('BELIEF_TENGRI',						'TENGRI_FAITH_PASTURE_ADJACENCY'),
	('BELIEF_TENGRI',						'TENGRI_PASTURE_PRODUCTION'),
	('BELIEF_TENGRI',						'TENGRI_HOLYSITE_PASTURE_CITY_FAITH'),
	('BELIEF_TENGRI',						'TENGRI_PASTURE_GREAT_PROPHET'),
	('BELIEF_ONE_WITH_NATURE',				'ONE_WITH_NATURE_WONDER_GREAT_PROPHET'),
	('BELIEF_ONE_WITH_NATURE',				'ONE_WITH_NATURE_WONDER_AMENITY'),
	-- ('BELIEF_ONE_WITH_NATURE',				'ONE_WITH_NATURE_WONDER_ALL_YIELDS'),
	('BELIEF_DIVINE_SPARK',					'DIVINE_SPARK_CAMPUS'),
	('BELIEF_DIVINE_SPARK',					'DIVINE_SPARK_THEATRE'),
	('BELIEF_DIVINE_SPARK',					'DIVINE_SPARK_COMMERCIAL_HUB'),
	('BELIEF_DIVINE_SPARK',					'DIVINE_SPARK_INDUSTRIAL_ZONE'),
	('BELIEF_DIVINE_SPARK',					'DIVINE_SPARK_HARBOR'),
	('BELIEF_DIVINE_SPARK',					'DIVINE_SPARK_ENCAMPMENT'),
	('BELIEF_DIVINE_SPARK',					'DIVINE_SPARK_THEATRE_ARTIST'),
	('BELIEF_DIVINE_SPARK',					'DIVINE_SPARK_THEATRE_MUSICIAN'),
	('BELIEF_DIVINE_SPARK',					'DIVINE_SPARK_EXTRA_DISTRICT'),
	--('BELIEF_DIVINE_SPARK',					'DIVINE_SPARK_MERCHANT'),
	--('BELIEF_DIVINE_SPARK',					'DIVINE_SPARK_ENGINEER'),
	('BELIEF_RIVER_GODDESS',				'RIVER_GODDESS_FAITH_RIVER_ADJACENCY'),
	('BELIEF_RIVER_GODDESS',				'RIVER_GODDESS_GREAT_PROPHET'),
	('BELIEF_GOD_OF_WAR',					'GOD_OF_WAR_GREAT_PROPHET_KILLS'),
	('BELIEF_GOD_OF_WAR',					'GOD_OF_WAR_GREAT_COMBAT_STRENGTH'),
	--('BELIEF_RELIGIOUS_SETTLEMENTS',		'RELIGIOUS_SETTLEMENTS_CULTUREBORDER'),
	('BELIEF_RELIGIOUS_SETTLEMENTS',		'RELIGIOUS_SETTLEMENTS_INCREASED_TILES'),
	('BELIEF_RELIGIOUS_SETTLEMENTS',		'RELIGIOUS_SETTLEMENTS_SETTLER_MOVEMENT'),
	--('BELIEF_RELIGIOUS_SETTLEMENTS',		'RELIGIOUS_SETTLEMENTS_SETTLER_PRODUCTION'),
	--('BELIEF_RELIGIOUS_SETTLEMENTS',		'RELIGIOUS_SETTLEMENTS_PLOT_PURCHASE_DISCOUNT'),
	('BELIEF_FERTILITY_RITES',				'FERTILITY_RITES_GRANARY_GROWTH'),
	('BELIEF_FERTILITY_RITES',				'FERTILITY_RITES_GRANARY_ADD_FOOD'),
	('BELIEF_FERTILITY_RITES',				'FERTILITY_RITES_GRANARY_FAITH_PURCHASE'),
	('BELIEF_FERTILITY_RITES',				'FERTILITY_RITES_FREE_GRANARY'),
	--('BELIEF_FERTILITY_RITES',				'FERTILITY_RITES_GRANARY_PURCHASE_DISCOUNT'),
	--('BELIEF_FERTILITY_RITES',				'FERTILITY_RITES_GRANARY_PRODUCTION'),
	('BELIEF_MONUMENT_TO_THE_GODS',			'MONUMENT_TO_THE_GODS_MONUMENT_CULTURE'),
	('BELIEF_MONUMENT_TO_THE_GODS',			'MONUMENT_TO_THE_GODS_MONUMENT_ADD_CULTURE'),
	('BELIEF_MONUMENT_TO_THE_GODS',			'MONUMENT_TO_THE_GODS_MONUMENT_FAITH_PURCHASE'),
	('BELIEF_MONUMENT_TO_THE_GODS',			'MONUMENT_TO_THE_GODS_FREE_MONUMENT'),
	--('BELIEF_MONUMENT_TO_THE_GODS',			'MONUMENT_TO_THE_GODS_MONUMENT_PURCHASE_DISCOUNT'),
	--('BELIEF_MONUMENT_TO_THE_GODS',			'MONUMENT_TO_THE_GODS_MONUMENT_PRODUCTION'),
	--('BELIEF_CITY_PATRON_GODDESS',			'CITY_PATRON_GODDESS_CASTLEPRODUCTION'),
	--('BELIEF_CITY_PATRON_GODDESS',			'CITY_PATRON_GODDESS_WALLSPRODUCTION'),
	--('BELIEF_CITY_PATRON_GODDESS',			'CITY_PATRON_GODDESS_STARFORTPRODUCTION'),
	--('BELIEF_CITY_PATRON_GODDESS',			'CITY_PATRON_GODDESS_TSIKHEPRODUCTION'),
	--('BELIEF_CITY_PATRON_GODDESS',			'CITY_PATRON_GODDESS_INNERDEFENSE'),
	--('BELIEF_CITY_PATRON_GODDESS',			'CITY_PATRON_GODDESS_RANGEDSTRIKE'),
	-- ('BELIEF_CITY_PATRON_GODDESS',			'CITY_PATRON_GODDESS_HOLYSITEPRODUCTION'),
	-- ('BELIEF_MESSENGER_OF_THE_GODS',		'MESSENGER_OF_THE_GODS_FREE_SCOUT2'),
	('BELIEF_GOD_OF_THE_OPEN_SKY',			'GOD_OF_THE_OPEN_SKY_PASTURE_FOOD'),
	('BELIEF_ORAL_TRADITION',				'ORAL_TRADITION_PLANTATION_CULTURE'),
	('BELIEF_ORAL_TRADITION',				'ORAL_TRADITION_PLANTATION_GOLD'),
	-- ('BELIEF_GODDESS_OF_THE_HUNT',				'GODDESS_OF_THE_HUNT_GOLD'),
	('BELIEF_LADY_OF_THE_REEDS_AND_MARSHES',	'LADY_OF_THE_MARSHES_SCIENCE'),
	-- ('BELIEF_LADY_OF_THE_REEDS_AND_MARSHES',	'LADY_OF_FLOODLAN_APPEAL'),
	-- ('BELIEF_LADY_OF_THE_REEDS_AND_MARSHES',	'LADY_OF_GRASSFLOODLAN_APPEAL'),
	-- ('BELIEF_LADY_OF_THE_REEDS_AND_MARSHES',	'LADY_OF_PLAINFLOODLAN_APPEAL'),
	('BELIEF_GODDESS_OF_THE_HARVEST',		'GODDESS_OF_THE_HARVEST_FARM_RESOURCE_FOOD'),
	('BELIEF_GODDESS_OF_THE_HARVEST',		'GODDESS_OF_THE_HARVEST_FARM_RESOURCE_PRODUCTION'),
	-- ('BELIEF_GODDESS_OF_THE_HARVEST',		'GODDESS_OF_THE_HARVEST_FARM_GOLD'),
	-- ('BELIEF_GOD_OF_THE_SEA',				'GOD_OF_THE_SEA_FISHINGBOATS_FOOD'),
	--('BELIEF_OCEAN_MOTHER',					'OCEAN_MOTHER_COAST_FOOD'),
	--('BELIEF_OCEAN_MOTHER',					'OCEAN_MOTHER_OCEAN_FOOD'),
	--('BELIEF_OCEAN_MOTHER',					'OCEAN_MOTHER_COASTAL_CITY_CULTURE'),
    ('BELIEF_OCEAN_MOTHER',					'OCEAN_MOTHER_CENTER_COAST_FOOD'),
	('BELIEF_OCEAN_MOTHER',					'OCEAN_MOTHER_CENTER_COAST_FAITH'),
	('BELIEF_OCEAN_MOTHER',					'OCEAN_MOTHER_GREAT_PROPHET'),
	('BELIEF_HD_MAZU_BELIEF',					'OCEAN_MOTHER_HOUSING'),
	('BELIEF_HD_DRUID',						'DRUID_FOREST_FOOD'),
	('BELIEF_HD_DRUID',						'DRUID_JUNGLE_PRODUCTION'),
	-- ('BELIEF_HD_DRUID',						'DRUID_IMPROVED_FOREST_GOLD'),
	-- ('BELIEF_HD_DRUID',						'DRUID_IMPROVED_JUNGLE_GOLD'),
	('BELIEF_HD_MAZU_BELIEF',				'MAZU_BELIEF_COASTAL_CITY_PROD'),
	--('BELIEF_HD_MAZU_BELIEF',				'MAZU_BELIEF_COASTAL_DISTRICT_PROD'),
	('BELIEF_HD_MAZU_BELIEF',				'MAZU_BELIEF_HARBOR_FISHING_BOATS_GOLD'),
	-- ('BELIEF_HD_MAZU_BELIEF',				'MAZU_BELIEF_HARBOR_GREAT_ADMIRAL'),
	--('BELIEF_HD_GOD_KING',					'GOD_KING_ALL_YIELDS_CHANGE_CAPITAL'),
	('BELIEF_HD_GOD_KING',					'GOD_KING_ALL_YIELDS_CHANGE_PALACE'),
	--('BELIEF_HD_GOD_KING',					'GOD_KING_ALL_YIELDS_CHANGE_GOV'),
    ('BELIEF_HD_GOD_KING',					'GOD_KING_AMENITY'),
    ('BELIEF_HD_GOD_KING',					'GOD_KING_HOUSING'),
    ('BELIEF_HD_GOD_KING',					'GOD_KING_ADDPOPULATION'),
    ('BELIEF_HD_GOD_KING',					'GOD_KING_ENVOY'),
    --('BELIEF_HD_GOD_KING',					'GOD_KING_POWER'),
    ('BELIEF_GOD_OF_CRAFTSMEN',				'GOD_OF_CRAFTSMEN_STRATEGIC_IMPROVED_GOLD'),
	('BELIEF_GOD_OF_CRAFTSMEN',				'GOD_OF_CRAFTSMEN_BONUS_STRATEGICS'),
	('BELIEF_GOD_OF_CRAFTSMEN',				'GOD_OF_CRAFTSMEN_REVEAL_IRON_ATTACH'),
	('BELIEF_GOD_OF_CRAFTSMEN',				'GOD_OF_CRAFTSMEN_REVEAL_HORSES_ATTACH'),
	-- ('BELIEF_GOD_OF_THE_FORGE',				'GOD_OF_THE_FORGE_STRATEGIC_RESOURCE_COST_DISCOUNT'),
--	('BELIEF_GOD_OF_THE_FORGE',				'GOD_OF_THE_FORGE_GRANT_HANDCRAFT'),
--	('BELIEF_GOD_OF_THE_FORGE',				'GOD_OF_THE_FORGE_BONUS_MINE_PRODUCTION'),
--	('BELIEF_GOD_OF_THE_FORGE',				'GOD_OF_THE_FORGE_LUXURY_MINE_PRODUCTION'),
	('BELIEF_HD_WOLF_GOD',					'HD_WOLF_GOD_CAMP_GREAT_PROPHET'),
	('BELIEF_HD_WOLF_GOD',					'HD_WOLF_GOD_CAMP_CULTURE'),
	('BELIEF_HD_WOLF_GOD',					'HD_WOLF_GOD_CAMP_FAITH'),
	-- 太阳神, by xiaoxiao
--	('BELIEF_HD_SUN_GOD', 					'HD_SUN_GOD_RESOURCE_FARM_GREAT_PROPHET'),
--	('BELIEF_HD_SUN_GOD', 					'HD_SUN_GOD_HOLY_SITE_FARM_FAITH'),
--	('BELIEF_HD_SUN_GOD', 					'HD_SUN_GOD_RESOURCE_FARM_SCIENCE'),
--	('BELIEF_HD_SUN_GOD', 					'HD_SUN_GOD_PLANTATION_FOOD'),
	('BELIEF_GOD_OF_THE_FORGE', 			'GOD_OF_THE_FORGE_STRATEGIC_RESOURCE_COST_DISCOUNT'),
	('BELIEF_GOD_OF_THE_FORGE', 			'GOD_OF_THE_FORGE_UNIT_ANCIENT_CLASSICAL_PRODUCTION'),
	('BELIEF_TALE_OF_DWALVES',				'TALE_OF_DWALVES_BONUS_MINE_FOOD'),
	('BELIEF_TALE_OF_DWALVES',				'TALE_OF_DWALVES_LUXURY_MINE_FOOD'),
	('BELIEF_TALE_OF_DWALVES',				'TALE_OF_DWALVES_STRATEGIC_MINE_FOOD'),
	('BELIEF_TALE_OF_DWALVES',				'TALE_OF_DWALVES_MINE_GOLD'),
	('BELIEF_TALE_OF_DWALVES',				'TALE_OF_DWALVES_BONUS_MINE_HOUSING'),
	('BELIEF_TALE_OF_DWALVES',				'TALE_OF_DWALVES_LUXURY_MINE_HOUSING'),
	('BELIEF_TALE_OF_DWALVES',				'TALE_OF_DWALVES_STRATEGIC_MINE_HOUSING'),
	('BELIEF_MEGALITHIC_WORSHIP',			'MEGALITHIC_WORSHIP_QUARRY_CULTURE'),
	('BELIEF_MEGALITHIC_WORSHIP',			'MEGALITHIC_WORSHIP_QUARRY_GOLD'),
	('BELIEF_ILLUMINATORS',					'MESSENGER_OF_THE_GODS_FREE_SCOUT'),
	('BELIEF_ILLUMINATORS',					'MESSENGER_OF_THE_GODS_SCOUT_MOVEMENT'),
	('BELIEF_ILLUMINATORS',					'ILLUMINATORS_BABARIAN_STRENGTH'),
    ('BELIEF_ILLUMINATORS',					'INITIATION_RITES_FAITH_DISPERSAL'),
    ('BELIEF_ILLUMINATORS',					'INITIATION_RITES_HEALING_DISPERSAL'),
    --('BELIEF_ILLUMINATORS',				'ILLUMINATORS_ALLOW_BARBARIAN_GALLEY'),
    ('BELIEF_ILLUMINATORS',					'ILLUMINATORS_ALLOW_BARBARIAN_QUADRIREME'),
    ('BELIEF_ILLUMINATORS',					'ILLUMINATORS_ALLOW_BARBARIAN_HORSEMAN'),
    ('BELIEF_ILLUMINATORS',					'ILLUMINATORS_ALLOW_BARBARIAN_HORSE_ARCHER');
--    ('BELIEF_STARLIGHT_NAVIGATER',   		'STARLIGHT_NAVIGATER_FREE_SEADOG'),
--    ('BELIEF_STARLIGHT_NAVIGATER',   		'STARLIGHT_NAVIGATER_RAIDER_ABILITY');

-- Pantheon
-- update Modifiers set SubjectRequirementSetId = 'PLOT_EIGHT_INCLUDE_CITY_CENTER' where ModifierId = 'GOD_OF_WAR_FAITH_KILLS_MODIFIER';
update Modifiers set SubjectRequirementSetId = NULL where ModifierId = 'GOD_OF_WAR_FAITH_KILLS_MODIFIER';
update ModifierArguments set Value = 2 where ModifierId = 'RIVER_GODDESS_HOLY_SITE_AMENITIES_MODIFIER' and Name = 'Amount';
-- update Modifiers set SubjectRequirementSetId = 'HD_CITY_CENTER_ADJACENT_TO_RIVER_REQUIREMENTS' where ModifierId = 'RIVER_GODDESS_HOLY_SITE_AMENITIES_MODIFIER';
-- update Modifiers set SubjectRequirementSetId = 'HD_CITY_CENTER_ADJACENT_TO_RIVER_REQUIREMENTS' where ModifierId = 'RIVER_GODDESS_HOLY_SITE_HOUSING_MODIFIER';
update ModifierArguments set Value = 'ERA_MEDIEVAL' where ModifierId = 'GOD_OF_THE_FORGE_UNIT_ANCIENT_CLASSICAL_PRODUCTION_MODIFIER' and Name = 'EndEra';
update ModifierArguments set Value = 50 where ModifierId = 'GOD_OF_THE_FORGE_UNIT_ANCIENT_CLASSICAL_PRODUCTION_MODIFIER' and Name = 'Amount';
update ModifierArguments set Value = 1 where ModifierId = 'GODDESS_OF_FIRE_FEATURES_FAITH_MODIFIER' and Name = 'Amount';
update ModifierArguments set Value = 'YIELD_FAITH,YIELD_CULTURE' where ModifierId = 'STONE_CIRCLES_QUARRY_FAITH_MODIFIER' and Name = 'YieldType';
update ModifierArguments set Value = '1,1' where ModifierId = 'STONE_CIRCLES_QUARRY_FAITH_MODIFIER' and Name = 'Amount';

insert or replace into Modifiers
	(ModifierId,													ModifierType,										SubjectRequirementSetId)
values
	('DANCE_OF_THE_AURORA_HOLYSITE_TUNDRA_GREAT_PROPHET',			'MODIFIER_ALL_DISTRICTS_ATTACH_MODIFIER',			'CITY_FOLLOWS_PANTHEON_AND_HOLYSITE_REQUIREMENTS'),	
	('DANCE_OF_THE_AURORA_HOLYSITE_TUNDRA_GREAT_PROPHET_MODIFIER',	'MODIFIER_SINGLE_CITY_ADJUST_GREAT_PERSON_POINT',	'PLOT_HAS_TUNDRA_OR_TUNDRA_HILL_REQUIREMENTS'),
	('DANCE_OF_THE_AURORA_HOLYSITE_TUNDRA_FOOD',					'MODIFIER_ALL_DISTRICTS_ATTACH_MODIFIER',			'CITY_FOLLOWS_PANTHEON_AND_HOLYSITE_REQUIREMENTS'),
	('DANCE_OF_THE_AURORA_HOLYSITE_TUNDRA_FOOD_MODIFIER',			'MODIFIER_PLAYER_ADJUST_PLOT_YIELD',				'HOLYSITE_TUNDRA_REQUIREMENTS'),
	('DANCE_OF_THE_AURORA_HOLYSITE_TUNDRA_HILL_FOOD',				'MODIFIER_ALL_DISTRICTS_ATTACH_MODIFIER',			'CITY_FOLLOWS_PANTHEON_AND_HOLYSITE_REQUIREMENTS'),
	('DANCE_OF_THE_AURORA_HOLYSITE_TUNDRA_HILL_FOOD_MODIFIER',		'MODIFIER_PLAYER_ADJUST_PLOT_YIELD',				'HOLYSITE_TUNDRA_HILL_REQUIREMENTS'),
	('DANCE_OF_THE_AURORA_HOLYSITE_TUNDRA_CULTURE',					'MODIFIER_ALL_DISTRICTS_ATTACH_MODIFIER',			'CITY_FOLLOWS_PANTHEON_AND_HOLYSITE_REQUIREMENTS'),
	('DANCE_OF_THE_AURORA_HOLYSITE_TUNDRA_CULTURE_MODIFIER',		'MODIFIER_PLAYER_ADJUST_PLOT_YIELD',				'HOLYSITE_TUNDRA_REQUIREMENTS'),
	('DANCE_OF_THE_AURORA_HOLYSITE_TUNDRA_HILL_CULTURE',			'MODIFIER_ALL_DISTRICTS_ATTACH_MODIFIER',			'CITY_FOLLOWS_PANTHEON_AND_HOLYSITE_REQUIREMENTS'),
	('DANCE_OF_THE_AURORA_HOLYSITE_TUNDRA_HILL_CULTURE_MODIFIER',	'MODIFIER_PLAYER_ADJUST_PLOT_YIELD',				'HOLYSITE_TUNDRA_HILL_REQUIREMENTS'),
	('DESERT_FOLKLORE_HOLYSITE_DESERT_GREAT_PROPHET',				'MODIFIER_ALL_DISTRICTS_ATTACH_MODIFIER',			'CITY_FOLLOWS_PANTHEON_AND_HOLYSITE_REQUIREMENTS'),
	('DESERT_FOLKLORE_HOLYSITE_DESERT_GREAT_PROPHET_MODIFIER',		'MODIFIER_SINGLE_CITY_ADJUST_GREAT_PERSON_POINT',	'PLOT_HAS_DESERT_OR_DESERT_HILL_REQUIREMENTS'),
	('DESERT_FOLKLORE_HOLYSITE_DESERT_FOOD',						'MODIFIER_ALL_DISTRICTS_ATTACH_MODIFIER',			'CITY_FOLLOWS_PANTHEON_AND_HOLYSITE_REQUIREMENTS'),
	('DESERT_FOLKLORE_HOLYSITE_DESERT_FOOD_MODIFIER',				'MODIFIER_PLAYER_ADJUST_PLOT_YIELD',				'HOLYSITE_DESERT_REQUIREMENTS'),
	('DESERT_FOLKLORE_HOLYSITE_DESERT_HILL_FOOD',					'MODIFIER_ALL_DISTRICTS_ATTACH_MODIFIER',			'CITY_FOLLOWS_PANTHEON_AND_HOLYSITE_REQUIREMENTS'),
	('DESERT_FOLKLORE_HOLYSITE_DESERT_HILL_FOOD_MODIFIER',			'MODIFIER_PLAYER_ADJUST_PLOT_YIELD',				'HOLYSITE_DESERT_HILL_REQUIREMENTS'),
	('DESERT_FOLKLORE_HOLYSITE_DESERT_FAITH',						'MODIFIER_ALL_DISTRICTS_ATTACH_MODIFIER',			'CITY_FOLLOWS_PANTHEON_AND_HOLYSITE_REQUIREMENTS'),
	('DESERT_FOLKLORE_HOLYSITE_DESERT_FAITH_MODIFIER',				'MODIFIER_PLAYER_ADJUST_PLOT_YIELD',				'HOLYSITE_DESERT_REQUIREMENTS'),
	('DESERT_FOLKLORE_HOLYSITE_DESERT_HILL_FAITH',					'MODIFIER_ALL_DISTRICTS_ATTACH_MODIFIER',			'CITY_FOLLOWS_PANTHEON_AND_HOLYSITE_REQUIREMENTS'),
	('DESERT_FOLKLORE_HOLYSITE_DESERT_HILL_FAITH_MODIFIER',			'MODIFIER_PLAYER_ADJUST_PLOT_YIELD',				'HOLYSITE_DESERT_HILL_REQUIREMENTS'),
	('SACRED_PATH_HOLYSITE_JUNGLE_CULTURE',							'MODIFIER_ALL_DISTRICTS_ATTACH_MODIFIER',			'CITY_FOLLOWS_PANTHEON_AND_HOLYSITE_REQUIREMENTS'),
	('SACRED_PATH_HOLYSITE_JUNGLE_CULTURE_MODIFIER',				'MODIFIER_PLAYER_ADJUST_PLOT_YIELD',				'HOLYSITE_JUNGLE_REQUIREMENTS'),
	('SACRED_PATH_HOLYSITE_JUNGLE_GREAT_PROPHET',					'MODIFIER_ALL_DISTRICTS_ATTACH_MODIFIER',			'CITY_FOLLOWS_PANTHEON_AND_HOLYSITE_REQUIREMENTS'),
	('SACRED_PATH_HOLYSITE_JUNGLE_GREAT_PROPHET_MODIFIER',			'MODIFIER_SINGLE_CITY_ADJUST_GREAT_PERSON_POINT',	'HOLYSITE_ADJACENT_TO_JUNGLE_REQUIREMENTS'),
	('THE_PEOPLE_OF_POLAR_TUNDRA_IMPROVEMENT_PRODUCTION',			'MODIFIER_ALL_CITIES_ATTACH_MODIFIER',				'CITY_FOLLOWS_PANTHEON_REQUIREMENTS'),
	('THE_PEOPLE_OF_POLAR_TUNDRA_IMPROVEMENT_PRODUCTION_MODIFIER',	'MODIFIER_CITY_PLOT_YIELDS_ADJUST_PLOT_YIELD',		'PLOT_HAS_IMPROVED_RESOURCE_AND_ON_TUNDRA'),
	('THE_PEOPLE_OF_POLAR_TUNDRA_IMPROVEMENT_GOLD',					'MODIFIER_ALL_CITIES_ATTACH_MODIFIER',				'CITY_FOLLOWS_PANTHEON_REQUIREMENTS'),
	('THE_PEOPLE_OF_POLAR_TUNDRA_IMPROVEMENT_GOLD_MODIFIER',		'MODIFIER_CITY_PLOT_YIELDS_ADJUST_PLOT_YIELD',		'PLOT_HAS_IMPROVED_RESOURCE_AND_ON_TUNDRA'),
	('THE_PEOPLE_OF_POLAR_TUNDRA_FOOD',								'MODIFIER_ALL_CITIES_ATTACH_MODIFIER',				'CITY_FOLLOWS_PANTHEON_REQUIREMENTS'),
	('THE_PEOPLE_OF_POLAR_TUNDRA_FOOD_MODIFIER',					'MODIFIER_SINGLE_CITY_ADJUST_YIELD_CHANGE',			'PLOT_HAS_TUNDRA_OR_TUNDRA_HILL_REQUIREMENTS'),
	--('THE_PEOPLE_OF_POLAR_CITY_CENTER_TUNDRA_HILL_FOOD',			'MODIFIER_ALL_CITIES_ATTACH_MODIFIER',				'CITY_FOLLOWS_PANTHEON_REQUIREMENTS'),
	--('THE_PEOPLE_OF_POLAR_CITY_CENTER_TUNDRA_HILL_FOOD_MODIFIER',	'MODIFIER_SINGLE_CITY_TERRAIN_ADJACENCY',			NULL),
	--('THE_PEOPLE_OF_POLAR_CITY_CENTER_TUNDRA_FAITH',				'MODIFIER_ALL_CITIES_ATTACH_MODIFIER',				'CITY_FOLLOWS_PANTHEON_REQUIREMENTS'),
	--('THE_PEOPLE_OF_POLAR_CITY_CENTER_TUNDRA_FAITH_MODIFIER',		'MODIFIER_SINGLE_CITY_TERRAIN_ADJACENCY',			NULL),
	--('THE_PEOPLE_OF_POLAR_CITY_CENTER_TUNDRA_HILL_FAITH',			'MODIFIER_ALL_CITIES_ATTACH_MODIFIER',				'CITY_FOLLOWS_PANTHEON_REQUIREMENTS'),
	--('THE_PEOPLE_OF_POLAR_CITY_CENTER_TUNDRA_HILL_FAITH_MODIFIER',	'MODIFIER_SINGLE_CITY_TERRAIN_ADJACENCY',			NULL),
	--('THE_PEOPLE_OF_POLAR_GREAT_PROPHET',							'MODIFIER_ALL_CITIES_ATTACH_MODIFIER',				'CITY_FOLLOWS_PANTHEON_REQUIREMENTS'),
	--('THE_PEOPLE_OF_POLAR_GREAT_PROPHET_MODIFIER',					'MODIFIER_SINGLE_CITY_ADJUST_GREAT_PERSON_POINT',	'CITY_HAS_1_TUNDRA'),
	('GODDESS_OF_THE_DESERT_CITY_CENTER_DESERT_FOOD',				'MODIFIER_ALL_CITIES_ATTACH_MODIFIER',				'CITY_FOLLOWS_PANTHEON_REQUIREMENTS'),
	('GODDESS_OF_THE_DESERT_CITY_CENTER_DESERT_FOOD_MODIFIER',		'MODIFIER_SINGLE_CITY_TERRAIN_ADJACENCY',			NULL),
	('GODDESS_OF_THE_DESERT_CITY_CENTER_DESERT_HILL_FOOD',			'MODIFIER_ALL_CITIES_ATTACH_MODIFIER',				'CITY_FOLLOWS_PANTHEON_REQUIREMENTS'),
	('GODDESS_OF_THE_DESERT_CITY_CENTER_DESERT_HILL_FOOD_MODIFIER',	'MODIFIER_SINGLE_CITY_TERRAIN_ADJACENCY',			NULL),
	('GODDESS_OF_THE_DESERT_CITY_CENTER_DESERT_FAITH',				'MODIFIER_ALL_CITIES_ATTACH_MODIFIER',				'CITY_FOLLOWS_PANTHEON_REQUIREMENTS'),
	('GODDESS_OF_THE_DESERT_CITY_CENTER_DESERT_FAITH_MODIFIER',		'MODIFIER_SINGLE_CITY_TERRAIN_ADJACENCY',			NULL),
	('GODDESS_OF_THE_DESERT_CITY_CENTER_DESERT_HILL_FAITH',			'MODIFIER_ALL_CITIES_ATTACH_MODIFIER',				'CITY_FOLLOWS_PANTHEON_REQUIREMENTS'),
	('GODDESS_OF_THE_DESERT_CITY_CENTER_DESERT_HILL_FAITH_MODIFIER', 'MODIFIER_SINGLE_CITY_TERRAIN_ADJACENCY',			NULL),
	('GODDESS_OF_THE_DESERT_GREAT_PROPHET',							'MODIFIER_ALL_CITIES_ATTACH_MODIFIER',				'CITY_FOLLOWS_PANTHEON_REQUIREMENTS'),
	('GODDESS_OF_THE_DESERT_GREAT_PROPHET_MODIFIER',				'MODIFIER_SINGLE_CITY_ADJUST_GREAT_PERSON_POINT',	'CITY_HAS_1_DESERT'),
	('VOODOO_CITY_CENTER_JUNGLE_PRODUCTION',						'MODIFIER_ALL_CITIES_ATTACH_MODIFIER',				'CITY_FOLLOWS_PANTHEON_REQUIREMENTS'),
	('VOODOO_CITY_CENTER_JUNGLE_PRODUCTION_MODIFIER',				'MODIFIER_SINGLE_CITY_FEATURE_ADJACENCY',			NULL),
	('VOODOO_CITY_CENTER_JUNGLE_CULTURE',							'MODIFIER_ALL_CITIES_ATTACH_MODIFIER',				'CITY_FOLLOWS_PANTHEON_REQUIREMENTS'),
	('VOODOO_CITY_CENTER_JUNGLE_CULTURE_MODIFIER',					'MODIFIER_SINGLE_CITY_FEATURE_ADJACENCY',			NULL),
	('EARTH_GODDESS_APPEAL_CHARMING_FAITH',							'MODIFIER_ALL_CITIES_ATTACH_MODIFIER',				'CITY_FOLLOWS_PANTHEON_REQUIREMENTS'),
	('EARTH_GODDESS_APPEAL_CHARMING_FAITH_MODIFIER',				'MODIFIER_CITY_PLOT_YIELDS_ADJUST_PLOT_YIELD',		'PLOT_CHARMING_APPEAL'),
	('EARTH_GODDESS_APPEAL_CHARMING_GREAT_PROPHET',					'MODIFIER_ALL_CITIES_ATTACH_MODIFIER',				'CITY_FOLLOWS_PANTHEON_REQUIREMENTS'),
	('EARTH_GODDESS_APPEAL_CHARMING_GREAT_PROPHET_MODIFIER',		'MODIFIER_SINGLE_CITY_ADJUST_GREAT_PERSON_POINT',	'PLOT_CHARMING_APPEAL'),
	('EARTH_GODDESS_APPEAL_GREAT_PROPHET',							'MODIFIER_ALL_CITIES_ATTACH_MODIFIER',				'CITY_FOLLOWS_PANTHEON_REQUIREMENTS'),
	('EARTH_GODDESS_APPEAL_GREAT_PROPHET_MODIFIER',					'MODIFIER_SINGLE_CITY_ADJUST_GREAT_PERSON_POINT',	'PLOT_BREATHTAKING_APPEAL'),
	('GODDESS_OF_FIRE_GREAT_PROPHET',								'MODIFIER_ALL_CITIES_ATTACH_MODIFIER',				'CITY_FOLLOWS_PANTHEON_REQUIREMENTS'),
	('GODDESS_OF_FIRE_GREAT_PROPHET_MODIFIER',						'MODIFIER_SINGLE_CITY_ADJUST_GREAT_PERSON_POINT',	'GODDESS_OF_FIRE_CITY_HAS_VOLCANO'),
	('GODDESS_OF_FIRE_FEATURES_CULTURE',							'MODIFIER_ALL_CITIES_ATTACH_MODIFIER',				'CITY_FOLLOWS_PANTHEON_REQUIREMENTS'),
	('GODDESS_OF_FIRE_FEATURES_CULTURE_MODIFIER',					'MODIFIER_CITY_PLOT_YIELDS_ADJUST_PLOT_YIELD',		'PLOT_HAS_GODDES_FIRE_REQUIREMENTS'),
	('RELIGIOUS_IDOLS_LUXURY_MINE_CULTURE',							'MODIFIER_ALL_CITIES_ATTACH_MODIFIER',				'CITY_FOLLOWS_PANTHEON_REQUIREMENTS'),
	('RELIGIOUS_IDOLS_LUXURY_MINE_CULTURE_MODIFIER',				'MODIFIER_CITY_PLOT_YIELDS_ADJUST_PLOT_YIELD',		'PLOT_HAS_LUXURY_MINE_REQUIREMENTS'),
	('RELIGIOUS_IDOLS_BONUS_MINE_CULTURE',							'MODIFIER_ALL_CITIES_ATTACH_MODIFIER',				'CITY_FOLLOWS_PANTHEON_REQUIREMENTS'),
	('RELIGIOUS_IDOLS_BONUS_MINE_CULTURE_MODIFIER',					'MODIFIER_CITY_PLOT_YIELDS_ADJUST_PLOT_YIELD',		'PLOT_HAS_BONUS_MINE_REQUIREMENTS'),
	('RELIGIOUS_IDOLS_STRATEGIC_MINE_CULTURE',						'MODIFIER_ALL_CITIES_ATTACH_MODIFIER',				'CITY_FOLLOWS_PANTHEON_REQUIREMENTS'),
	('RELIGIOUS_IDOLS_STRATEGIC_MINE_CULTURE_MODIFIER',				'MODIFIER_CITY_PLOT_YIELDS_ADJUST_PLOT_YIELD',		'PLOT_HAS_STRATEGIC_MINE_REQUIREMENTS'),
	('RELIGIOUS_IDOLS_STRATEGIC_MINE_FAITH',						'MODIFIER_ALL_CITIES_ATTACH_MODIFIER',				'CITY_FOLLOWS_PANTHEON_REQUIREMENTS'),
	('RELIGIOUS_IDOLS_STRATEGIC_MINE_FAITH_MODIFIER',				'MODIFIER_CITY_PLOT_YIELDS_ADJUST_PLOT_YIELD',		'PLOT_HAS_STRATEGIC_MINE_REQUIREMENTS'),
	('RELIGIOUS_IDOLS_GREAT_PROPHET',								'MODIFIER_ALL_CITIES_ATTACH_MODIFIER',				'CITY_FOLLOWS_PANTHEON_REQUIREMENTS'),
	('RELIGIOUS_IDOLS_GREAT_PROPHET_MODIFIER',						'MODIFIER_SINGLE_CITY_ADJUST_GREAT_PERSON_POINT',	'RELIGIOUS_IDOLS_CITY_HAS_MINE'),
	('STONE_CIRCLES_GREAT_PROPHET',									'MODIFIER_ALL_CITIES_ATTACH_MODIFIER',				'CITY_FOLLOWS_PANTHEON_REQUIREMENTS'),
	('STONE_CIRCLES_GREAT_PROPHET_MODIFIER',						'MODIFIER_SINGLE_CITY_ADJUST_GREAT_PERSON_POINT',	'STONE_CIRCLES_CITY_HAS_QUARRY'),
	('GODDESS_OF_FESTIVALS_FAITH_PLANTATION_ADJACENCY',				'MODIFIER_ALL_CITIES_IMPROVEMENT_ADJACENCY',		'CITY_FOLLOWS_PANTHEON_REQUIREMENTS'),
	('GODDESS_OF_FESTIVALS_PLANTATION_SCIENCE',						'MODIFIER_ALL_CITIES_ATTACH_MODIFIER',				'CITY_FOLLOWS_PANTHEON_REQUIREMENTS'),
	('GODDESS_OF_FESTIVALS_PLANTATION_SCIENCE_MODIFIER',			'MODIFIER_CITY_PLOT_YIELDS_ADJUST_PLOT_YIELD',		'PLOT_HAS_PLANTATION_REQUIREMENTS'),
	('GODDESS_OF_FESTIVALS_PLANTATION_FAITH',						'MODIFIER_ALL_CITIES_ATTACH_MODIFIER',				'CITY_FOLLOWS_PANTHEON_REQUIREMENTS'),
	('GODDESS_OF_FESTIVALS_PLANTATION_FAITH_MODIFIER',				'MODIFIER_CITY_PLOT_YIELDS_ADJUST_PLOT_YIELD',		'PLOT_HAS_PLANTATION_REQUIREMENTS'),
	('GODDESS_OF_FESTIVALS_PLANTATION_GREAT_PROPHET',				'MODIFIER_ALL_CITIES_ATTACH_MODIFIER',				'CITY_FOLLOWS_PANTHEON_REQUIREMENTS'),			
	('GODDESS_OF_FESTIVALS_PLANTATION_GREAT_PROPHET_MODIFIER',		'MODIFIER_SINGLE_CITY_ADJUST_GREAT_PERSON_POINT',	'GODDESS_OF_FESTIVALS_CITY_HAS_PLANTATION'),
	('TENGRI_FAITH_PASTURE_ADJACENCY',								'MODIFIER_ALL_CITIES_IMPROVEMENT_ADJACENCY',		'CITY_FOLLOWS_PANTHEON_REQUIREMENTS'),
	('TENGRI_PASTURE_PRODUCTION',									'MODIFIER_ALL_CITIES_ATTACH_MODIFIER',				'CITY_FOLLOWS_PANTHEON_REQUIREMENTS'),
	('TENGRI_PASTURE_PRODUCTION_MODIFIER',							'MODIFIER_CITY_PLOT_YIELDS_ADJUST_PLOT_YIELD',		'PLOT_HAS_PASTURE_REQUIREMENTS'),
	('TENGRI_HOLYSITE_PASTURE_CITY_FAITH',							'MODIFIER_ALL_CITIES_ATTACH_MODIFIER',				'CITY_FOLLOWS_PANTHEON_AND_CITY_HAS_HOLYSITE'),
	('TENGRI_HOLYSITE_PASTURE_CITY_FAITH_MODIFIER',					'MODIFIER_CITY_PLOT_YIELDS_ADJUST_PLOT_YIELD',		'PLOT_HAS_PASTURE_REQUIREMENTS'),
	('TENGRI_PASTURE_GREAT_PROPHET',								'MODIFIER_ALL_CITIES_ATTACH_MODIFIER',				'CITY_FOLLOWS_PANTHEON_REQUIREMENTS'),	
	('TENGRI_PASTURE_GREAT_PROPHET_MODIFIER',						'MODIFIER_SINGLE_CITY_ADJUST_GREAT_PERSON_POINT',	'TENGRI_CITY_HAS_PASTURE'),
	('ONE_WITH_NATURE_WONDER_GREAT_PROPHET',						'MODIFIER_ALL_CITIES_ATTACH_MODIFIER',				'CITY_FOLLOWS_PANTHEON_REQUIREMENTS'),
	('ONE_WITH_NATURE_WONDER_GREAT_PROPHET_MODIFIER',				'MODIFIER_SINGLE_CITY_ADJUST_GREAT_PERSON_POINT',	'ONE_WITH_NATURE_CITY_HAS_NATURAL_WONDER'),
	('ONE_WITH_NATURE_WONDER_AMENITY',								'MODIFIER_ALL_CITIES_ATTACH_MODIFIER',				'CITY_FOLLOWS_PANTHEON_REQUIREMENTS'),
	('ONE_WITH_NATURE_WONDER_AMENITY_MODIFIER',						'MODIFIER_SINGLE_CITY_ADJUST_NATURAL_WONDER_AMENITY',	'ONE_WITH_NATURE_CITY_HAS_NATURAL_WONDER'),
	-- ('ONE_WITH_NATURE_WONDER_ALL_YIELDS',							'MODIFIER_ALL_CITIES_ATTACH_MODIFIER',				'CITY_FOLLOWS_PANTHEON_REQUIREMENTS'),
	-- ('ONE_WITH_NATURE_WONDER_ALL_YIELDS_MODIFIER',					'MODIFIER_SINGLE_CITY_ADJUST_CITY_YIELD_MODIFIER',	'ONE_WITH_NATURE_CITY_HAS_NATURAL_WONDER'),
	('RIVER_GODDESS_FAITH_RIVER_ADJACENCY',							'MODIFIER_ALL_CITIES_ATTACH_MODIFIER',				'CITY_FOLLOWS_PANTHEON_REQUIREMENTS'),
	('RIVER_GODDESS_FAITH_RIVER_ADJACENCY_MODIFIER',				'MODIFIER_SINGLE_CITY_RIVER_ADJACENCY',				NULL),
	('RIVER_GODDESS_GREAT_PROPHET',									'MODIFIER_ALL_CITIES_ATTACH_MODIFIER',				'CITY_FOLLOWS_PANTHEON_REQUIREMENTS'),
	('RIVER_GODDESS_GREAT_PROPHET_MODIFIER',						'MODIFIER_SINGLE_CITY_ADJUST_GREAT_PERSON_POINT',	'PLOT_ADJACENT_TO_RIVER_REQUIREMENTS'),
	('DIVINE_SPARK_CAMPUS',											'MODIFIER_ALL_CITIES_ATTACH_MODIFIER',				'CITY_FOLLOWS_PANTHEON_REQUIREMENTS'),
	('DIVINE_SPARK_CAMPUS_MODIFIER',								'MODIFIER_SINGLE_CITY_DISTRICTS_ADJUST_GREAT_PERSON_POINTS','DISTRICT_IS_CAMPUS'),
	('DIVINE_SPARK_THEATRE',										'MODIFIER_ALL_CITIES_ATTACH_MODIFIER',				'CITY_FOLLOWS_PANTHEON_REQUIREMENTS'),
	('DIVINE_SPARK_THEATRE_MODIFIER',								'MODIFIER_SINGLE_CITY_DISTRICTS_ADJUST_GREAT_PERSON_POINTS','DISTRICT_IS_THEATER'),
	('DIVINE_SPARK_COMMERCIAL_HUB',									'MODIFIER_ALL_CITIES_ATTACH_MODIFIER',				'CITY_FOLLOWS_PANTHEON_REQUIREMENTS'),
	('DIVINE_SPARK_COMMERCIAL_HUB_MODIFIER',						'MODIFIER_SINGLE_CITY_DISTRICTS_ADJUST_GREAT_PERSON_POINTS','DISTRICT_IS_COMMERCIAL_HUB'),
	('DIVINE_SPARK_INDUSTRIAL_ZONE',								'MODIFIER_ALL_CITIES_ATTACH_MODIFIER',				'CITY_FOLLOWS_PANTHEON_REQUIREMENTS'),
	('DIVINE_SPARK_INDUSTRIAL_ZONE_MODIFIER',						'MODIFIER_SINGLE_CITY_DISTRICTS_ADJUST_GREAT_PERSON_POINTS','DISTRICT_IS_INDUSTRIAL_ZONE'),
	('DIVINE_SPARK_HARBOR',											'MODIFIER_ALL_CITIES_ATTACH_MODIFIER',				'CITY_FOLLOWS_PANTHEON_REQUIREMENTS'),
	('DIVINE_SPARK_HARBOR_MODIFIER',								'MODIFIER_SINGLE_CITY_DISTRICTS_ADJUST_GREAT_PERSON_POINTS','DISTRICT_IS_DISTRICT_HARBOR_REQUIREMENTS'),
	('DIVINE_SPARK_ENCAMPMENT',										'MODIFIER_ALL_CITIES_ATTACH_MODIFIER',				'CITY_FOLLOWS_PANTHEON_REQUIREMENTS'),
	('DIVINE_SPARK_ENCAMPMENT_MODIFIER',							'MODIFIER_SINGLE_CITY_DISTRICTS_ADJUST_GREAT_PERSON_POINTS','DISTRICT_IS_DISTRICT_ENCAMPMENT_REQUIREMENTS'),
	('DIVINE_SPARK_THEATRE_ARTIST',									'MODIFIER_ALL_CITIES_ATTACH_MODIFIER',				'CITY_FOLLOWS_PANTHEON_REQUIREMENTS'),
	('DIVINE_SPARK_THEATRE_ARTIST_MODIFIER',						'MODIFIER_SINGLE_CITY_DISTRICTS_ADJUST_GREAT_PERSON_POINTS','DISTRICT_IS_THEATER'),
	('DIVINE_SPARK_THEATRE_MUSICIAN',									'MODIFIER_ALL_CITIES_ATTACH_MODIFIER',				'CITY_FOLLOWS_PANTHEON_REQUIREMENTS'),
	('DIVINE_SPARK_THEATRE_MUSICIAN_MODIFIER',						'MODIFIER_SINGLE_CITY_DISTRICTS_ADJUST_GREAT_PERSON_POINTS','DISTRICT_IS_THEATER'),
	('DIVINE_SPARK_EXTRA_DISTRICT',									'MODIFIER_ALL_PLAYERS_ATTACH_MODIFIER',				'PLAYER_HAS_PANTHEON_REQUIREMENTS'),
	('DIVINE_SPARK_EXTRA_DISTRICT_MODIFIER',						'MODIFIER_PLAYER_CITIES_EXTRA_DISTRICT',			'CITY_HAS_BUILDING_PALACE_REQUIREMENTS'),
	--('DIVINE_SPARK_MERCHANT',										'MODIFIER_ALL_CITIES_ATTACH_MODIFIER',				'CITY_FOLLOWS_PANTHEON_REQUIREMENTS'),
	--('DIVINE_SPARK_MERCHANT_MODIFIER',								'MODIFIER_SINGLE_CITY_ADJUST_GREAT_PERSON_POINT',	'BUILDING_IS_MARKET'),
	--('DIVINE_SPARK_ENGINEER',										'MODIFIER_ALL_CITIES_ATTACH_MODIFIER',				'CITY_FOLLOWS_PANTHEON_REQUIREMENTS'),
	--('DIVINE_SPARK_ENGINEER_MODIFIER',								'MODIFIER_SINGLE_CITY_ADJUST_GREAT_PERSON_POINT',	'BUILDING_IS_WORKSHOP'),
	('GOD_OF_WAR_GREAT_PROPHET_KILLS',								'MODIFIER_ALL_PLAYERS_ATTACH_MODIFIER',				'PLAYER_HAS_PANTHEON_REQUIREMENTS'),
	('GOD_OF_WAR_GREAT_PROPHET_KILLS_MODIFIER',						'MODIFIER_PLAYER_UNITS_GRANT_ABILITY',				NULL),
	('GOD_OF_WAR_GREAT_PROPHET_POINTS',								'MODIFIER_PLAYER_ADJUST_UNITS_GREAT_PEOPLE_POINTS_PER_KILL_BY_DEFEATED_STRENGTH',	NULL),
	('GOD_OF_WAR_GREAT_COMBAT_STRENGTH',							'MODIFIER_ALL_PLAYERS_ATTACH_MODIFIER',				'PLAYER_HAS_PANTHEON_REQUIREMENTS'),
	('GOD_OF_WAR_GREAT_COMBAT_STRENGTH_MODIFIER',					'MODIFIER_PLAYER_UNITS_ADJUST_COMBAT_STRENGTH',		NULL),
	('RELIGIOUS_SETTLEMENTS_INCREASED_TILES',						'MODIFIER_ALL_PLAYERS_ATTACH_MODIFIER',				'PLAYER_HAS_PANTHEON_REQUIREMENTS'),
	('RELIGIOUS_SETTLEMENTS_INCREASED_TILES_MODIFIER',				'MODIFIER_PLAYER_ADJUST_CITY_TILES',				NULL),
	('RELIGIOUS_SETTLEMENTS_SETTLER_MOVEMENT',						'MODIFIER_ALL_PLAYERS_ATTACH_MODIFIER',				'PLAYER_HAS_PANTHEON_REQUIREMENTS'),
	('RELIGIOUS_SETTLEMENTS_SETTLER_MOVEMENT_MODIFIER',				'MODIFIER_PLAYER_UNITS_ADJUST_MOVEMENT',			'UNIT_IS_UNIT_SETTLER_REQUIREMENTS'),
	--('RELIGIOUS_SETTLEMENTS_SETTLER_PRODUCTION',					'MODIFIER_ALL_CITIES_ATTACH_MODIFIER',				'CITY_FOLLOWS_PANTHEON_REQUIREMENTS'),
	--('RELIGIOUS_SETTLEMENTS_SETTLER_PRODUCTION_MODIFIER',			'MODIFIER_SINGLE_CITY_ADJUST_UNIT_PRODUCTION',		NULL),
	--('RELIGIOUS_SETTLEMENTS_PLOT_PURCHASE_DISCOUNT',				'MODIFIER_ALL_CITIES_ATTACH_MODIFIER',				'CITY_FOLLOWS_PANTHEON_REQUIREMENTS'),
	--('RELIGIOUS_SETTLEMENTS_PLOT_PURCHASE_DISCOUNT_MODIFIER',		'MODIFIER_SINGLE_CITY_ADJUST_PLOT_PURCHASE_COST',	NULL),
	('FERTILITY_RITES_GRANARY_GROWTH',								'MODIFIER_ALL_CITIES_ATTACH_MODIFIER',				'CITY_FOLLOWS_PANTHEON_REQUIREMENTS'),
	('FERTILITY_RITES_GRANARY_GROWTH_MODIFIER',						'MODIFIER_SINGLE_CITY_ADJUST_CITY_YIELD_MODIFIER',	'CITY_HAS_GRANARY'),
	('FERTILITY_RITES_GRANARY_ADD_FOOD',							'MODIFIER_ALL_PLAYERS_ATTACH_MODIFIER',				'PLAYER_HAS_PANTHEON_REQUIREMENTS'),
	('FERTILITY_RITES_GRANARY_ADD_FOOD_MODIFIER',					'MODIFIER_PLAYER_CITIES_ADJUST_BUILDING_YIELD_CHANGE',	null),
	('FERTILITY_RITES_GRANARY_FAITH_PURCHASE',						'MODIFIER_ALL_CITIES_ATTACH_MODIFIER',				'CITY_FOLLOWS_PANTHEON_REQUIREMENTS'),
	('FERTILITY_RITES_GRANARY_FAITH_PURCHASE_MODIFIER',				'MODIFIER_CITY_ENABLE_SPECIFIC_BUILDING_FAITH_PURCHASE', NULL),
	--('FERTILITY_RITES_GRANARY_PURCHASE_DISCOUNT',					'MODIFIER_ALL_CITIES_ATTACH_MODIFIER',				'CITY_FOLLOWS_PANTHEON_REQUIREMENTS'),
	--('FERTILITY_RITES_GRANARY_PURCHASE_DISCOUNT_MODIFIER',			'MODIFIER_CITY_ADJUST_BUILDING_PURCHASE_COST',		NULL),
	--('FERTILITY_RITES_GRANARY_PRODUCTION',							'MODIFIER_ALL_CITIES_ATTACH_MODIFIER',				'CITY_FOLLOWS_PANTHEON_REQUIREMENTS'),
	--('FERTILITY_RITES_GRANARY_PRODUCTION_MODIFIER',					'MODIFIER_SINGLE_CITY_ADJUST_BUILDING_PRODUCTION',	NULL),
	('MONUMENT_TO_THE_GODS_MONUMENT_CULTURE',						'MODIFIER_ALL_CITIES_ATTACH_MODIFIER',				'CITY_FOLLOWS_PANTHEON_REQUIREMENTS'),
	('MONUMENT_TO_THE_GODS_MONUMENT_CULTURE_MODIFIER',				'MODIFIER_SINGLE_CITY_ADJUST_CITY_YIELD_MODIFIER',	'CITY_HAS_MONUMENT'),
	('MONUMENT_TO_THE_GODS_MONUMENT_ADD_CULTURE',					'MODIFIER_ALL_PLAYERS_ATTACH_MODIFIER',				'PLAYER_HAS_PANTHEON_REQUIREMENTS'),
	('MONUMENT_TO_THE_GODS_MONUMENT_ADD_CULTURE_MODIFIER',			'MODIFIER_PLAYER_CITIES_ADJUST_BUILDING_YIELD_CHANGE',	null),
	('MONUMENT_TO_THE_GODS_MONUMENT_FAITH_PURCHASE',				'MODIFIER_ALL_CITIES_ATTACH_MODIFIER',				'CITY_FOLLOWS_PANTHEON_REQUIREMENTS'),
	('MONUMENT_TO_THE_GODS_MONUMENT_FAITH_PURCHASE_MODIFIER',		'MODIFIER_CITY_ENABLE_SPECIFIC_BUILDING_FAITH_PURCHASE', NULL),
	--('MONUMENT_TO_THE_GODS_MONUMENT_PURCHASE_DISCOUNT',				'MODIFIER_ALL_CITIES_ATTACH_MODIFIER',				'CITY_FOLLOWS_PANTHEON_REQUIREMENTS'),
	--('MONUMENT_TO_THE_GODS_MONUMENT_PURCHASE_DISCOUNT_MODIFIER',	'MODIFIER_CITY_ADJUST_BUILDING_PURCHASE_COST',		NULL),
	--('MONUMENT_TO_THE_GODS_MONUMENT_PRODUCTION',					'MODIFIER_ALL_CITIES_ATTACH_MODIFIER',				'CITY_FOLLOWS_PANTHEON_REQUIREMENTS'),
	--('MONUMENT_TO_THE_GODS_MONUMENT_PRODUCTION_MODIFIER',			'MODIFIER_SINGLE_CITY_ADJUST_BUILDING_PRODUCTION',	NULL),
	--('CITY_PATRON_GODDESS_CASTLEPRODUCTION',						'MODIFIER_ALL_CITIES_ATTACH_MODIFIER',				'CITY_FOLLOWS_PANTHEON_REQUIREMENTS'),
	--('CITY_PATRON_GODDESS_CASTLEPRODUCTION_MODIFIER',				'MODIFIER_SINGLE_CITY_ADJUST_BUILDING_PRODUCTION',	NULL),
	--('CITY_PATRON_GODDESS_WALLSPRODUCTION',							'MODIFIER_ALL_CITIES_ATTACH_MODIFIER',				'CITY_FOLLOWS_PANTHEON_REQUIREMENTS'),
	--('CITY_PATRON_GODDESS_WALLSPRODUCTION_MODIFIER',				'MODIFIER_SINGLE_CITY_ADJUST_BUILDING_PRODUCTION',	NULL),
	--('CITY_PATRON_GODDESS_STARFORTPRODUCTION',						'MODIFIER_ALL_CITIES_ATTACH_MODIFIER',				'CITY_FOLLOWS_PANTHEON_REQUIREMENTS'),
	--('CITY_PATRON_GODDESS_STARFORTPRODUCTION_MODIFIER',				'MODIFIER_SINGLE_CITY_ADJUST_BUILDING_PRODUCTION',	NULL),
	--('CITY_PATRON_GODDESS_TSIKHEPRODUCTION',						'MODIFIER_ALL_CITIES_ATTACH_MODIFIER',				'CITY_FOLLOWS_PANTHEON_REQUIREMENTS'),
	--('CITY_PATRON_GODDESS_TSIKHEPRODUCTION_MODIFIER',				'MODIFIER_SINGLE_CITY_ADJUST_BUILDING_PRODUCTION',	NULL),
	--('CITY_PATRON_GODDESS_INNERDEFENSE',							'MODIFIER_ALL_CITIES_ATTACH_MODIFIER',				'CITY_FOLLOWS_PANTHEON_REQUIREMENTS'),
	--('CITY_PATRON_GODDESS_INNERDEFENSE_MODIFIER',					'MODIFIER_SINGLE_CITY_ADJUST_INNER_DEFENSE',		NULL),
	--('CITY_PATRON_GODDESS_RANGEDSTRIKE',							'MODIFIER_ALL_CITIES_ATTACH_MODIFIER',				'CITY_FOLLOWS_PANTHEON_REQUIREMENTS'),
	--('CITY_PATRON_GODDESS_RANGEDSTRIKE_MODIFIER',					'MODIFIER_SINGLE_CITY_ADJUST_RANGED_STRIKE',		NULL),
	--('CITY_PATRON_GODDESS_HOLYSITEPRODUCTION',						'MODIFIER_ALL_CITIES_ATTACH_MODIFIER',				'CITY_FOLLOWS_PANTHEON_REQUIREMENTS'),
	--('CITY_PATRON_GODDESS_HOLYSITEPRODUCTION_MODIFIER',				'MODIFIER_SINGLE_CITY_ADJUST_DISTRICT_PRODUCTION',	NULL),
	('MESSENGER_OF_THE_GODS_SCOUT_MOVEMENT',						'MODIFIER_ALL_PLAYERS_ATTACH_MODIFIER',				'PLAYER_HAS_PANTHEON_REQUIREMENTS'),
	('MESSENGER_OF_THE_GODS_SCOUT_MOVEMENT_MODIFIER',				'MODIFIER_PLAYER_UNITS_ADJUST_MOVEMENT',			'SURVEY_RECONUNITEXPERIENCE_REQUIREMENTS'), -- temp use
	('GOD_OF_THE_OPEN_SKY_PASTURE_FOOD',							'MODIFIER_ALL_CITIES_ATTACH_MODIFIER',				'CITY_FOLLOWS_PANTHEON_REQUIREMENTS'),
	('GOD_OF_THE_OPEN_SKY_PASTURE_FOOD_MODIFIER',					'MODIFIER_CITY_PLOT_YIELDS_ADJUST_PLOT_YIELD',		'PLOT_HAS_PASTURE_REQUIREMENTS'),
	('ORAL_TRADITION_PLANTATION_CULTURE',							'MODIFIER_ALL_CITIES_ATTACH_MODIFIER',				'CITY_FOLLOWS_PANTHEON_REQUIREMENTS'),
	('ORAL_TRADITION_PLANTATION_CULTURE_MODIFIER',					'MODIFIER_CITY_PLOT_YIELDS_ADJUST_PLOT_YIELD',		'PLOT_HAS_PLANTATION_REQUIREMENTS'),
	('ORAL_TRADITION_PLANTATION_GOLD',								'MODIFIER_ALL_CITIES_ATTACH_MODIFIER',				'CITY_FOLLOWS_PANTHEON_REQUIREMENTS'),
	('ORAL_TRADITION_PLANTATION_GOLD_MODIFIER',						'MODIFIER_CITY_PLOT_YIELDS_ADJUST_PLOT_YIELD',		'PLOT_HAS_PLANTATION_REQUIREMENTS'),
	-- ('GODDESS_OF_THE_HUNT_GOLD',									'MODIFIER_ALL_CITIES_ATTACH_MODIFIER',				'CITY_FOLLOWS_PANTHEON_REQUIREMENTS'),
	-- ('GODDESS_OF_THE_HUNT_GOLD_MODIFIER',							'MODIFIER_CITY_PLOT_YIELDS_ADJUST_PLOT_YIELD',		'PLOT_HAS_CAMP_REQUIREMENTS'),
	('LADY_OF_THE_MARSHES_SCIENCE',									'MODIFIER_ALL_CITIES_ATTACH_MODIFIER',				'CITY_FOLLOWS_PANTHEON_REQUIREMENTS'),
	('LADY_OF_THE_MARSHES_SCIENCE_MODIFIER',						'MODIFIER_CITY_PLOT_YIELDS_ADJUST_PLOT_YIELD',		'PLOT_HAS_MARSH_REQUIREMENTS'),
	-- ('LADY_OF_FLOODLAN_APPEAL',										'MODIFIER_ALL_CITIES_ATTACH_MODIFIER',				'CITY_FOLLOWS_PANTHEON_REQUIREMENTS'),
	-- ('LADY_OF_FLOODLAN_APPEAL_MODIFIER',							'MODIFIER_CITY_ADJUST_FEATURE_APPEAL_MODIFIER',		NULL),
	-- ('LADY_OF_GRASSFLOODLAN_APPEAL',								'MODIFIER_ALL_CITIES_ATTACH_MODIFIER',				'CITY_FOLLOWS_PANTHEON_REQUIREMENTS'),
	-- ('LADY_OF_GRASSFLOODLAN_APPEAL_MODIFIER',						'MODIFIER_CITY_ADJUST_FEATURE_APPEAL_MODIFIER',		NULL),
	-- ('LADY_OF_PLAINFLOODLAN_APPEAL',								'MODIFIER_ALL_CITIES_ATTACH_MODIFIER',				'CITY_FOLLOWS_PANTHEON_REQUIREMENTS'),
	-- ('LADY_OF_PLAINFLOODLAN_APPEAL_MODIFIER',						'MODIFIER_CITY_ADJUST_FEATURE_APPEAL_MODIFIER',		NULL),
	('GODDESS_OF_THE_HARVEST_FARM_RESOURCE_FOOD',					'MODIFIER_ALL_CITIES_ATTACH_MODIFIER',				'CITY_FOLLOWS_PANTHEON_REQUIREMENTS'),
	('GODDESS_OF_THE_HARVEST_FARM_RESOURCE_FOOD_MODIFIER',			'MODIFIER_CITY_PLOT_YIELDS_ADJUST_PLOT_YIELD',		'HD_PLOT_HAS_RESOURCE_FARM_REQUIREMENTS'),
	('GODDESS_OF_THE_HARVEST_FARM_RESOURCE_PRODUCTION',				'MODIFIER_ALL_CITIES_ATTACH_MODIFIER',				'CITY_FOLLOWS_PANTHEON_REQUIREMENTS'),
	('GODDESS_OF_THE_HARVEST_FARM_RESOURCE_PRODUCTION_MODIFIER',	'MODIFIER_CITY_PLOT_YIELDS_ADJUST_PLOT_YIELD',		'HD_PLOT_HAS_RESOURCE_FARM_REQUIREMENTS'),
	-- ('GODDESS_OF_THE_HARVEST_FARM_GOLD',							'MODIFIER_ALL_CITIES_ATTACH_MODIFIER',				'CITY_FOLLOWS_PANTHEON_REQUIREMENTS'),
	-- ('GODDESS_OF_THE_HARVEST_FARM_GOLD_MODIFIER',					'MODIFIER_CITY_PLOT_YIELDS_ADJUST_PLOT_YIELD',		'PLOT_HAS_FARM_REQUIREMENTS'),
	('GOD_OF_THE_SEA_FISHINGBOATS_FOOD',							'MODIFIER_ALL_CITIES_ATTACH_MODIFIER',				'CITY_FOLLOWS_PANTHEON_REQUIREMENTS'),
	('GOD_OF_THE_SEA_FISHINGBOATS_FOOD_MODIFIER',					'MODIFIER_CITY_PLOT_YIELDS_ADJUST_PLOT_YIELD',		'PLOT_HAS_FISHINGBOATS_REQUIREMENTS'),
	('OCEAN_MOTHER_CENTER_COAST_FOOD',								'MODIFIER_ALL_CITIES_ATTACH_MODIFIER',				'CITY_FOLLOWS_PANTHEON_REQUIREMENTS'),
	('OCEAN_MOTHER_CENTER_COAST_FOOD_MODIFIER',						'MODIFIER_SINGLE_CITY_TERRAIN_ADJACENCY',			NULL),
	('OCEAN_MOTHER_CENTER_COAST_FAITH',								'MODIFIER_ALL_CITIES_ATTACH_MODIFIER',				'CITY_FOLLOWS_PANTHEON_REQUIREMENTS'),
	('OCEAN_MOTHER_CENTER_COAST_FAITH_MODIFIER',					'MODIFIER_SINGLE_CITY_TERRAIN_ADJACENCY',			NULL),
	('OCEAN_MOTHER_GREAT_PROPHET',									'MODIFIER_ALL_CITIES_ATTACH_MODIFIER',				'CITY_FOLLOWS_PANTHEON_REQUIREMENTS'),
	('OCEAN_MOTHER_GREAT_PROPHET_MODIFIER',							'MODIFIER_SINGLE_CITY_ADJUST_GREAT_PERSON_POINT',	'PLOT_IS_ADJACENT_TO_COAST'),
	('OCEAN_MOTHER_HOUSING',										'MODIFIER_ALL_CITIES_ATTACH_MODIFIER',				'CITY_FOLLOWS_PANTHEON_REQUIREMENTS'),
    ('OCEAN_MOTHER_HOUSING_MODIFIER',                               'MODIFIER_SINGLE_CITY_ADJUST_WATER_HOUSING',		'PLOT_IS_ADJACENT_TO_COAST'),
	--('OCEAN_MOTHER_COAST_FOOD',										'MODIFIER_ALL_CITIES_ATTACH_MODIFIER',				'CITY_FOLLOWS_PANTHEON_REQUIREMENTS'),
	--('OCEAN_MOTHER_COAST_FOOD_MODIFIER',							'MODIFIER_CITY_PLOT_YIELDS_ADJUST_PLOT_YIELD',		'PLOT_IS_COAST_NOT_LAKE_REQUIREMENTS'),
	--('OCEAN_MOTHER_OCEAN_FOOD',										'MODIFIER_ALL_CITIES_ATTACH_MODIFIER',				'CITY_FOLLOWS_PANTHEON_REQUIREMENTS'),
	--('OCEAN_MOTHER_OCEAN_FOOD_MODIFIER',							'MODIFIER_CITY_PLOT_YIELDS_ADJUST_PLOT_YIELD',		'PLOT_IS_OCEAN_REQUIREMENTS'),
	--('OCEAN_MOTHER_COASTAL_CITY_CULTURE',							'MODIFIER_ALL_CITIES_ATTACH_MODIFIER',				'CITY_FOLLOWS_PANTHEON_REQUIREMENTS'),
	--('OCEAN_MOTHER_COASTAL_CITY_CULTURE_MODIFIER',					'MODIFIER_SINGLE_CITY_ADJUST_YIELD_CHANGE',			'PLOT_IS_ADJACENT_TO_COAST'),
	('DRUID_FOREST_FOOD',											'MODIFIER_ALL_CITIES_ATTACH_MODIFIER',				'CITY_FOLLOWS_PANTHEON_REQUIREMENTS'),
	('DRUID_FOREST_FOOD_MODIFIER',									'MODIFIER_CITY_PLOT_YIELDS_ADJUST_PLOT_YIELD',		'HD_PLOT_HAS_FOREST_REQUIREMENTS'),
	('DRUID_JUNGLE_PRODUCTION',										'MODIFIER_ALL_CITIES_ATTACH_MODIFIER',				'CITY_FOLLOWS_PANTHEON_REQUIREMENTS'),
	('DRUID_JUNGLE_PRODUCTION_MODIFIER',							'MODIFIER_CITY_PLOT_YIELDS_ADJUST_PLOT_YIELD',		'HD_PLOT_HAS_JUNGLE_REQUIREMENTS'),
	('DRUID_IMPROVED_FOREST_GOLD',									'MODIFIER_ALL_CITIES_ATTACH_MODIFIER',				'CITY_FOLLOWS_PANTHEON_REQUIREMENTS'),
	('DRUID_IMPROVED_FOREST_GOLD_MODIFIER',							'MODIFIER_CITY_PLOT_YIELDS_ADJUST_PLOT_YIELD',		'PLOT_HAS_IMPROVED_FOREST_REQUIREMENTS'),
	('DRUID_IMPROVED_JUNGLE_GOLD',									'MODIFIER_ALL_CITIES_ATTACH_MODIFIER',				'CITY_FOLLOWS_PANTHEON_REQUIREMENTS'),
	('DRUID_IMPROVED_JUNGLE_GOLD_MODIFIER',							'MODIFIER_CITY_PLOT_YIELDS_ADJUST_PLOT_YIELD',		'PLOT_HAS_IMPROVED_JUNGLE_REQUIREMENTS'),
	('MAZU_BELIEF_COASTAL_CITY_PROD',								'MODIFIER_ALL_CITIES_ATTACH_MODIFIER',				'CITY_FOLLOWS_PANTHEON_REQUIREMENTS'),
	-- ('MAZU_BELIEF_COASTAL_CITY_PROD_MODIFIER',						'MODIFIER_SINGLE_CITY_ADJUST_YIELD_CHANGE',			'PLOT_IS_ADJACENT_TO_COAST'),
	('MAZU_BELIEF_COASTAL_CITY_PROD_MODIFIER',						'MODIFIER_SINGLE_CITY_ADJUST_YIELD_CHANGE',			'PLOT_IS_COASTAL_LAND_REQUIREMENTS'),
	--('MAZU_BELIEF_COASTAL_DISTRICT_PROD',							'MODIFIER_ALL_CITIES_ATTACH_MODIFIER',				'CITY_FOLLOWS_PANTHEON_REQUIREMENTS'),
	-- ('MAZU_BELIEF_COASTAL_DISTRICT_PROD_MODIFIER',					'MODIFIER_CITY_DISTRICTS_ADJUST_YIELD_CHANGE',		'PLOT_IS_COAST_NOT_LAKE_REQUIREMENTS'),
	--('MAZU_BELIEF_COASTAL_DISTRICT_PROD_MODIFIER',					'MODIFIER_CITY_DISTRICTS_ADJUST_YIELD_CHANGE',		'DISTRICT_IS_HARBOR'),
	('MAZU_BELIEF_HARBOR_FISHING_BOATS_GOLD',						'MODIFIER_ALL_DISTRICTS_ATTACH_MODIFIER',			'CITY_FOLLOWS_PANTHEON_AND_DISTRICT_IS_SPECIALTY_REQUIREMENTS'),
	('MAZU_BELIEF_HARBOR_FISHING_BOATS_GOLD_MODIFIER',				'MODIFIER_PLAYER_ADJUST_PLOT_YIELD',				'HD_MAZU_REQUIREMENTS'),
	('MAZU_BELIEF_HARBOR_GREAT_ADMIRAL',							'MODIFIER_ALL_CITIES_ATTACH_MODIFIER',				'CITY_FOLLOWS_PANTHEON_REQUIREMENTS'),
	('MAZU_BELIEF_HARBOR_GREAT_ADMIRAL_MODIFIER',					'MODIFIER_SINGLE_CITY_DISTRICTS_ADJUST_GREAT_PERSON_POINTS',	'DISTRICT_IS_HARBOR'),		
	('GOD_KING_ALL_YIELDS_CHANGE_CAPITAL',							'MODIFIER_ALL_PLAYERS_ATTACH_MODIFIER',				'PLAYER_HAS_PANTHEON_REQUIREMENTS'),
	('GOD_KING_ALL_YIELDS_CHANGE_CAPITAL_MODIFIER',					'MODIFIER_PLAYER_CAPITAL_CITY_ADJUST_CITY_ALL_YIELDS_CHANGE',	NULL),
	('GOD_KING_ALL_YIELDS_CHANGE_PALACE',							'MODIFIER_ALL_PLAYERS_ATTACH_MODIFIER',				'PLAYER_HAS_PANTHEON_REQUIREMENTS'),
	('GOD_KING_ALL_YIELDS_CHANGE_PALACE_MODIFIER',					'MODIFIER_PLAYER_CITIES_ADJUST_CITY_ALL_YIELDS_CHANGE',	'BUILDING_IS_PALACE'),
	('GOD_KING_ALL_YIELDS_CHANGE_GOV',								'MODIFIER_ALL_PLAYERS_ATTACH_MODIFIER',				'PLAYER_HAS_PANTHEON_REQUIREMENTS'),
	('GOD_KING_ALL_YIELDS_CHANGE_GOV_MODIFIER',						'MODIFIER_PLAYER_CITIES_ADJUST_CITY_ALL_YIELDS_CHANGE',	'CITY_HAS_GOV_DISTRICT'),
	('GOD_KING_ADDPOPULATION',                                      'MODIFIER_ALL_PLAYERS_ATTACH_MODIFIER',             'PLAYER_HAS_PANTHEON_REQUIREMENTS'),
    ('GOD_KING_AMENITY',                                            'MODIFIER_ALL_PLAYERS_ATTACH_MODIFIER',             'PLAYER_HAS_PANTHEON_REQUIREMENTS'),
    ('GOD_KING_AMENITY_MODIFIER',                                   'MODIFIER_PLAYER_CITIES_ADJUST_TRAIT_AMENITY',      'BUILDING_IS_PALACE'),
    ('GOD_KING_HOUSING',                                            'MODIFIER_ALL_PLAYERS_ATTACH_MODIFIER',             'PLAYER_HAS_PANTHEON_REQUIREMENTS'),
    ('GOD_KING_HOUSING_MODIFIER',                                   'MODIFIER_PLAYER_CITIES_ADJUST_BUILDING_HOUSING',   'BUILDING_IS_PALACE'),
	('GOD_KING_ENVOY',                         			            'MODIFIER_ALL_PLAYERS_ATTACH_MODIFIER',             'PLAYER_HAS_PANTHEON_REQUIREMENTS'),
	('GOD_KING_ENVOY_MODIFIER',                                     'MODIFIER_PLAYER_GRANT_INFLUENCE_TOKEN',            null),
	('GOD_KING_GREAT_PROPHET',                         			    'MODIFIER_ALL_PLAYERS_ATTACH_MODIFIER',             'PLAYER_HAS_PANTHEON_REQUIREMENTS'),
	('GOD_KING_GREAT_PROPHET_MODIFIER',                             'MODIFIER_PLAYER_ADJUST_GREAT_PERSON_POINTS',        null),
	('GOD_KING_INFLUENCE',                         			    	'MODIFIER_ALL_PLAYERS_ATTACH_MODIFIER',             'PLAYER_HAS_PANTHEON_REQUIREMENTS'),
	('GOD_KING_INFLUENCE_MODIFIER',                             	'MODIFIER_PLAYER_ADJUST_INFLUENCE_POINTS_PER_TURN',  null),
	--('GOD_KING_POWER',                         			    		'MODIFIER_ALL_PLAYERS_ATTACH_MODIFIER',             'PLAYER_HAS_PANTHEON_REQUIREMENTS'),
	--('GOD_KING_POWER_MODIFIER',                             		'MODIFIER_PLAYER_CITIES_ADJUST_FREE_POWER',  		'PLAYER_HAS_TECH_ELECTRICITY_REQUIREMENTS'),
	('GOD_KING_LIGHT_YEAR',                         			    'MODIFIER_ALL_PLAYERS_ATTACH_MODIFIER',             'PLAYER_HAS_PANTHEON_REQUIREMENTS'),
	('GOD_KING_LIGHT_YEAR_MODIFIER',                             	'MODIFIER_PLAYER_ADJUST_SCIENCE_VICTORY_POINTS_PER_TURN',  'PLAYER_HAS_TECH_OFFWORLD_MISSION_REQUIREMENTS'),
	('GOD_OF_CRAFTSMEN_STRATEGIC_IMPROVED_GOLD',					'MODIFIER_ALL_CITIES_ATTACH_MODIFIER',				'CITY_FOLLOWS_PANTHEON_REQUIREMENTS'),
	('GOD_OF_CRAFTSMEN_STRATEGIC_IMPROVED_GOLD_MODIFIER',			'MODIFIER_CITY_PLOT_YIELDS_ADJUST_PLOT_YIELD',		'PLOT_HAS_STRATEGIC_IMPROVED_REQUIREMENTS'),
	('GOD_OF_CRAFTSMEN_BONUS_STRATEGICS',							'MODIFIER_ALL_CITIES_ATTACH_MODIFIER',				'CITY_FOLLOWS_PANTHEON_REQUIREMENTS'),
	('GOD_OF_CRAFTSMEN_BONUS_STRATEGICS_MODIFIER',					'MODIFIER_SINGLE_CITY_ADJUST_EXTRA_ACCUMULATION',	NULL),
	('GOD_OF_CRAFTSMEN_REVEAL_IRON_ATTACH',							'MODIFIER_ALL_PLAYERS_ATTACH_MODIFIER',				'PLAYER_HAS_PANTHEON_REQUIREMENTS'),
	('GOD_OF_CRAFTSMEN_REVEAL_HORSES_ATTACH',						'MODIFIER_ALL_PLAYERS_ATTACH_MODIFIER',				'PLAYER_HAS_PANTHEON_REQUIREMENTS'),
	('GOD_OF_CRAFTSMEN_REVEAL_IRON',								'MODIFIER_PLAYER_GRANT_FREE_RESOURCE_VISIBILITY',	NULL),
	('GOD_OF_CRAFTSMEN_REVEAL_HORSES',								'MODIFIER_PLAYER_GRANT_FREE_RESOURCE_VISIBILITY',	NULL),
	('GOD_OF_THE_FORGE_STRATEGIC_RESOURCE_COST_DISCOUNT',			'MODIFIER_ALL_CITIES_ATTACH_MODIFIER',				'CITY_FOLLOWS_PANTHEON_REQUIREMENTS'),
	('GOD_OF_THE_FORGE_STRATEGIC_RESOURCE_COST_DISCOUNT_MODIFIER',	'MODIFIER_CITY_ADJUST_STRATEGIC_RESOURCE_REQUIREMENT_MODIFIER',	NULL),
	----- by xhh
	('HD_WOLF_GOD_CAMP_GREAT_PROPHET',								'MODIFIER_ALL_CITIES_ATTACH_MODIFIER',				'CITY_FOLLOWS_PANTHEON_REQUIREMENTS'),
	('HD_WOLF_GOD_CAMP_GREAT_PROPHET_MODIFIER',						'MODIFIER_SINGLE_CITY_ADJUST_GREAT_PERSON_POINT',	'HD_CITY_HAS_RESOURCE_CAMP'),
	('HD_WOLF_GOD_CAMP_CULTURE',									'MODIFIER_ALL_CITIES_ATTACH_MODIFIER',				'CITY_FOLLOWS_PANTHEON_REQUIREMENTS'),
	('HD_WOLF_GOD_CAMP_CULTURE_MODIFIER',							'MODIFIER_CITY_PLOT_YIELDS_ADJUST_PLOT_YIELD',		'PLOT_HAS_CAMP_AND_RESOURCE_REQUIREMENTS'),
	('HD_WOLF_GOD_CAMP_FAITH',										'MODIFIER_ALL_DISTRICTS_ATTACH_MODIFIER',			'CITY_FOLLOWS_PANTHEON_AND_HOLYSITE_REQUIREMENTS'),
	('HD_WOLF_GOD_CAMP_FAITH_MODIFIER',								'MODIFIER_CITY_PLOT_YIELDS_ADJUST_PLOT_YIELD',		'PLOT_HAS_CAMP_REQUIREMENTS'),
	('GOD_OF_THE_FORGE_GRANT_HANDCRAFT',							'MODIFIER_ALL_PLAYERS_ATTACH_MODIFIER',				'PLAYER_HAS_PANTHEON_REQUIREMENTS'),
	('GOD_OF_THE_FORGE_GRANT_HANDCRAFT_MODIFIER',					'MODIFIER_GRANT_BUILDING_IN_CAPITAL',				NULL),
	('GOD_OF_THE_FORGE_BONUS_MINE_PRODUCTION',						'MODIFIER_ALL_CITIES_ATTACH_MODIFIER',				'CITY_FOLLOWS_PANTHEON_REQUIREMENTS'),
	('GOD_OF_THE_FORGE_BONUS_MINE_PRODUCTION_MODIFIER',				'MODIFIER_CITY_PLOT_YIELDS_ADJUST_PLOT_YIELD',		'PLOT_HAS_BONUS_MINE_REQUIREMENTS'),
	('GOD_OF_THE_FORGE_LUXURY_MINE_PRODUCTION',						'MODIFIER_ALL_CITIES_ATTACH_MODIFIER',				'CITY_FOLLOWS_PANTHEON_REQUIREMENTS'),
	('GOD_OF_THE_FORGE_LUXURY_MINE_PRODUCTION_MODIFIER',			'MODIFIER_CITY_PLOT_YIELDS_ADJUST_PLOT_YIELD',		'PLOT_HAS_LUXURY_MINE_REQUIREMENTS'),
	-- 太阳神, by xiaoxiao
	('HD_SUN_GOD_RESOURCE_FARM_GREAT_PROPHET', 						'MODIFIER_ALL_CITIES_ATTACH_MODIFIER', 				'CITY_FOLLOWS_PANTHEON_REQUIREMENTS'),
	('HD_SUN_GOD_RESOURCE_FARM_GREAT_PROPHET_MODIFIER',				'MODIFIER_SINGLE_CITY_ADJUST_GREAT_PERSON_POINT', 	'HD_CITY_HAS_RESOURCE_FARM'),
	('HD_SUN_GOD_HOLY_SITE_FARM_FAITH',								'MODIFIER_ALL_DISTRICTS_ATTACH_MODIFIER',			'CITY_FOLLOWS_PANTHEON_AND_HOLYSITE_REQUIREMENTS'),
	('HD_SUN_GOD_HOLY_SITE_FARM_FAITH_MODIFIER',					'MODIFIER_CITY_PLOT_YIELDS_ADJUST_PLOT_YIELD',		'PLOT_HAS_FARM_REQUIREMENTS'),
	('HD_SUN_GOD_RESOURCE_FARM_SCIENCE',							'MODIFIER_ALL_CITIES_ATTACH_MODIFIER',				'CITY_FOLLOWS_PANTHEON_REQUIREMENTS'),
	('HD_SUN_GOD_RESOURCE_FARM_SCIENCE_MODIFIER',					'MODIFIER_CITY_PLOT_YIELDS_ADJUST_PLOT_YIELD',		'HD_PLOT_HAS_RESOURCE_FARM_REQUIREMENTS'),
	('HD_SUN_GOD_PLANTATION_FOOD',									'MODIFIER_ALL_CITIES_ATTACH_MODIFIER',				'CITY_FOLLOWS_PANTHEON_REQUIREMENTS'),
	('HD_SUN_GOD_PLANTATION_FOOD_MODIFIER',							'MODIFIER_CITY_PLOT_YIELDS_ADJUST_PLOT_YIELD',		'PLOT_HAS_PLANTATION_REQUIREMENTS'),
	('TALE_OF_DWALVES_BONUS_MINE_FOOD',             				'MODIFIER_ALL_CITIES_ATTACH_MODIFIER',              'CITY_FOLLOWS_PANTHEON_REQUIREMENTS'),
	('TALE_OF_DWALVES_BONUS_MINE_FOOD_MODIFIER',    				'MODIFIER_CITY_PLOT_YIELDS_ADJUST_PLOT_YIELD',      'PLOT_HAS_BONUS_MINE_REQUIREMENTS'),
	('TALE_OF_DWALVES_LUXURY_MINE_FOOD',            				'MODIFIER_ALL_CITIES_ATTACH_MODIFIER',              'CITY_FOLLOWS_PANTHEON_REQUIREMENTS'),
	('TALE_OF_DWALVES_LUXURY_MINE_FOOD_MODIFIER',   				'MODIFIER_CITY_PLOT_YIELDS_ADJUST_PLOT_YIELD',      'PLOT_HAS_LUXURY_MINE_REQUIREMENTS'),
	('TALE_OF_DWALVES_STRATEGIC_MINE_FOOD',            				'MODIFIER_ALL_CITIES_ATTACH_MODIFIER',              'CITY_FOLLOWS_PANTHEON_REQUIREMENTS'),
	('TALE_OF_DWALVES_STRATEGIC_MINE_FOOD_MODIFIER',   				'MODIFIER_CITY_PLOT_YIELDS_ADJUST_PLOT_YIELD',      'PLOT_HAS_STRATEGIC_MINE_REQUIREMENTS'),
	('TALE_OF_DWALVES_MINE_GOLD',                   				'MODIFIER_ALL_CITIES_ATTACH_MODIFIER',              'CITY_FOLLOWS_PANTHEON_REQUIREMENTS'),
	('TALE_OF_DWALVES_MINE_GOLD_MODIFIER',          				'MODIFIER_CITY_PLOT_YIELDS_ADJUST_PLOT_YIELD',      'PLOT_HAS_MINE_REQUIREMENTS'),
	('TALE_OF_DWALVES_BONUS_MINE_HOUSING',                			'MODIFIER_ALL_PLAYERS_ATTACH_MODIFIER',             'PLAYER_HAS_PANTHEON_REQUIREMENTS'),
	('TALE_OF_DWALVES_BONUS_MINE_HOUSING_MODIFIER',       			'MODIFIER_PLAYER_IMPROVEMENTS_ATTACH_MODIFIER',     'PLOT_HAS_BONUS_MINE_REQUIREMENTS'),
	('TALE_OF_DWALVES_LUXURY_MINE_HOUSING',							'MODIFIER_ALL_PLAYERS_ATTACH_MODIFIER',				'PLAYER_HAS_PANTHEON_REQUIREMENTS'),
	('TALE_OF_DWALVES_LUXURY_MINE_HOUSING_MODIFIER',				'MODIFIER_PLAYER_IMPROVEMENTS_ATTACH_MODIFIER',		'PLOT_HAS_LUXURY_MINE_REQUIREMENTS'),
	('TALE_OF_DWALVES_STRATEGIC_MINE_HOUSING',						'MODIFIER_ALL_PLAYERS_ATTACH_MODIFIER',				'PLAYER_HAS_PANTHEON_REQUIREMENTS'),
	('TALE_OF_DWALVES_STRATEGIC_MINE_HOUSING_MODIFIER',				'MODIFIER_PLAYER_IMPROVEMENTS_ATTACH_MODIFIER',		'PLOT_HAS_STRATEGIC_MINE_REQUIREMENTS'),
	('TALE_OF_DWALVES_MINE_HOUSING_MODIMODIFIER',   				'MODIFIER_SINGLE_CITY_ADJUST_IMPROVEMENT_HOUSING',  null),
	('MEGALITHIC_WORSHIP_QUARRY_CULTURE',           				'MODIFIER_ALL_CITIES_ATTACH_MODIFIER',              'CITY_FOLLOWS_PANTHEON_REQUIREMENTS'),
	('MEGALITHIC_WORSHIP_QUARRY_CULTURE_MODIFIER',  				'MODIFIER_CITY_PLOT_YIELDS_ADJUST_PLOT_YIELD',      'PLOT_HAS_QUARRY_REQUIREMENTS'),
	('MEGALITHIC_WORSHIP_QUARRY_GOLD',              				'MODIFIER_ALL_CITIES_ATTACH_MODIFIER',              'CITY_FOLLOWS_PANTHEON_REQUIREMENTS'),
	('MEGALITHIC_WORSHIP_QUARRY_GOLD_MODIFIER',     				'MODIFIER_CITY_PLOT_YIELDS_ADJUST_PLOT_YIELD',      'PLOT_HAS_QUARRY_REQUIREMENTS'),
    --('ILLUMINATORS_ALLOW_BARBARIAN_GALLEY',							'MODIFIER_ALL_PLAYERS_ADJUST_PLAYER_VALID_UNIT_BUILD',	'PLAYER_HAS_PANTHEON_REQUIREMENTS'),
    ('ILLUMINATORS_BABARIAN_STRENGTH',								'MODIFIER_ALL_PLAYERS_ATTACH_MODIFIER',				'PLAYER_HAS_PANTHEON_REQUIREMENTS'),
    ('ILLUMINATORS_BABARIAN_STRENGTH_MODIFIER',						'MODIFIER_PLAYER_UNITS_ADJUST_BARBARIAN_COMBAT',	null),
    ('ILLUMINATORS_ALLOW_BARBARIAN_QUADRIREME',						'MODIFIER_ALL_PLAYERS_ADJUST_PLAYER_VALID_UNIT_BUILD',	'PLAYER_HAS_PANTHEON_REQUIREMENTS'),
    ('ILLUMINATORS_ALLOW_BARBARIAN_HORSEMAN',						'MODIFIER_ALL_PLAYERS_ADJUST_PLAYER_VALID_UNIT_BUILD',	'PLAYER_HAS_PANTHEON_REQUIREMENTS'),
    ('ILLUMINATORS_ALLOW_BARBARIAN_HORSE_ARCHER',					'MODIFIER_ALL_PLAYERS_ADJUST_PLAYER_VALID_UNIT_BUILD',	'PLAYER_HAS_PANTHEON_REQUIREMENTS');
--    ('STARLIGHT_NAVIGATER_RAIDER_ABILITY',							'MODIFIER_ALL_PLAYERS_ATTACH_MODIFIER',					'PLAYER_HAS_PANTHEON_REQUIREMENTS'),
--    ('STARLIGHT_NAVIGATER_RAIDER_ABILITY_MODIFIER',					'MODIFIER_PLAYER_UNITS_GRANT_ABILITY',					null);

insert or replace into Modifiers
	(ModifierId,									RunOnce,	Permanent,		ModifierType,										SubjectRequirementSetId)
values
	('MESSENGER_OF_THE_GODS_FREE_SCOUT',			0,			0,				'MODIFIER_ALL_PLAYERS_ATTACH_MODIFIER',				'PLAYER_HAS_PANTHEON_REQUIREMENTS'),
--	('MESSENGER_OF_THE_GODS_FREE_SCOUT2',			0,			0,				'MODIFIER_ALL_PLAYERS_ATTACH_MODIFIER',				'PLAYER_HAS_PANTHEON_REQUIREMENTS'),
	('MESSENGER_OF_THE_GODS_FREE_SCOUT_MODIFIER',	1,			1,				'MODIFIER_PLAYER_GRANT_UNIT_OF_ABILITY_BY_CLASS_IN_CAPITAL_WITH_MODIFIER',	'PLAYER_HAS_AT_LEAST_ONE_CITY_REQUIREMENTS'),
--	('MESSENGER_OF_THE_GODS_FREE_SCOUT2_MODIFIER',	1,			1,				'MODIFIER_PLAYER_GRANT_UNIT_OF_ABILITY_BY_CLASS_IN_CAPITAL_WITH_MODIFIER',	'PLAYER_HAS_AT_LEAST_ONE_CITY_REQUIREMENTS'),
	('FERTILITY_RITES_FREE_GRANARY',				0,			0,				'MODIFIER_ALL_PLAYERS_ATTACH_MODIFIER',				'PLAYER_HAS_PANTHEON_REQUIREMENTS'),
	('FERTILITY_RITES_FREE_GRANARY_MODIFIER',		1,			1,				'MODIFIER_GRANT_BUILDING_IN_CAPITAL',				NULL),
    ('GOD_KING_ADDPOPULATION_MODIFIER',		        1,			1,				'MODIFIER_PLAYER_CITIES_ADD_POPULATION',			'BUILDING_IS_PALACE'),
	('MONUMENT_TO_THE_GODS_FREE_MONUMENT',			0,			0,				'MODIFIER_ALL_PLAYERS_ATTACH_MODIFIER',				'PLAYER_HAS_PANTHEON_REQUIREMENTS'),
	('MONUMENT_TO_THE_GODS_FREE_MONUMENT_MODIFIER',	1,			1,				'MODIFIER_GRANT_BUILDING_IN_CAPITAL',				NULL);
--	('STARLIGHT_NAVIGATER_FREE_SEADOG',				0,			0,				'MODIFIER_ALL_PLAYERS_ATTACH_MODIFIER',				'PLAYER_HAS_PANTHEON_REQUIREMENTS'),
--	('STARLIGHT_NAVIGATER_FREE_SEADOG_MODIFIER',	1,			1,				'MODIFIER_PLAYER_CITIES_GRANT_UNIT_IN_CITY',		'CITY_HAS_BUILDING_PALACE_REQUIREMENTS');

insert or replace into ModifierArguments
	(ModifierId,													Name,					Value)
values
	('DANCE_OF_THE_AURORA_FAITHTUNDRAADJACENCY',					'TilesRequired',		2),
	('DANCE_OF_THE_AURORA_FAITHTUNDRAHILLSADJACENCY',				'TilesRequired',		2),
	('DANCE_OF_THE_AURORA_HOLYSITE_TUNDRA_GREAT_PROPHET',			'ModifierId',			'DANCE_OF_THE_AURORA_HOLYSITE_TUNDRA_GREAT_PROPHET_MODIFIER'),		
	('DANCE_OF_THE_AURORA_HOLYSITE_TUNDRA_GREAT_PROPHET_MODIFIER',	'GreatPersonClassType',	'GREAT_PERSON_CLASS_PROPHET'),
	('DANCE_OF_THE_AURORA_HOLYSITE_TUNDRA_GREAT_PROPHET_MODIFIER',	'Amount',				2),
	('DANCE_OF_THE_AURORA_HOLYSITE_TUNDRA_FOOD',					'ModifierId',			'DANCE_OF_THE_AURORA_HOLYSITE_TUNDRA_FOOD_MODIFIER'),
	('DANCE_OF_THE_AURORA_HOLYSITE_TUNDRA_FOOD_MODIFIER',			'YieldType',			'YIELD_FOOD'),
	('DANCE_OF_THE_AURORA_HOLYSITE_TUNDRA_FOOD_MODIFIER',			'Amount',				1),
	('DANCE_OF_THE_AURORA_HOLYSITE_TUNDRA_HILL_FOOD',				'ModifierId',			'DANCE_OF_THE_AURORA_HOLYSITE_TUNDRA_HILL_FOOD_MODIFIER'),
	('DANCE_OF_THE_AURORA_HOLYSITE_TUNDRA_HILL_FOOD_MODIFIER',		'YieldType',			'YIELD_FOOD'),
	('DANCE_OF_THE_AURORA_HOLYSITE_TUNDRA_HILL_FOOD_MODIFIER',		'Amount',				1),
	('DANCE_OF_THE_AURORA_HOLYSITE_TUNDRA_CULTURE',					'ModifierId',			'DANCE_OF_THE_AURORA_HOLYSITE_TUNDRA_CULTURE_MODIFIER'),
	('DANCE_OF_THE_AURORA_HOLYSITE_TUNDRA_CULTURE_MODIFIER',		'YieldType',			'YIELD_CULTURE'),
	('DANCE_OF_THE_AURORA_HOLYSITE_TUNDRA_CULTURE_MODIFIER',		'Amount',				1),
	('DANCE_OF_THE_AURORA_HOLYSITE_TUNDRA_HILL_CULTURE',			'ModifierId',			'DANCE_OF_THE_AURORA_HOLYSITE_TUNDRA_HILL_CULTURE_MODIFIER'),
	('DANCE_OF_THE_AURORA_HOLYSITE_TUNDRA_HILL_CULTURE_MODIFIER',	'YieldType',			'YIELD_CULTURE'),
	('DANCE_OF_THE_AURORA_HOLYSITE_TUNDRA_HILL_CULTURE_MODIFIER',	'Amount',				1),
	('DESERT_FOLKLORE_HOLYSITE_DESERT_GREAT_PROPHET',				'ModifierId',			'DESERT_FOLKLORE_HOLYSITE_DESERT_GREAT_PROPHET_MODIFIER'),		
	('DESERT_FOLKLORE_HOLYSITE_DESERT_GREAT_PROPHET_MODIFIER',		'GreatPersonClassType',	'GREAT_PERSON_CLASS_PROPHET'),
	('DESERT_FOLKLORE_HOLYSITE_DESERT_GREAT_PROPHET_MODIFIER',		'Amount',				2),
	('DESERT_FOLKLORE_HOLYSITE_DESERT_FOOD',						'ModifierId',			'DESERT_FOLKLORE_HOLYSITE_DESERT_FOOD_MODIFIER'),
	('DESERT_FOLKLORE_HOLYSITE_DESERT_FOOD_MODIFIER',				'YieldType',			'YIELD_FOOD'),
	('DESERT_FOLKLORE_HOLYSITE_DESERT_FOOD_MODIFIER',				'Amount',				1),
	('DESERT_FOLKLORE_HOLYSITE_DESERT_HILL_FOOD',					'ModifierId',			'DESERT_FOLKLORE_HOLYSITE_DESERT_HILL_FOOD_MODIFIER'),
	('DESERT_FOLKLORE_HOLYSITE_DESERT_HILL_FOOD_MODIFIER',			'YieldType',			'YIELD_FOOD'),
	('DESERT_FOLKLORE_HOLYSITE_DESERT_HILL_FOOD_MODIFIER',			'Amount',				1),
	('DESERT_FOLKLORE_HOLYSITE_DESERT_FAITH',						'ModifierId',			'DESERT_FOLKLORE_HOLYSITE_DESERT_FAITH_MODIFIER'),
	('DESERT_FOLKLORE_HOLYSITE_DESERT_FAITH_MODIFIER',				'YieldType',			'YIELD_FAITH'),
	('DESERT_FOLKLORE_HOLYSITE_DESERT_FAITH_MODIFIER',				'Amount',				1),
	('DESERT_FOLKLORE_HOLYSITE_DESERT_HILL_FAITH',					'ModifierId',			'DESERT_FOLKLORE_HOLYSITE_DESERT_HILL_FAITH_MODIFIER'),
	('DESERT_FOLKLORE_HOLYSITE_DESERT_HILL_FAITH_MODIFIER',			'YieldType',			'YIELD_FAITH'),
	('DESERT_FOLKLORE_HOLYSITE_DESERT_HILL_FAITH_MODIFIER',			'Amount',				1),
	('SACRED_PATH_HOLYSITE_JUNGLE_GREAT_PROPHET',					'ModifierId',			'SACRED_PATH_HOLYSITE_JUNGLE_GREAT_PROPHET_MODIFIER'),		
	('SACRED_PATH_HOLYSITE_JUNGLE_GREAT_PROPHET_MODIFIER',			'GreatPersonClassType',	'GREAT_PERSON_CLASS_PROPHET'),
	('SACRED_PATH_HOLYSITE_JUNGLE_GREAT_PROPHET_MODIFIER',			'Amount',				2),
	('SACRED_PATH_HOLYSITE_JUNGLE_CULTURE',							'ModifierId',			'SACRED_PATH_HOLYSITE_JUNGLE_CULTURE_MODIFIER'),
	('SACRED_PATH_HOLYSITE_JUNGLE_CULTURE_MODIFIER',				'YieldType',			'YIELD_CULTURE'),
	('SACRED_PATH_HOLYSITE_JUNGLE_CULTURE_MODIFIER',				'Amount',				1),
	('THE_PEOPLE_OF_POLAR_TUNDRA_IMPROVEMENT_PRODUCTION',			'ModifierId',			'THE_PEOPLE_OF_POLAR_TUNDRA_IMPROVEMENT_PRODUCTION_MODIFIER'),
	('THE_PEOPLE_OF_POLAR_TUNDRA_IMPROVEMENT_PRODUCTION_MODIFIER',	'YieldType',			'YIELD_PRODUCTION'),
	('THE_PEOPLE_OF_POLAR_TUNDRA_IMPROVEMENT_PRODUCTION_MODIFIER',	'Amount',				1),
	('THE_PEOPLE_OF_POLAR_TUNDRA_IMPROVEMENT_GOLD',					'ModifierId',			'THE_PEOPLE_OF_POLAR_TUNDRA_IMPROVEMENT_GOLD_MODIFIER'),
	('THE_PEOPLE_OF_POLAR_TUNDRA_IMPROVEMENT_GOLD_MODIFIER',		'YieldType',			'YIELD_GOLD'),
	('THE_PEOPLE_OF_POLAR_TUNDRA_IMPROVEMENT_GOLD_MODIFIER',		'Amount',				2),
	('THE_PEOPLE_OF_POLAR_TUNDRA_FOOD',								'ModifierId',			'THE_PEOPLE_OF_POLAR_TUNDRA_FOOD_MODIFIER'),
	('THE_PEOPLE_OF_POLAR_TUNDRA_FOOD_MODIFIER',					'YieldType',			'YIELD_FOOD'),
	('THE_PEOPLE_OF_POLAR_TUNDRA_FOOD_MODIFIER',					'Amount',				2),
	('GODDESS_OF_THE_DESERT_CITY_CENTER_DESERT_FOOD',				'ModifierId',			'GODDESS_OF_THE_DESERT_CITY_CENTER_DESERT_FOOD_MODIFIER'),
	('GODDESS_OF_THE_DESERT_CITY_CENTER_DESERT_FOOD_MODIFIER',		'DistrictType',			'DISTRICT_CITY_CENTER'),
	('GODDESS_OF_THE_DESERT_CITY_CENTER_DESERT_FOOD_MODIFIER',		'YieldType',			'YIELD_FOOD'),
	('GODDESS_OF_THE_DESERT_CITY_CENTER_DESERT_FOOD_MODIFIER',		'TerrainType',			'TERRAIN_DESERT'),
	('GODDESS_OF_THE_DESERT_CITY_CENTER_DESERT_FOOD_MODIFIER',		'Amount',				1),
	('GODDESS_OF_THE_DESERT_CITY_CENTER_DESERT_FOOD_MODIFIER',		'Description',			'LOC_DISTRICT_DESERT_FOOD'),
	('GODDESS_OF_THE_DESERT_CITY_CENTER_DESERT_HILL_FOOD',			'ModifierId',			'GODDESS_OF_THE_DESERT_CITY_CENTER_DESERT_HILL_FOOD_MODIFIER'),
	('GODDESS_OF_THE_DESERT_CITY_CENTER_DESERT_HILL_FOOD_MODIFIER',	'DistrictType',			'DISTRICT_CITY_CENTER'),
	('GODDESS_OF_THE_DESERT_CITY_CENTER_DESERT_HILL_FOOD_MODIFIER',	'YieldType',			'YIELD_FOOD'),
	('GODDESS_OF_THE_DESERT_CITY_CENTER_DESERT_HILL_FOOD_MODIFIER',	'TerrainType',			'TERRAIN_DESERT_HILLS'),
	('GODDESS_OF_THE_DESERT_CITY_CENTER_DESERT_HILL_FOOD_MODIFIER',	'Amount',				1),
	('GODDESS_OF_THE_DESERT_CITY_CENTER_DESERT_HILL_FOOD_MODIFIER',	'Description',			'LOC_DISTRICT_DESERT_HILLS_FOOD'),
	('GODDESS_OF_THE_DESERT_CITY_CENTER_DESERT_FAITH',				'ModifierId',			'GODDESS_OF_THE_DESERT_CITY_CENTER_DESERT_FAITH_MODIFIER'),
	('GODDESS_OF_THE_DESERT_CITY_CENTER_DESERT_FAITH_MODIFIER',		'DistrictType',			'DISTRICT_CITY_CENTER'),
	('GODDESS_OF_THE_DESERT_CITY_CENTER_DESERT_FAITH_MODIFIER',		'YieldType',			'YIELD_FAITH'),
	('GODDESS_OF_THE_DESERT_CITY_CENTER_DESERT_FAITH_MODIFIER',		'TerrainType',			'TERRAIN_DESERT'),
	('GODDESS_OF_THE_DESERT_CITY_CENTER_DESERT_FAITH_MODIFIER',		'Amount',				1),
	('GODDESS_OF_THE_DESERT_CITY_CENTER_DESERT_FAITH_MODIFIER',		'Description',			'LOC_DISTRICT_DESERT_FAITH'),
	('GODDESS_OF_THE_DESERT_CITY_CENTER_DESERT_HILL_FAITH',			'ModifierId',			'GODDESS_OF_THE_DESERT_CITY_CENTER_DESERT_HILL_FAITH_MODIFIER'),
	('GODDESS_OF_THE_DESERT_CITY_CENTER_DESERT_HILL_FAITH_MODIFIER', 'DistrictType',		'DISTRICT_CITY_CENTER'),
	('GODDESS_OF_THE_DESERT_CITY_CENTER_DESERT_HILL_FAITH_MODIFIER', 'YieldType',			'YIELD_FAITH'),
	('GODDESS_OF_THE_DESERT_CITY_CENTER_DESERT_HILL_FAITH_MODIFIER', 'TerrainType',			'TERRAIN_DESERT_HILLS'),
	('GODDESS_OF_THE_DESERT_CITY_CENTER_DESERT_HILL_FAITH_MODIFIER', 'Amount',				1),
	('GODDESS_OF_THE_DESERT_CITY_CENTER_DESERT_HILL_FAITH_MODIFIER', 'Description',			'LOC_DISTRICT_DESERT_HILLS_FAITH'),
	('GODDESS_OF_THE_DESERT_GREAT_PROPHET',							'ModifierId',			'GODDESS_OF_THE_DESERT_GREAT_PROPHET_MODIFIER'),
	('GODDESS_OF_THE_DESERT_GREAT_PROPHET_MODIFIER',				'GreatPersonClassType',	'GREAT_PERSON_CLASS_PROPHET'),
	('GODDESS_OF_THE_DESERT_GREAT_PROPHET_MODIFIER',				'Amount',				2),
	('VOODOO_CITY_CENTER_JUNGLE_PRODUCTION',						'ModifierId',			'VOODOO_CITY_CENTER_JUNGLE_PRODUCTION_MODIFIER'),
	('VOODOO_CITY_CENTER_JUNGLE_PRODUCTION_MODIFIER',				'DistrictType',			'DISTRICT_CITY_CENTER'),
	('VOODOO_CITY_CENTER_JUNGLE_PRODUCTION_MODIFIER',				'YieldType',			'YIELD_PRODUCTION'),
	('VOODOO_CITY_CENTER_JUNGLE_PRODUCTION_MODIFIER',				'FeatureType',			'FEATURE_JUNGLE'),
	('VOODOO_CITY_CENTER_JUNGLE_PRODUCTION_MODIFIER',				'Amount',				1),
	('VOODOO_CITY_CENTER_JUNGLE_PRODUCTION_MODIFIER',				'Description',			'LOC_DISTRICT_JUNGLE_PRODUCTION'),
	('VOODOO_CITY_CENTER_JUNGLE_CULTURE',							'ModifierId',			'VOODOO_CITY_CENTER_JUNGLE_CULTURE_MODIFIER'),
	('VOODOO_CITY_CENTER_JUNGLE_CULTURE_MODIFIER',					'DistrictType',			'DISTRICT_CITY_CENTER'),
	('VOODOO_CITY_CENTER_JUNGLE_CULTURE_MODIFIER',					'YieldType',			'YIELD_CULTURE'),
	('VOODOO_CITY_CENTER_JUNGLE_CULTURE_MODIFIER',					'FeatureType',			'FEATURE_JUNGLE'),
	('VOODOO_CITY_CENTER_JUNGLE_CULTURE_MODIFIER',					'Amount',				1),
	('VOODOO_CITY_CENTER_JUNGLE_CULTURE_MODIFIER',					'TilesRequired',		2),
	('VOODOO_CITY_CENTER_JUNGLE_CULTURE_MODIFIER',					'Description',			'LOC_DISTRICT_JUNGLE_CULTURE'),
	('EARTH_GODDESS_APPEAL_CHARMING_FAITH',							'ModifierId',			'EARTH_GODDESS_APPEAL_CHARMING_FAITH_MODIFIER'),
	('EARTH_GODDESS_APPEAL_CHARMING_FAITH_MODIFIER',				'YieldType',			'YIELD_FAITH'),
	('EARTH_GODDESS_APPEAL_CHARMING_FAITH_MODIFIER',				'Amount',				1),
	('EARTH_GODDESS_APPEAL_CHARMING_GREAT_PROPHET',					'ModifierId',			'EARTH_GODDESS_APPEAL_CHARMING_GREAT_PROPHET_MODIFIER'),
	('EARTH_GODDESS_APPEAL_CHARMING_GREAT_PROPHET_MODIFIER',		'GreatPersonClassType',	'GREAT_PERSON_CLASS_PROPHET'),
	('EARTH_GODDESS_APPEAL_CHARMING_GREAT_PROPHET_MODIFIER',		'Amount',				2),
	('EARTH_GODDESS_APPEAL_GREAT_PROPHET',							'ModifierId',			'EARTH_GODDESS_APPEAL_GREAT_PROPHET_MODIFIER'),
	('EARTH_GODDESS_APPEAL_GREAT_PROPHET_MODIFIER',					'GreatPersonClassType',	'GREAT_PERSON_CLASS_PROPHET'),
	('EARTH_GODDESS_APPEAL_GREAT_PROPHET_MODIFIER',					'Amount',				2),
	('GODDESS_OF_FIRE_GREAT_PROPHET',								'ModifierId',			'GODDESS_OF_FIRE_GREAT_PROPHET_MODIFIER'),
	('GODDESS_OF_FIRE_GREAT_PROPHET_MODIFIER',						'GreatPersonClassType',	'GREAT_PERSON_CLASS_PROPHET'),
	('GODDESS_OF_FIRE_GREAT_PROPHET_MODIFIER',						'Amount',				4),
	('GODDESS_OF_FIRE_FEATURES_CULTURE',							'ModifierId',			'GODDESS_OF_FIRE_FEATURES_CULTURE_MODIFIER'),
	('GODDESS_OF_FIRE_FEATURES_CULTURE_MODIFIER',					'YieldType',			'YIELD_CULTURE'),
	('GODDESS_OF_FIRE_FEATURES_CULTURE_MODIFIER',					'Amount',				1),
	('RELIGIOUS_IDOLS_LUXURY_MINE_CULTURE',							'ModifierId',			'RELIGIOUS_IDOLS_LUXURY_MINE_CULTURE_MODIFIER'),
	('RELIGIOUS_IDOLS_LUXURY_MINE_CULTURE_MODIFIER',				'YieldType',			'YIELD_CULTURE'),
	('RELIGIOUS_IDOLS_LUXURY_MINE_CULTURE_MODIFIER',				'Amount',				1),
	('RELIGIOUS_IDOLS_BONUS_MINE_CULTURE',							'ModifierId',			'RELIGIOUS_IDOLS_BONUS_MINE_CULTURE_MODIFIER'),
	('RELIGIOUS_IDOLS_BONUS_MINE_CULTURE_MODIFIER',					'YieldType',			'YIELD_CULTURE'),
	('RELIGIOUS_IDOLS_BONUS_MINE_CULTURE_MODIFIER',					'Amount',				1),
	('RELIGIOUS_IDOLS_GREAT_PROPHET',								'ModifierId',			'RELIGIOUS_IDOLS_GREAT_PROPHET_MODIFIER'),
	('RELIGIOUS_IDOLS_GREAT_PROPHET_MODIFIER',						'GreatPersonClassType',	'GREAT_PERSON_CLASS_PROPHET'),
	('RELIGIOUS_IDOLS_GREAT_PROPHET_MODIFIER',						'Amount',				2),
	('RELIGIOUS_IDOLS_STRATEGIC_MINE_CULTURE',						'ModifierId',			'RELIGIOUS_IDOLS_STRATEGIC_MINE_CULTURE_MODIFIER'),
	('RELIGIOUS_IDOLS_STRATEGIC_MINE_CULTURE_MODIFIER',				'YieldType',			'YIELD_CULTURE'),
	('RELIGIOUS_IDOLS_STRATEGIC_MINE_CULTURE_MODIFIER',				'Amount',				1),
	('RELIGIOUS_IDOLS_STRATEGIC_MINE_FAITH',						'ModifierId',			'RELIGIOUS_IDOLS_STRATEGIC_MINE_FAITH_MODIFIER'),
	('RELIGIOUS_IDOLS_STRATEGIC_MINE_FAITH_MODIFIER',				'YieldType',			'YIELD_FAITH'),
	('RELIGIOUS_IDOLS_STRATEGIC_MINE_FAITH_MODIFIER',				'Amount',				1),
	('STONE_CIRCLES_GREAT_PROPHET',									'ModifierId',			'STONE_CIRCLES_GREAT_PROPHET_MODIFIER'),
	('STONE_CIRCLES_GREAT_PROPHET_MODIFIER',						'GreatPersonClassType',	'GREAT_PERSON_CLASS_PROPHET'),
	('STONE_CIRCLES_GREAT_PROPHET_MODIFIER',						'Amount',				2),
	('GODDESS_OF_FESTIVALS_FAITH_PLANTATION_ADJACENCY',				'DistrictType',			'DISTRICT_HOLY_SITE'),
	('GODDESS_OF_FESTIVALS_FAITH_PLANTATION_ADJACENCY',				'YieldType',			'YIELD_FAITH'),
	('GODDESS_OF_FESTIVALS_FAITH_PLANTATION_ADJACENCY',				'ImprovementType',		'IMPROVEMENT_PLANTATION'),
	('GODDESS_OF_FESTIVALS_FAITH_PLANTATION_ADJACENCY',				'Amount',				1),
	('GODDESS_OF_FESTIVALS_FAITH_PLANTATION_ADJACENCY',				'Description',			'LOC_DISTRICT_PLANTATION_FAITH'),
	('GODDESS_OF_FESTIVALS_PLANTATION_SCIENCE',						'ModifierId',			'GODDESS_OF_FESTIVALS_PLANTATION_SCIENCE_MODIFIER'),
	('GODDESS_OF_FESTIVALS_PLANTATION_SCIENCE_MODIFIER',			'YieldType',			'YIELD_SCIENCE'),
	('GODDESS_OF_FESTIVALS_PLANTATION_SCIENCE_MODIFIER',			'Amount',				1),
	('GODDESS_OF_FESTIVALS_PLANTATION_FAITH',						'ModifierId',			'GODDESS_OF_FESTIVALS_PLANTATION_FAITH_MODIFIER'),
	('GODDESS_OF_FESTIVALS_PLANTATION_FAITH_MODIFIER',				'YieldType',			'YIELD_FAITH'),
	('GODDESS_OF_FESTIVALS_PLANTATION_FAITH_MODIFIER',				'Amount',				1),
	('GODDESS_OF_FESTIVALS_PLANTATION_GREAT_PROPHET',				'ModifierId',			'GODDESS_OF_FESTIVALS_PLANTATION_GREAT_PROPHET_MODIFIER'),			
	('GODDESS_OF_FESTIVALS_PLANTATION_GREAT_PROPHET_MODIFIER',		'GreatPersonClassType',	'GREAT_PERSON_CLASS_PROPHET'),
	('GODDESS_OF_FESTIVALS_PLANTATION_GREAT_PROPHET_MODIFIER',		'Amount',				2),
	('TENGRI_FAITH_PASTURE_ADJACENCY',								'DistrictType',			'DISTRICT_HOLY_SITE'),
	('TENGRI_FAITH_PASTURE_ADJACENCY',								'YieldType',			'YIELD_FAITH'),
	('TENGRI_FAITH_PASTURE_ADJACENCY',								'ImprovementType',		'IMPROVEMENT_PASTURE'),
	('TENGRI_FAITH_PASTURE_ADJACENCY',								'Amount',				1),
	('TENGRI_FAITH_PASTURE_ADJACENCY',								'Description',			'LOC_DISTRICT_PASTURE_FAITH'),
	('TENGRI_PASTURE_PRODUCTION',							        'ModifierId',			'TENGRI_PASTURE_PRODUCTION_MODIFIER'),
	('TENGRI_PASTURE_PRODUCTION_MODIFIER',					        'YieldType',			'YIELD_PRODUCTION'),
	('TENGRI_PASTURE_PRODUCTION_MODIFIER',					        'Amount',				1),
	('TENGRI_HOLYSITE_PASTURE_CITY_FAITH',							'ModifierId',			'TENGRI_HOLYSITE_PASTURE_CITY_FAITH_MODIFIER'),
	('TENGRI_HOLYSITE_PASTURE_CITY_FAITH_MODIFIER',					'YieldType',			'YIELD_FAITH'),
	('TENGRI_HOLYSITE_PASTURE_CITY_FAITH_MODIFIER',					'Amount',				1),
	('TENGRI_PASTURE_GREAT_PROPHET',								'ModifierId',			'TENGRI_PASTURE_GREAT_PROPHET_MODIFIER'),
	('TENGRI_PASTURE_GREAT_PROPHET_MODIFIER',						'GreatPersonClassType',	'GREAT_PERSON_CLASS_PROPHET'),
	('TENGRI_PASTURE_GREAT_PROPHET_MODIFIER',						'Amount',				2),
	('ONE_WITH_NATURE_WONDER_GREAT_PROPHET',						'ModifierId',			'ONE_WITH_NATURE_WONDER_GREAT_PROPHET_MODIFIER'),
	('ONE_WITH_NATURE_WONDER_GREAT_PROPHET_MODIFIER',				'GreatPersonClassType',	'GREAT_PERSON_CLASS_PROPHET'),
	('ONE_WITH_NATURE_WONDER_GREAT_PROPHET_MODIFIER',				'Amount',				8),
	('ONE_WITH_NATURE_WONDER_AMENITY',								'ModifierId',			'ONE_WITH_NATURE_WONDER_AMENITY_MODIFIER'),
	('ONE_WITH_NATURE_WONDER_AMENITY_MODIFIER',						'Amount',				2),
	('RIVER_GODDESS_FAITH_RIVER_ADJACENCY',							'ModifierId',			'RIVER_GODDESS_FAITH_RIVER_ADJACENCY_MODIFIER'),
	('RIVER_GODDESS_FAITH_RIVER_ADJACENCY_MODIFIER',				'DistrictType',			'DISTRICT_HOLY_SITE'),
	('RIVER_GODDESS_FAITH_RIVER_ADJACENCY_MODIFIER',				'YieldType',			'YIELD_FAITH'),
	('RIVER_GODDESS_FAITH_RIVER_ADJACENCY_MODIFIER',				'Amount',				2),
	('RIVER_GODDESS_FAITH_RIVER_ADJACENCY_MODIFIER',				'Description',			'LOC_DISTRICT_RIVER_FAITH'),
	('RIVER_GODDESS_GREAT_PROPHET',									'ModifierId',			'RIVER_GODDESS_GREAT_PROPHET_MODIFIER'),
	('RIVER_GODDESS_GREAT_PROPHET_MODIFIER',						'GreatPersonClassType',	'GREAT_PERSON_CLASS_PROPHET'),
	('RIVER_GODDESS_GREAT_PROPHET_MODIFIER',						'Amount',				2),
	('DIVINE_SPARK_CAMPUS',											'ModifierId',			'DIVINE_SPARK_CAMPUS_MODIFIER'),
	('DIVINE_SPARK_CAMPUS_MODIFIER',								'GreatPersonClassType',	'GREAT_PERSON_CLASS_SCIENTIST'),
	('DIVINE_SPARK_CAMPUS_MODIFIER',								'Amount',				2),	
	('DIVINE_SPARK_THEATRE',										'ModifierId',			'DIVINE_SPARK_THEATRE_MODIFIER'),
	('DIVINE_SPARK_THEATRE_MODIFIER',								'GreatPersonClassType',	'GREAT_PERSON_CLASS_WRITER'),
	('DIVINE_SPARK_THEATRE_MODIFIER',								'Amount',				2),
	('DIVINE_SPARK_COMMERCIAL_HUB',									'ModifierId',			'DIVINE_SPARK_COMMERCIAL_HUB_MODIFIER'),
	('DIVINE_SPARK_COMMERCIAL_HUB_MODIFIER',						'GreatPersonClassType',	'GREAT_PERSON_CLASS_MERCHANT'),
	('DIVINE_SPARK_COMMERCIAL_HUB_MODIFIER',						'Amount',				2),
	('DIVINE_SPARK_INDUSTRIAL_ZONE',								'ModifierId',			'DIVINE_SPARK_INDUSTRIAL_ZONE_MODIFIER'),
	('DIVINE_SPARK_INDUSTRIAL_ZONE_MODIFIER',						'GreatPersonClassType',	'GREAT_PERSON_CLASS_ENGINEER'),
	('DIVINE_SPARK_INDUSTRIAL_ZONE_MODIFIER',						'Amount',				2),
	('DIVINE_SPARK_HARBOR',											'ModifierId',			'DIVINE_SPARK_HARBOR_MODIFIER'),
	('DIVINE_SPARK_HARBOR_MODIFIER',								'GreatPersonClassType',	'GREAT_PERSON_CLASS_ADMIRAL'),
	('DIVINE_SPARK_HARBOR_MODIFIER',								'Amount',				2),
	('DIVINE_SPARK_ENCAMPMENT',										'ModifierId',			'DIVINE_SPARK_ENCAMPMENT_MODIFIER'),
	('DIVINE_SPARK_ENCAMPMENT_MODIFIER',							'GreatPersonClassType',	'GREAT_PERSON_CLASS_GENERAL'),
	('DIVINE_SPARK_ENCAMPMENT_MODIFIER',							'Amount',				2),
	('DIVINE_SPARK_THEATRE_ARTIST',									'ModifierId',			'DIVINE_SPARK_THEATRE_ARTIST_MODIFIER'),
	('DIVINE_SPARK_THEATRE_ARTIST_MODIFIER',						'GreatPersonClassType',	'GREAT_PERSON_CLASS_ARTIST'),
	('DIVINE_SPARK_THEATRE_ARTIST_MODIFIER',						'Amount',				2),
	('DIVINE_SPARK_THEATRE_MUSICIAN',								'ModifierId',			'DIVINE_SPARK_THEATRE_MUSICIAN_MODIFIER'),
	('DIVINE_SPARK_THEATRE_MUSICIAN_MODIFIER',						'GreatPersonClassType',	'GREAT_PERSON_CLASS_MUSICIAN'),
	('DIVINE_SPARK_THEATRE_MUSICIAN_MODIFIER',						'Amount',				2),
	('DIVINE_SPARK_EXTRA_DISTRICT',									'ModifierId',			'DIVINE_SPARK_EXTRA_DISTRICT_MODIFIER'),
	('DIVINE_SPARK_EXTRA_DISTRICT_MODIFIER',						'Amount',				1),
	('GOD_OF_WAR_GREAT_PROPHET_KILLS',								'ModifierId',			'GOD_OF_WAR_GREAT_PROPHET_KILLS_MODIFIER'),
	('GOD_OF_WAR_GREAT_PROPHET_KILLS_MODIFIER',						'AbilityType',			'ABILITY_GOD_OF_WAR_GREAT_PROPHET'),
	('GOD_OF_WAR_GREAT_PROPHET_POINTS',								'GreatPersonClassType',	'GREAT_PERSON_CLASS_PROPHET'),
	('GOD_OF_WAR_GREAT_PROPHET_POINTS',								'Amount',				50),
	('GOD_OF_WAR_GREAT_COMBAT_STRENGTH',							'ModifierId',			'GOD_OF_WAR_GREAT_COMBAT_STRENGTH_MODIFIER'),
	('GOD_OF_WAR_GREAT_COMBAT_STRENGTH_MODIFIER',					'Amount',				1),
	('RELIGIOUS_SETTLEMENTS_INCREASED_TILES',						'ModifierId',			'RELIGIOUS_SETTLEMENTS_INCREASED_TILES_MODIFIER'),
	('RELIGIOUS_SETTLEMENTS_INCREASED_TILES_MODIFIER',				'Amount',				4),
	('RELIGIOUS_SETTLEMENTS_SETTLER_MOVEMENT',						'ModifierId',			'RELIGIOUS_SETTLEMENTS_SETTLER_MOVEMENT_MODIFIER'),
	('RELIGIOUS_SETTLEMENTS_SETTLER_MOVEMENT_MODIFIER',				'Amount',				1),
	--('RELIGIOUS_SETTLEMENTS_SETTLER_PRODUCTION',					'ModifierId',			'RELIGIOUS_SETTLEMENTS_SETTLER_PRODUCTION_MODIFIER'),
	--('RELIGIOUS_SETTLEMENTS_SETTLER_PRODUCTION_MODIFIER',			'Amount',				15),
	--('RELIGIOUS_SETTLEMENTS_SETTLER_PRODUCTION_MODIFIER',			'UnitType',				'UNIT_SETTLER'),
	--('RELIGIOUS_SETTLEMENTS_PLOT_PURCHASE_DISCOUNT',				'ModifierId',			'RELIGIOUS_SETTLEMENTS_PLOT_PURCHASE_DISCOUNT_MODIFIER'),
	--('RELIGIOUS_SETTLEMENTS_PLOT_PURCHASE_DISCOUNT_MODIFIER',		'Amount',				-20),
	('FERTILITY_RITES_GRANARY_GROWTH',								'ModifierId',			'FERTILITY_RITES_GRANARY_GROWTH_MODIFIER'),
	('FERTILITY_RITES_GRANARY_GROWTH_MODIFIER',						'YieldType',			'YIELD_FOOD'),
	('FERTILITY_RITES_GRANARY_GROWTH_MODIFIER',						'Amount',				10),
	('FERTILITY_RITES_GRANARY_ADD_FOOD',							'ModifierId',			'FERTILITY_RITES_GRANARY_ADD_FOOD_MODIFIER'),
	('FERTILITY_RITES_GRANARY_ADD_FOOD_MODIFIER',					'BuildingType',			'BUILDING_GRANARY'),
	('FERTILITY_RITES_GRANARY_ADD_FOOD_MODIFIER',					'YieldType',			'YIELD_FOOD'),
	('FERTILITY_RITES_GRANARY_ADD_FOOD_MODIFIER',					'Amount',				1),
	('FERTILITY_RITES_GRANARY_FAITH_PURCHASE',						'ModifierId',			'FERTILITY_RITES_GRANARY_FAITH_PURCHASE_MODIFIER'),
	('FERTILITY_RITES_GRANARY_FAITH_PURCHASE_MODIFIER',				'BuildingType',			'BUILDING_GRANARY'),
	('FERTILITY_RITES_FREE_GRANARY',								'ModifierId',			'FERTILITY_RITES_FREE_GRANARY_MODIFIER'),
	('FERTILITY_RITES_FREE_GRANARY_MODIFIER',						'BuildingType',			'BUILDING_GRANARY'),
	--('FERTILITY_RITES_GRANARY_PURCHASE_DISCOUNT',					'ModifierId',			'FERTILITY_RITES_GRANARY_PURCHASE_DISCOUNT_MODIFIER'),
	--('FERTILITY_RITES_GRANARY_PURCHASE_DISCOUNT_MODIFIER',			'BuildingType',			'BUILDING_GRANARY'),
	--('FERTILITY_RITES_GRANARY_PURCHASE_DISCOUNT_MODIFIER',			'Amount',				20),
	--('FERTILITY_RITES_GRANARY_PRODUCTION',							'ModifierId',			'FERTILITY_RITES_GRANARY_PRODUCTION_MODIFIER'),
	--('FERTILITY_RITES_GRANARY_PRODUCTION_MODIFIER',					'BuildingType',			'BUILDING_GRANARY'),
	--('FERTILITY_RITES_GRANARY_PRODUCTION_MODIFIER',					'Amount',				50),
	('MONUMENT_TO_THE_GODS_MONUMENT_CULTURE',						'ModifierId',			'MONUMENT_TO_THE_GODS_MONUMENT_CULTURE_MODIFIER'),
	('MONUMENT_TO_THE_GODS_MONUMENT_CULTURE_MODIFIER',				'YieldType',			'YIELD_CULTURE'),
	('MONUMENT_TO_THE_GODS_MONUMENT_CULTURE_MODIFIER',				'Amount',				10),
	('MONUMENT_TO_THE_GODS_MONUMENT_ADD_CULTURE',					'ModifierId',			'MONUMENT_TO_THE_GODS_MONUMENT_ADD_CULTURE_MODIFIER'),
	('MONUMENT_TO_THE_GODS_MONUMENT_ADD_CULTURE_MODIFIER',			'BuildingType',			'BUILDING_MONUMENT'),
	('MONUMENT_TO_THE_GODS_MONUMENT_ADD_CULTURE_MODIFIER',			'YieldType',			'YIELD_CULTURE'),
	('MONUMENT_TO_THE_GODS_MONUMENT_ADD_CULTURE_MODIFIER',			'Amount',				1),
	('MONUMENT_TO_THE_GODS_MONUMENT_FAITH_PURCHASE',				'ModifierId',			'MONUMENT_TO_THE_GODS_MONUMENT_FAITH_PURCHASE_MODIFIER'),
	('MONUMENT_TO_THE_GODS_MONUMENT_FAITH_PURCHASE_MODIFIER',		'BuildingType',			'BUILDING_MONUMENT'),
	('MONUMENT_TO_THE_GODS_FREE_MONUMENT',							'ModifierId',			'MONUMENT_TO_THE_GODS_FREE_MONUMENT_MODIFIER'),
	('MONUMENT_TO_THE_GODS_FREE_MONUMENT_MODIFIER',					'BuildingType',			'BUILDING_MONUMENT'),
	--('MONUMENT_TO_THE_GODS_MONUMENT_PURCHASE_DISCOUNT',				'ModifierId',			'MONUMENT_TO_THE_GODS_MONUMENT_PURCHASE_DISCOUNT_MODIFIER'),
	--('MONUMENT_TO_THE_GODS_MONUMENT_PURCHASE_DISCOUNT_MODIFIER',	'BuildingType',			'BUILDING_MONUMENT'),
	--('MONUMENT_TO_THE_GODS_MONUMENT_PURCHASE_DISCOUNT_MODIFIER',	'Amount',				20),
	--('MONUMENT_TO_THE_GODS_MONUMENT_PRODUCTION',					'ModifierId',			'MONUMENT_TO_THE_GODS_MONUMENT_PRODUCTION_MODIFIER'),
	--('MONUMENT_TO_THE_GODS_MONUMENT_PRODUCTION_MODIFIER',			'BuildingType',			'BUILDING_MONUMENT'),
	--('MONUMENT_TO_THE_GODS_MONUMENT_PRODUCTION_MODIFIER',			'Amount',				50),
	--('CITY_PATRON_GODDESS_CASTLEPRODUCTION',						'ModifierId',			'CITY_PATRON_GODDESS_CASTLEPRODUCTION_MODIFIER'),
	--('CITY_PATRON_GODDESS_CASTLEPRODUCTION_MODIFIER',				'BuildingType',			'BUILDING_CASTLE'),
	--('CITY_PATRON_GODDESS_CASTLEPRODUCTION_MODIFIER',				'Amount',				50),
	--('CITY_PATRON_GODDESS_WALLSPRODUCTION',							'ModifierId',			'CITY_PATRON_GODDESS_WALLSPRODUCTION_MODIFIER'),
	--('CITY_PATRON_GODDESS_WALLSPRODUCTION_MODIFIER',				'BuildingType',			'BUILDING_WALLS'),
	--('CITY_PATRON_GODDESS_WALLSPRODUCTION_MODIFIER',				'Amount',				50),
	--('CITY_PATRON_GODDESS_STARFORTPRODUCTION',						'ModifierId',			'CITY_PATRON_GODDESS_STARFORTPRODUCTION_MODIFIER'),
	--('CITY_PATRON_GODDESS_STARFORTPRODUCTION_MODIFIER',				'BuildingType',			'BUILDING_STAR_FORT'),
	--('CITY_PATRON_GODDESS_STARFORTPRODUCTION_MODIFIER',				'Amount',				50),
	--('CITY_PATRON_GODDESS_TSIKHEPRODUCTION',						'ModifierId',			'CITY_PATRON_GODDESS_TSIKHEPRODUCTION_MODIFIER'),
	--('CITY_PATRON_GODDESS_TSIKHEPRODUCTION_MODIFIER',				'BuildingType',			'BUILDING_TSIKHE'),
	--('CITY_PATRON_GODDESS_TSIKHEPRODUCTION_MODIFIER',				'Amount',				50),
	--('CITY_PATRON_GODDESS_INNERDEFENSE',							'ModifierId',			'CITY_PATRON_GODDESS_INNERDEFENSE_MODIFIER'),
	--('CITY_PATRON_GODDESS_INNERDEFENSE_MODIFIER',					'Amount',				6),
	--('CITY_PATRON_GODDESS_RANGEDSTRIKE',							'ModifierId',			'CITY_PATRON_GODDESS_RANGEDSTRIKE_MODIFIER'),
	--('CITY_PATRON_GODDESS_RANGEDSTRIKE_MODIFIER',					'Amount',				3),
	--('CITY_PATRON_GODDESS_HOLYSITEPRODUCTION',						'ModifierId',			'CITY_PATRON_GODDESS_HOLYSITEPRODUCTION_MODIFIER'),
	--('CITY_PATRON_GODDESS_HOLYSITEPRODUCTION_MODIFIER',				'DistrictType',			'DISTRICT_HOLY_SITE'),
	--('CITY_PATRON_GODDESS_HOLYSITEPRODUCTION_MODIFIER',				'Amount',				30),
	('MESSENGER_OF_THE_GODS_FREE_SCOUT',							'ModifierId',			'MESSENGER_OF_THE_GODS_FREE_SCOUT_MODIFIER'),
	('MESSENGER_OF_THE_GODS_FREE_SCOUT_MODIFIER',					'UnitPromotionClassType', 'PROMOTION_CLASS_RECON'),
	('MESSENGER_OF_THE_GODS_FREE_SCOUT_MODIFIER',					'ModifierId',           'HETAIROI_FREE_PROMOTION'),
--	('MESSENGER_OF_THE_GODS_FREE_SCOUT2',							'ModifierId',			'MESSENGER_OF_THE_GODS_FREE_SCOUT2_MODIFIER'),
--	('MESSENGER_OF_THE_GODS_FREE_SCOUT2_MODIFIER',					'UnitPromotionClassType', 'PROMOTION_CLASS_RECON'),
	-- ('MESSENGER_OF_THE_GODS_FREE_SCOUT2_MODIFIER',					'ModifierId',           'HETAIROI_FREE_PROMOTION'),
	('MESSENGER_OF_THE_GODS_SCOUT_MOVEMENT',						'ModifierId',			'MESSENGER_OF_THE_GODS_SCOUT_MOVEMENT_MODIFIER'),
	('MESSENGER_OF_THE_GODS_SCOUT_MOVEMENT_MODIFIER',				'Amount',				1),
	('GOD_OF_THE_OPEN_SKY_PASTURE_FOOD',							'ModifierId',			'GOD_OF_THE_OPEN_SKY_PASTURE_FOOD_MODIFIER'),
	('GOD_OF_THE_OPEN_SKY_PASTURE_FOOD_MODIFIER',					'YieldType',			'YIELD_FOOD'),
	('GOD_OF_THE_OPEN_SKY_PASTURE_FOOD_MODIFIER',					'Amount',				1),
	('ORAL_TRADITION_PLANTATION_CULTURE',							'ModifierId',			'ORAL_TRADITION_PLANTATION_CULTURE_MODIFIER'),
	('ORAL_TRADITION_PLANTATION_CULTURE_MODIFIER',					'YieldType',			'YIELD_CULTURE'),
	('ORAL_TRADITION_PLANTATION_CULTURE_MODIFIER',					'Amount',				1),
	('ORAL_TRADITION_PLANTATION_GOLD',								'ModifierId',			'ORAL_TRADITION_PLANTATION_GOLD_MODIFIER'),
	('ORAL_TRADITION_PLANTATION_GOLD_MODIFIER',						'YieldType',			'YIELD_GOLD'),
	('ORAL_TRADITION_PLANTATION_GOLD_MODIFIER',						'Amount',				3),
	-- ('GODDESS_OF_THE_HUNT_GOLD',									'ModifierId',			'GODDESS_OF_THE_HUNT_GOLD_MODIFIER'),
	-- ('GODDESS_OF_THE_HUNT_GOLD_MODIFIER',							'YieldType',			'YIELD_GOLD'),
	-- ('GODDESS_OF_THE_HUNT_GOLD_MODIFIER',							'Amount',				1),
	('LADY_OF_THE_MARSHES_SCIENCE',									'ModifierId',			'LADY_OF_THE_MARSHES_SCIENCE_MODIFIER'),
	('LADY_OF_THE_MARSHES_SCIENCE_MODIFIER',						'YieldType',			'YIELD_SCIENCE'),
	('LADY_OF_THE_MARSHES_SCIENCE_MODIFIER',						'Amount',				1),
	-- ('LADY_OF_FLOODLAN_APPEAL',										'ModifierId',			'LADY_OF_FLOODLAN_APPEAL_MODIFIER'),
	-- ('LADY_OF_FLOODLAN_APPEAL_MODIFIER',							'FeatureType',			'FEATURE_FLOODPLAINS'),
	-- ('LADY_OF_FLOODLAN_APPEAL_MODIFIER',							'Amount',				1),
	-- ('LADY_OF_GRASSFLOODLAN_APPEAL',								'ModifierId',			'LADY_OF_GRASSFLOODLAN_APPEAL_MODIFIER'),
	-- ('LADY_OF_GRASSFLOODLAN_APPEAL_MODIFIER',						'FeatureType',			'FEATURE_FLOODPLAINS_GRASSLAND'),
	-- ('LADY_OF_GRASSFLOODLAN_APPEAL_MODIFIER',						'Amount',				1),
	-- ('LADY_OF_PLAINFLOODLAN_APPEAL',								'ModifierId',			'LADY_OF_PLAINFLOODLAN_APPEAL_MODIFIER'),
	-- ('LADY_OF_PLAINFLOODLAN_APPEAL_MODIFIER',						'FeatureType',			'FEATURE_FLOODPLAINS_PLAINS'),
	-- ('LADY_OF_PLAINFLOODLAN_APPEAL_MODIFIER',						'Amount',				1),
	('GODDESS_OF_THE_HARVEST_FARM_RESOURCE_FOOD',					'ModifierId',			'GODDESS_OF_THE_HARVEST_FARM_RESOURCE_FOOD_MODIFIER'),
	('GODDESS_OF_THE_HARVEST_FARM_RESOURCE_FOOD_MODIFIER',			'YieldType',			'YIELD_FOOD'),
	('GODDESS_OF_THE_HARVEST_FARM_RESOURCE_FOOD_MODIFIER',			'Amount',				1),
	('GODDESS_OF_THE_HARVEST_FARM_RESOURCE_PRODUCTION',				'ModifierId',			'GODDESS_OF_THE_HARVEST_FARM_RESOURCE_PRODUCTION_MODIFIER'),
	('GODDESS_OF_THE_HARVEST_FARM_RESOURCE_PRODUCTION_MODIFIER',	'YieldType',			'YIELD_PRODUCTION'),
	('GODDESS_OF_THE_HARVEST_FARM_RESOURCE_PRODUCTION_MODIFIER',	'Amount',				1),
	-- ('GODDESS_OF_THE_HARVEST_FARM_GOLD',							'ModifierId',			'GODDESS_OF_THE_HARVEST_FARM_GOLD_MODIFIER'),
	-- ('GODDESS_OF_THE_HARVEST_FARM_GOLD_MODIFIER',					'YieldType',			'YIELD_GOLD'),
	-- ('GODDESS_OF_THE_HARVEST_FARM_GOLD_MODIFIER',					'Amount',				1),
	('GOD_OF_THE_SEA_FISHINGBOATS_FOOD',							'ModifierId',			'GOD_OF_THE_SEA_FISHINGBOATS_FOOD_MODIFIER'),
	('GOD_OF_THE_SEA_FISHINGBOATS_FOOD_MODIFIER',					'YieldType',			'YIELD_FOOD'),
	('GOD_OF_THE_SEA_FISHINGBOATS_FOOD_MODIFIER',					'Amount',				1),
    ('OCEAN_MOTHER_CENTER_COAST_FOOD',								'ModifierId',			'OCEAN_MOTHER_CENTER_COAST_FOOD_MODIFIER'),
	('OCEAN_MOTHER_CENTER_COAST_FOOD_MODIFIER',						'DistrictType',			'DISTRICT_CITY_CENTER'),
	('OCEAN_MOTHER_CENTER_COAST_FOOD_MODIFIER',						'YieldType',			'YIELD_FOOD'),
	('OCEAN_MOTHER_CENTER_COAST_FOOD_MODIFIER',						'TerrainType',			'TERRAIN_COAST'),
	('OCEAN_MOTHER_CENTER_COAST_FOOD_MODIFIER',						'Amount',				1),
	('OCEAN_MOTHER_CENTER_COAST_FOOD_MODIFIER',						'Description',			'LOC_DISTRICT_COAST_FOOD'),
	('OCEAN_MOTHER_CENTER_COAST_FAITH',								'ModifierId',			'OCEAN_MOTHER_CENTER_COAST_FAITH_MODIFIER'),
	('OCEAN_MOTHER_CENTER_COAST_FAITH_MODIFIER',					'DistrictType',			'DISTRICT_CITY_CENTER'),
	('OCEAN_MOTHER_CENTER_COAST_FAITH_MODIFIER',					'YieldType',			'YIELD_FAITH'),
	('OCEAN_MOTHER_CENTER_COAST_FAITH_MODIFIER',					'TerrainType',			'TERRAIN_COAST'),
	('OCEAN_MOTHER_CENTER_COAST_FAITH_MODIFIER',					'Amount',				1),
	('OCEAN_MOTHER_CENTER_COAST_FAITH_MODIFIER',					'Description',			'LOC_DISTRICT_COAST_FAITH'),
	('OCEAN_MOTHER_GREAT_PROPHET',									'ModifierId',			'OCEAN_MOTHER_GREAT_PROPHET_MODIFIER'),
	('OCEAN_MOTHER_GREAT_PROPHET_MODIFIER',							'GreatPersonClassType',	'GREAT_PERSON_CLASS_PROPHET'),
	('OCEAN_MOTHER_GREAT_PROPHET_MODIFIER',							'Amount',				2),
	('OCEAN_MOTHER_HOUSING',							            'ModifierId',			'OCEAN_MOTHER_HOUSING_MODIFIER'),
	('OCEAN_MOTHER_HOUSING_MODIFIER',					            'Amount',				2),
	--('OCEAN_MOTHER_COAST_FOOD',										'ModifierId',			'OCEAN_MOTHER_COAST_FOOD_MODIFIER'),
	--('OCEAN_MOTHER_COAST_FOOD_MODIFIER',							'YieldType',			'YIELD_FOOD'),
	--('OCEAN_MOTHER_COAST_FOOD_MODIFIER',							'Amount',				1),
	--('OCEAN_MOTHER_OCEAN_FOOD',										'ModifierId',			'OCEAN_MOTHER_OCEAN_FOOD_MODIFIER'),
	--('OCEAN_MOTHER_OCEAN_FOOD_MODIFIER',							'YieldType',			'YIELD_FOOD'),
	--('OCEAN_MOTHER_OCEAN_FOOD_MODIFIER',							'Amount',				1),
	--('OCEAN_MOTHER_COASTAL_CITY_CULTURE',							'ModifierId',			'OCEAN_MOTHER_COASTAL_CITY_CULTURE_MODIFIER'),
	--('OCEAN_MOTHER_COASTAL_CITY_CULTURE_MODIFIER',					'YieldType',			'YIELD_CULTURE'),
	--('OCEAN_MOTHER_COASTAL_CITY_CULTURE_MODIFIER',					'Amount',				2),
	('DRUID_FOREST_FOOD',											'ModifierId',			'DRUID_FOREST_FOOD_MODIFIER'),
	('DRUID_FOREST_FOOD_MODIFIER',									'YieldType',			'YIELD_FOOD'),
	('DRUID_FOREST_FOOD_MODIFIER',									'Amount',				1),
	('DRUID_JUNGLE_PRODUCTION',										'ModifierId',			'DRUID_JUNGLE_PRODUCTION_MODIFIER'),
	('DRUID_JUNGLE_PRODUCTION_MODIFIER',							'YieldType',			'YIELD_PRODUCTION'),
	('DRUID_JUNGLE_PRODUCTION_MODIFIER',							'Amount',				1),
	('DRUID_IMPROVED_FOREST_GOLD',									'ModifierId',			'DRUID_IMPROVED_FOREST_GOLD_MODIFIER'),
	('DRUID_IMPROVED_FOREST_GOLD_MODIFIER',							'YieldType',			'YIELD_GOLD'),
	('DRUID_IMPROVED_FOREST_GOLD_MODIFIER',							'Amount',				1),
	('DRUID_IMPROVED_JUNGLE_GOLD',									'ModifierId',			'DRUID_IMPROVED_JUNGLE_GOLD_MODIFIER'),
	('DRUID_IMPROVED_JUNGLE_GOLD_MODIFIER',							'YieldType',			'YIELD_GOLD'),
	('DRUID_IMPROVED_JUNGLE_GOLD_MODIFIER',							'Amount',				1),
	('MAZU_BELIEF_COASTAL_CITY_PROD',								'ModifierId',			'MAZU_BELIEF_COASTAL_CITY_PROD_MODIFIER'),
	('MAZU_BELIEF_COASTAL_CITY_PROD_MODIFIER',						'YieldType',			'YIELD_PRODUCTION'),
	('MAZU_BELIEF_COASTAL_CITY_PROD_MODIFIER',						'Amount',				2),
	--('MAZU_BELIEF_COASTAL_DISTRICT_PROD',							'ModifierId',			'MAZU_BELIEF_COASTAL_DISTRICT_PROD_MODIFIER'),
	--('MAZU_BELIEF_COASTAL_DISTRICT_PROD_MODIFIER',					'YieldType',			'YIELD_PRODUCTION'),
	--('MAZU_BELIEF_COASTAL_DISTRICT_PROD_MODIFIER',					'Amount',				2),
	('MAZU_BELIEF_HARBOR_FISHING_BOATS_GOLD',							'ModifierId',			'MAZU_BELIEF_HARBOR_FISHING_BOATS_GOLD_MODIFIER'),
	('MAZU_BELIEF_HARBOR_FISHING_BOATS_GOLD_MODIFIER',					'YieldType',			'YIELD_GOLD'),
	('MAZU_BELIEF_HARBOR_FISHING_BOATS_GOLD_MODIFIER',					'Amount',				2),
	('MAZU_BELIEF_HARBOR_GREAT_ADMIRAL',							'ModifierId',			'MAZU_BELIEF_HARBOR_GREAT_ADMIRAL_MODIFIER'),
	('MAZU_BELIEF_HARBOR_GREAT_ADMIRAL_MODIFIER',					'GreatPersonClassType',		'GREAT_PERSON_CLASS_ADMIRAL'),
	('MAZU_BELIEF_HARBOR_GREAT_ADMIRAL_MODIFIER',					'Amount',				2),
	('GOD_KING_ALL_YIELDS_CHANGE_CAPITAL',							'ModifierId',			'GOD_KING_ALL_YIELDS_CHANGE_CAPITAL_MODIFIER'),
	('GOD_KING_ALL_YIELDS_CHANGE_CAPITAL_MODIFIER',					'Amount',				2),
	('GOD_KING_ALL_YIELDS_CHANGE_PALACE',							'ModifierId',			'GOD_KING_ALL_YIELDS_CHANGE_PALACE_MODIFIER'),
	('GOD_KING_ALL_YIELDS_CHANGE_PALACE_MODIFIER',					'Amount',				1),
	('GOD_KING_ALL_YIELDS_CHANGE_GOV',								'ModifierId',			'GOD_KING_ALL_YIELDS_CHANGE_GOV_MODIFIER'),
	('GOD_KING_ALL_YIELDS_CHANGE_GOV_MODIFIER',						'Amount',				1),
	('GOD_KING_AMENITY',							                'ModifierId',			'GOD_KING_AMENITY_MODIFIER'),
	('GOD_KING_AMENITY_MODIFIER',					                'Amount',				1),
	('GOD_KING_HOUSING',							                'ModifierId',			'GOD_KING_HOUSING_MODIFIER'),
	('GOD_KING_HOUSING_MODIFIER',					                'Amount',				1),
	('GOD_KING_ADDPOPULATION',								        'ModifierId',			'GOD_KING_ADDPOPULATION_MODIFIER'),
	('GOD_KING_ADDPOPULATION_MODIFIER',						        'Amount',				1),
	('GOD_KING_ENVOY',					            			    'ModifierId',			'GOD_KING_ENVOY_MODIFIER'),
	('GOD_KING_ENVOY_MODIFIER',					              		'Amount',				1),
	('GOD_KING_GREAT_PROPHET',					            		'ModifierId',			'GOD_KING_GREAT_PROPHET_MODIFIER'),
	('GOD_KING_GREAT_PROPHET_MODIFIER',					            'GreatPersonClassType',	'GREAT_PERSON_CLASS_PROPHET'),
	('GOD_KING_GREAT_PROPHET_MODIFIER',					            'Amount',				1),
	('GOD_KING_INFLUENCE',					            			'ModifierId',			'GOD_KING_INFLUENCE_MODIFIER'),
	('GOD_KING_INFLUENCE_MODIFIER',					              	'Amount',				1),
	--('GOD_KING_POWER',					            			    'ModifierId',			'GOD_KING_POWER_MODIFIER'),
	--('GOD_KING_POWER_MODIFIER',					              		'Amount',				1),
	('GOD_KING_LIGHT_YEAR',					            			'ModifierId',			'GOD_KING_LIGHT_YEAR_MODIFIER'),
	('GOD_KING_LIGHT_YEAR_MODIFIER',					            'Amount',				1),
	('GOD_OF_CRAFTSMEN_STRATEGIC_IMPROVED_GOLD',					'ModifierId',			'GOD_OF_CRAFTSMEN_STRATEGIC_IMPROVED_GOLD_MODIFIER'),
	('GOD_OF_CRAFTSMEN_STRATEGIC_IMPROVED_GOLD_MODIFIER',			'YieldType',			'YIELD_GOLD'),
	('GOD_OF_CRAFTSMEN_STRATEGIC_IMPROVED_GOLD_MODIFIER',			'Amount',				3),
	('GOD_OF_CRAFTSMEN_BONUS_STRATEGICS',							'ModifierId',			'GOD_OF_CRAFTSMEN_BONUS_STRATEGICS_MODIFIER'),
	('GOD_OF_CRAFTSMEN_BONUS_STRATEGICS_MODIFIER',					'Amount',				1),
	('GOD_OF_CRAFTSMEN_REVEAL_IRON_ATTACH',							'ModifierId',			'GOD_OF_CRAFTSMEN_REVEAL_IRON'),
	('GOD_OF_CRAFTSMEN_REVEAL_HORSES_ATTACH',						'ModifierId',			'GOD_OF_CRAFTSMEN_REVEAL_HORSES'),
	('GOD_OF_CRAFTSMEN_REVEAL_IRON',								'ResourceType',			'RESOURCE_IRON'),
	('GOD_OF_CRAFTSMEN_REVEAL_HORSES',								'ResourceType',			'RESOURCE_HORSES'),
	('GOD_OF_THE_FORGE_STRATEGIC_RESOURCE_COST_DISCOUNT',			'ModifierId',			'GOD_OF_THE_FORGE_STRATEGIC_RESOURCE_COST_DISCOUNT_MODIFIER'),
	('GOD_OF_THE_FORGE_STRATEGIC_RESOURCE_COST_DISCOUNT_MODIFIER',	'Amount',				40),
	----
	('HD_WOLF_GOD_CAMP_GREAT_PROPHET',								'ModifierId',			'HD_WOLF_GOD_CAMP_GREAT_PROPHET_MODIFIER'),
	('HD_WOLF_GOD_CAMP_GREAT_PROPHET_MODIFIER',						'GreatPersonClassType',	'GREAT_PERSON_CLASS_PROPHET'),
	('HD_WOLF_GOD_CAMP_GREAT_PROPHET_MODIFIER',						'Amount',				2),
	('HD_WOLF_GOD_CAMP_CULTURE',									'ModifierId',			'HD_WOLF_GOD_CAMP_CULTURE_MODIFIER'),
	('HD_WOLF_GOD_CAMP_CULTURE_MODIFIER',							'YieldType',			'YIELD_CULTURE'),
	('HD_WOLF_GOD_CAMP_CULTURE_MODIFIER',							'Amount',				1),
	('HD_WOLF_GOD_CAMP_FAITH',										'ModifierId',			'HD_WOLF_GOD_CAMP_FAITH_MODIFIER'),
	('HD_WOLF_GOD_CAMP_FAITH_MODIFIER',								'YieldType',			'YIELD_FAITH'),
	('HD_WOLF_GOD_CAMP_FAITH_MODIFIER',								'Amount',				1),
	-- 太阳神, by xiaoxiao
	('HD_SUN_GOD_RESOURCE_FARM_GREAT_PROPHET', 						'ModifierId', 			'HD_SUN_GOD_RESOURCE_FARM_GREAT_PROPHET_MODIFIER'),
	('HD_SUN_GOD_RESOURCE_FARM_GREAT_PROPHET_MODIFIER',				'GreatPersonClassType','GREAT_PERSON_CLASS_PROPHET'),
	('HD_SUN_GOD_RESOURCE_FARM_GREAT_PROPHET_MODIFIER',				'Amount', 				2),
	('HD_SUN_GOD_HOLY_SITE_FARM_FAITH',								'ModifierId',			'HD_SUN_GOD_HOLY_SITE_FARM_FAITH_MODIFIER'),
	('HD_SUN_GOD_HOLY_SITE_FARM_FAITH_MODIFIER',					'YieldType',			'YIELD_FAITH'),
	('HD_SUN_GOD_HOLY_SITE_FARM_FAITH_MODIFIER',					'Amount',				1),
	('HD_SUN_GOD_RESOURCE_FARM_SCIENCE',							'ModifierId',			'HD_SUN_GOD_RESOURCE_FARM_SCIENCE_MODIFIER'),
	('HD_SUN_GOD_RESOURCE_FARM_SCIENCE_MODIFIER',					'YieldType',			'YIELD_SCIENCE'),
	('HD_SUN_GOD_RESOURCE_FARM_SCIENCE_MODIFIER',					'Amount',				1),
	-- xhh
	('GOD_OF_THE_FORGE_GRANT_HANDCRAFT',							'ModifierId',			'GOD_OF_THE_FORGE_GRANT_HANDCRAFT_MODIFIER'),
	('GOD_OF_THE_FORGE_GRANT_HANDCRAFT_MODIFIER',					'BuildingType',			'BUILDING_OFFICIAL_RUN_HANDCRAFT'),
	('GOD_OF_THE_FORGE_BONUS_MINE_PRODUCTION',						'ModifierId',			'GOD_OF_THE_FORGE_BONUS_MINE_PRODUCTION_MODIFIER'),
	('GOD_OF_THE_FORGE_BONUS_MINE_PRODUCTION_MODIFIER',				'YieldType',			'YIELD_PRODUCTION'),
	('GOD_OF_THE_FORGE_BONUS_MINE_PRODUCTION_MODIFIER',				'Amount',				1),
	('GOD_OF_THE_FORGE_LUXURY_MINE_PRODUCTION',						'ModifierId',			'GOD_OF_THE_FORGE_LUXURY_MINE_PRODUCTION_MODIFIER'),
	('GOD_OF_THE_FORGE_LUXURY_MINE_PRODUCTION_MODIFIER',			'YieldType',			'YIELD_PRODUCTION'),
	('GOD_OF_THE_FORGE_LUXURY_MINE_PRODUCTION_MODIFIER',			'Amount',				1),
    ('TALE_OF_DWALVES_BONUS_MINE_FOOD',             				'ModifierId',   		'TALE_OF_DWALVES_BONUS_MINE_FOOD_MODIFIER'),
    ('TALE_OF_DWALVES_BONUS_MINE_FOOD_MODIFIER',    				'YieldType',    		'YIELD_FOOD'),
    ('TALE_OF_DWALVES_BONUS_MINE_FOOD_MODIFIER',    				'Amount',       		1),
    ('TALE_OF_DWALVES_LUXURY_MINE_FOOD',							'ModifierId',			'TALE_OF_DWALVES_LUXURY_MINE_FOOD_MODIFIER'),
    ('TALE_OF_DWALVES_LUXURY_MINE_FOOD_MODIFIER',					'YieldType',			'YIELD_FOOD'),
    ('TALE_OF_DWALVES_LUXURY_MINE_FOOD_MODIFIER',					'Amount',				1),
	('TALE_OF_DWALVES_STRATEGIC_MINE_FOOD',							'ModifierId',			'TALE_OF_DWALVES_STRATEGIC_MINE_FOOD_MODIFIER'),
	('TALE_OF_DWALVES_STRATEGIC_MINE_FOOD_MODIFIER',				'YieldType',			'YIELD_FOOD'),
	('TALE_OF_DWALVES_STRATEGIC_MINE_FOOD_MODIFIER',				'Amount',				1),
    ('TALE_OF_DWALVES_MINE_GOLD',                   				'ModifierId',   		'TALE_OF_DWALVES_MINE_GOLD_MODIFIER'),
    ('TALE_OF_DWALVES_MINE_GOLD_MODIFIER',          				'YieldType',    		'YIELD_GOLD'),
    ('TALE_OF_DWALVES_MINE_GOLD_MODIFIER',          				'Amount',       		2),
    ('TALE_OF_DWALVES_BONUS_MINE_HOUSING',                			'ModifierId',   		'TALE_OF_DWALVES_BONUS_MINE_HOUSING_MODIFIER'),
    ('TALE_OF_DWALVES_BONUS_MINE_HOUSING_MODIFIER',       			'ModifierId',   		'TALE_OF_DWALVES_MINE_HOUSING_MODIMODIFIER'),
    ('TALE_OF_DWALVES_LUXURY_MINE_HOUSING',                			'ModifierId',   		'TALE_OF_DWALVES_LUXURY_MINE_HOUSING_MODIFIER'),
    ('TALE_OF_DWALVES_LUXURY_MINE_HOUSING_MODIFIER',       			'ModifierId',   		'TALE_OF_DWALVES_MINE_HOUSING_MODIMODIFIER'),
	('TALE_OF_DWALVES_STRATEGIC_MINE_HOUSING',						'ModifierId',			'TALE_OF_DWALVES_STRATEGIC_MINE_HOUSING_MODIFIER'),
	('TALE_OF_DWALVES_STRATEGIC_MINE_HOUSING_MODIFIER',				'ModifierId',			'TALE_OF_DWALVES_MINE_HOUSING_MODIMODIFIER'),
    ('TALE_OF_DWALVES_MINE_HOUSING_MODIMODIFIER',   				'Amount',       		1),
    ('MEGALITHIC_WORSHIP_QUARRY_CULTURE',           				'ModifierId',   		'MEGALITHIC_WORSHIP_QUARRY_CULTURE_MODIFIER'),
    ('MEGALITHIC_WORSHIP_QUARRY_CULTURE_MODIFIER',  				'YieldType',    		'YIELD_PRODUCTION'),
    ('MEGALITHIC_WORSHIP_QUARRY_CULTURE_MODIFIER',  				'Amount',       		1),
    ('MEGALITHIC_WORSHIP_QUARRY_GOLD',              				'ModifierId',   		'MEGALITHIC_WORSHIP_QUARRY_GOLD_MODIFIER'),
    ('MEGALITHIC_WORSHIP_QUARRY_GOLD_MODIFIER',     				'YieldType',    		'YIELD_GOLD'),
    ('MEGALITHIC_WORSHIP_QUARRY_GOLD_MODIFIER',     				'Amount',       		3),
    --('ILLUMINATORS_ALLOW_BARBARIAN_GALLEY',							'UnitType',				'UNIT_HD_BARBARIAN_GALLEY'),
    ('ILLUMINATORS_BABARIAN_STRENGTH',								'ModifierId',			'ILLUMINATORS_BABARIAN_STRENGTH_MODIFIER'),
    ('ILLUMINATORS_BABARIAN_STRENGTH_MODIFIER',						'Amount',				5),
    ('ILLUMINATORS_ALLOW_BARBARIAN_QUADRIREME',						'UnitType',				'UNIT_HD_BARBARIAN_QUADRIREME'),
    ('ILLUMINATORS_ALLOW_BARBARIAN_HORSEMAN',						'UnitType',				'UNIT_BARBARIAN_HORSEMAN'),
    ('ILLUMINATORS_ALLOW_BARBARIAN_HORSE_ARCHER',					'UnitType',				'UNIT_BARBARIAN_HORSE_ARCHER');
--    ('STARLIGHT_NAVIGATER_FREE_SEADOG',								'ModifierId',			'STARLIGHT_NAVIGATER_FREE_SEADOG_MODIFIER'),
--    ('STARLIGHT_NAVIGATER_FREE_SEADOG_MODIFIER',					'UnitType',				'UNIT_ANCIENT_SEADOG'),
--    ('STARLIGHT_NAVIGATER_FREE_SEADOG_MODIFIER',					'Amount',				1),
--    ('STARLIGHT_NAVIGATER_RAIDER_ABILITY',							'ModifierId',			'STARLIGHT_NAVIGATER_RAIDER_ABILITY_MODIFIER'),
--    ('STARLIGHT_NAVIGATER_RAIDER_ABILITY_MODIFIER',					'AbilityType',			'ABILITY_STARLIGHT_NAVIGATER');

-- 天人合一，使用select是因为 better report screen 无法识别写一起的写法
insert or replace into BeliefModifiers
	(BeliefType,							ModifierID)
select
	'BELIEF_ONE_WITH_NATURE',				'ONE_WITH_NATURE_WONDER_ADD_' || YieldType
from Yields;

insert or replace into Modifiers
    (ModifierId,                                                    ModifierType,                                       SubjectRequirementSetId)
select
	'ONE_WITH_NATURE_WONDER_ADD_' || YieldType,						'MODIFIER_ALL_CITIES_ATTACH_MODIFIER',				'CITY_FOLLOWS_PANTHEON_REQUIREMENTS'
from Yields;
insert or replace into Modifiers
    (ModifierId,                                                    ModifierType,                                       SubjectRequirementSetId)
select
	'ONE_WITH_NATURE_WONDER_ADD_' || YieldType || '_MODIFIER',		'MODIFIER_SINGLE_CITY_ADJUST_CITY_YIELD_MODIFIER',	'ONE_WITH_NATURE_CITY_HAS_NATURAL_WONDER'
from Yields;

insert or replace into ModifierArguments
    (ModifierId,                                                    Name,                   Value)
select
	'ONE_WITH_NATURE_WONDER_ADD_' || YieldType,						'ModifierId',			'ONE_WITH_NATURE_WONDER_ADD_' || YieldType || '_MODIFIER'
from Yields;
insert or replace into ModifierArguments
    (ModifierId,                                                    Name,                   Value)
select
	'ONE_WITH_NATURE_WONDER_ADD_' || YieldType || '_MODIFIER',		'YieldType',			YieldType
from Yields;
insert or replace into ModifierArguments
    (ModifierId,                                                    Name,                   Value)
select
	'ONE_WITH_NATURE_WONDER_ADD_' || YieldType || '_MODIFIER',		'Amount',				10
from Yields;

insert or replace into ModifierStrings
	(ModifierId,										Context,	Text)
values
	('GOD_OF_WAR_GREAT_COMBAT_STRENGTH_MODIFIER',		'Preview',	'+{1_Amount}{LOC_GOD_OF_WAR_GREAT_COMBAT_STRENGTH_MODIFIER_PREVIEW_TEXT}');

insert or replace into BeliefModifiers
    (BeliefType,                            ModifierID)
values
    ('BELIEF_GOD_OF_THE_SEA',               'GOD_OF_THE_SEA_FISHINGBOATS_GREAT_PROPHET'),
    ('BELIEF_GOD_OF_THE_SEA',               'GOD_OF_THE_SEA_FISHINGBOATS_SCIENCE'),
    ('BELIEF_GOD_OF_THE_SEA',               'GOD_OF_THE_SEA_FISHINGBOATS_FAITH'),
--    ('BELIEF_GOD_OF_THE_SEA',               'GOD_OF_THE_SEA_LUXURY_FISHINGBOATS_FOOD'),
    --('BELIEF_FISHING_TRADITION',            'FISHING_TRADITION_BONUS_FISHINGBOATS_PRODUCTION'),
    ('BELIEF_FISHING_TRADITION',            'FISHING_TRADITION_FISHINGBOATS_FOOD'),
    ('BELIEF_FISHING_TRADITION',            'FISHING_TRADITION_FISHINGBOATS_PRODUCTION');
    --('BELIEF_FISHING_TRADITION',            'FISHING_TRADITION_BONUS_FISHINGBOATS_GOLD');

insert or replace into Modifiers
    (ModifierId,                                                    ModifierType,                                       SubjectRequirementSetId)
values
    ('GOD_OF_THE_SEA_FISHINGBOATS_GREAT_PROPHET',                   'MODIFIER_ALL_CITIES_ATTACH_MODIFIER',              'CITY_FOLLOWS_PANTHEON_REQUIREMENTS'),          
    ('GOD_OF_THE_SEA_FISHINGBOATS_GREAT_PROPHET_MODIFIER',          'MODIFIER_SINGLE_CITY_ADJUST_GREAT_PERSON_POINT',   'GOD_OF_THE_SEA_CITY_HAS_FISHINGBOATS'),
    ('GOD_OF_THE_SEA_FISHINGBOATS_SCIENCE',               			'MODIFIER_ALL_CITIES_ATTACH_MODIFIER',              'CITY_FOLLOWS_PANTHEON_REQUIREMENTS'),
    ('GOD_OF_THE_SEA_FISHINGBOATS_SCIENCE_MODIFIER',      			'MODIFIER_CITY_PLOT_YIELDS_ADJUST_PLOT_YIELD',      'PLOT_HAS_FISHINGBOATS_REQUIREMENTS'),
	('GOD_OF_THE_SEA_FISHINGBOATS_FAITH',               			'MODIFIER_ALL_CITIES_ATTACH_MODIFIER',              'CITY_FOLLOWS_PANTHEON_AND_CITY_HAS_HOLYSITE'),
    ('GOD_OF_THE_SEA_FISHINGBOATS_FAITH_MODIFIER',      			'MODIFIER_CITY_PLOT_YIELDS_ADJUST_PLOT_YIELD',      'PLOT_HAS_FISHINGBOATS_REQUIREMENTS'),
--    ('GOD_OF_THE_SEA_LUXURY_FISHINGBOATS_FOOD',                     'MODIFIER_ALL_CITIES_ATTACH_MODIFIER',              'CITY_FOLLOWS_PANTHEON_REQUIREMENTS'),
--    ('GOD_OF_THE_SEA_LUXURY_FISHINGBOATS_FOOD_MODIFIER',            'MODIFIER_CITY_PLOT_YIELDS_ADJUST_PLOT_YIELD',      'PLOT_HAS_LUXURY_FISHING_BOATS_REQUIREMENTS'),
    ('FISHING_TRADITION_FISHINGBOATS_FOOD',             			'MODIFIER_ALL_CITIES_ATTACH_MODIFIER',              'CITY_FOLLOWS_PANTHEON_REQUIREMENTS'),
    ('FISHING_TRADITION_FISHINGBOATS_FOOD_MODIFIER',    			'MODIFIER_CITY_PLOT_YIELDS_ADJUST_PLOT_YIELD',      'PLOT_HAS_BONUS_FISHING_BOATS_REQUIREMENTS'),
    ('FISHING_TRADITION_FISHINGBOATS_PRODUCTION',             		'MODIFIER_ALL_CITIES_ATTACH_MODIFIER',              'CITY_FOLLOWS_PANTHEON_REQUIREMENTS'),
    ('FISHING_TRADITION_FISHINGBOATS_PRODUCTION_MODIFIER',    		'MODIFIER_CITY_PLOT_YIELDS_ADJUST_PLOT_YIELD',      'PLOT_HAS_IMPROVEMENT_FISHING_BOATS_REQUIREMENTS');
    --('FISHING_TRADITION_BONUS_FISHINGBOATS_GOLD',                   'MODIFIER_ALL_CITIES_ATTACH_MODIFIER',              'CITY_FOLLOWS_PANTHEON_REQUIREMENTS'),
    --('FISHING_TRADITION_BONUS_FISHINGBOATS_GOLD_MODIFIER',          'MODIFIER_CITY_PLOT_YIELDS_ADJUST_PLOT_YIELD',      'PLOT_HAS_BONUS_FISHING_BOATS_REQUIREMENTS');

insert or replace into ModifierArguments
    (ModifierId,                                                    Name,                   Value)
values
    ('GOD_OF_THE_SEA_FISHINGBOATS_GREAT_PROPHET',                   'ModifierId',           'GOD_OF_THE_SEA_FISHINGBOATS_GREAT_PROPHET_MODIFIER'),      
    ('GOD_OF_THE_SEA_FISHINGBOATS_GREAT_PROPHET_MODIFIER',          'GreatPersonClassType', 'GREAT_PERSON_CLASS_PROPHET'),
    ('GOD_OF_THE_SEA_FISHINGBOATS_GREAT_PROPHET_MODIFIER',          'Amount',               2),
    ('GOD_OF_THE_SEA_FISHINGBOATS_SCIENCE',               			'ModifierId',           'GOD_OF_THE_SEA_FISHINGBOATS_SCIENCE_MODIFIER'),
    ('GOD_OF_THE_SEA_FISHINGBOATS_SCIENCE_MODIFIER',      			'YieldType',            'YIELD_SCIENCE'),
    ('GOD_OF_THE_SEA_FISHINGBOATS_SCIENCE_MODIFIER',      			'Amount',               1),
	('GOD_OF_THE_SEA_FISHINGBOATS_FAITH',               			'ModifierId',           'GOD_OF_THE_SEA_FISHINGBOATS_FAITH_MODIFIER'),
    ('GOD_OF_THE_SEA_FISHINGBOATS_FAITH_MODIFIER',      			'YieldType',            'YIELD_FAITH'),
    ('GOD_OF_THE_SEA_FISHINGBOATS_FAITH_MODIFIER',      			'Amount',               1),
--    ('GOD_OF_THE_SEA_LUXURY_FISHINGBOATS_FOOD',                     'ModifierId',           'GOD_OF_THE_SEA_LUXURY_FISHINGBOATS_FOOD_MODIFIER'),
--    ('GOD_OF_THE_SEA_LUXURY_FISHINGBOATS_FOOD_MODIFIER',            'YieldType',            'YIELD_FOOD'),
--    ('GOD_OF_THE_SEA_LUXURY_FISHINGBOATS_FOOD_MODIFIER',            'Amount',               1),
    ('FISHING_TRADITION_FISHINGBOATS_FOOD',             			'ModifierId',           'FISHING_TRADITION_FISHINGBOATS_FOOD_MODIFIER'),
    ('FISHING_TRADITION_FISHINGBOATS_FOOD_MODIFIER',    			'YieldType',            'YIELD_FOOD'),
    ('FISHING_TRADITION_FISHINGBOATS_FOOD_MODIFIER',    			'Amount',               1),
    ('FISHING_TRADITION_FISHINGBOATS_PRODUCTION',             		'ModifierId',           'FISHING_TRADITION_FISHINGBOATS_PRODUCTION_MODIFIER'),
    ('FISHING_TRADITION_FISHINGBOATS_PRODUCTION_MODIFIER',    		'YieldType',            'YIELD_PRODUCTION'),
    ('FISHING_TRADITION_FISHINGBOATS_PRODUCTION_MODIFIER',    		'Amount',               1);
    --('FISHING_TRADITION_BONUS_FISHINGBOATS_GOLD',                   'ModifierId',           'FISHING_TRADITION_BONUS_FISHINGBOATS_GOLD_MODIFIER'),
    --('FISHING_TRADITION_BONUS_FISHINGBOATS_GOLD_MODIFIER',          'YieldType',            'YIELD_GOLD'),
    --('FISHING_TRADITION_BONUS_FISHINGBOATS_GOLD_MODIFIER',          'Amount',               2);

insert or replace into Types (Type, Kind) values ('ABILITY_GOD_OF_WAR_GREAT_PROPHET', 'KIND_ABILITY');
insert or replace into TypeTags (Type, Tag) values ('ABILITY_GOD_OF_WAR_GREAT_PROPHET', 'CLASS_ALL_COMBAT_UNITS');
insert or replace into UnitAbilities (UnitAbilityType, Name, Description, Inactive) values
	('ABILITY_GOD_OF_WAR_GREAT_PROPHET', 'LOC_ABILITY_GOD_OF_WAR_GREAT_PROPHET_NAME', 'LOC_ABILITY_GOD_OF_WAR_GREAT_PROPHET_DESCRIPTION', 1);
insert or replace into UnitAbilityModifiers (UnitAbilityType, ModifierId) values
	('ABILITY_GOD_OF_WAR_GREAT_PROPHET', 'GOD_OF_WAR_GREAT_PROPHET_POINTS');

update ModifierArguments set Value = 1 where Name = 'Amount' and ModifierId = 'EARTH_GODDESS_APPEAL_FAITH_MODIFIER';
update ModifierArguments set Value = 1 where Name = 'Amount' and
	(ModifierId = 'RELIGIOUS_IDOLS_LUXURY_MINE_FAITH_MODIFIER' or ModifierId = 'RELIGIOUS_IDOLS_BONUS_MINE_FAITH_MODIFIER');

update ModifierArguments set Value = 75 where ModifierId = 'CITY_PATRON_GODDESS_DISTRICT_PRODUCTION_MODIFIER';
-- Follower
delete from BeliefModifiers where BeliefType = 'BELIEF_WORK_ETHIC';
-- delete from BeliefModifiers where BeliefType = 'BELIEF_JESUIT_EDUCATION' and ModifierID = 'JESUIT_EDUCATION_CULTURE_BUILDINGS';
update ModifierArguments set Value = 4 where ModifierId = 'FEED_THE_WORLD_SHRINE_FOOD3_MODIFIER' and Name = 'Amount';
update ModifierArguments set Value = 4 where ModifierId = 'FEED_THE_WORLD_TEMPLE_FOOD3_MODIFIER' and Name = 'Amount';
update ModifierArguments set Value = 4 where ModifierId = 'CHORAL_MUSIC_SHRINE_CULTURE_MODIFIER' and Name = 'Amount';
update ModifierArguments set Value = 4 where ModifierId = 'CHORAL_MUSIC_TEMPLE_CULTURE_MODIFIER' and Name = 'Amount';

insert or replace into BeliefModifiers
	(BeliefType,						ModifierID)
values
	('BELIEF_WARRIOR_MONKS',			'ALLOW_WARRIOR_MONKS'),
	('BELIEF_WARRIOR_MONKS',			'WARRIOR_MONKS_CULTURE_BOMB_TRIGGER_HOLY_SITE'),
	('BELIEF_FEED_THE_WORLD',			'FEED_THE_WORLD_SHRINE_FOOD3'),
	('BELIEF_FEED_THE_WORLD',			'FEED_THE_WORLD_TEMPLE_FOOD3'),
	('BELIEF_FEED_THE_WORLD',			'FEED_THE_WORLD_SHRINE_HOUSING'),
	('BELIEF_FEED_THE_WORLD',			'FEED_THE_WORLD_TEMPLE_HOUSING'),
	('BELIEF_FEED_THE_WORLD',			'FEED_THE_WORLD_FOLLOWER_FOOD'),
	('BELIEF_FEED_THE_WORLD',			'FEED_THE_WORLD_WORSHIP_FOOD'),
	('BELIEF_FEED_THE_WORLD',			'FEED_THE_WORLD_WORSHIP_HOUSE'),
--  ('BELIEF_FEED_THE_WORLD',			'FEED_THE_WORLD_POPULATION_FOOD'),
	--
	('BELIEF_CHORAL_MUSIC',				'CHORAL_MUSIC_SHRINE_CULTURE'),
	('BELIEF_CHORAL_MUSIC',				'CHORAL_MUSIC_TEMPLE_CULTURE'),
  ('BELIEF_CHORAL_MUSIC',				'CHORAL_MUSIC_POPULATION_CULTURE'),
--	('BELIEF_CHORAL_MUSIC',				'CHORAL_MUSIC_FOLLOWER_CULTURE'),
	('BELIEF_CHORAL_MUSIC',				'CHORAL_MUSIC_WORSHIP_CULTURE'),
	--
	('BELIEF_DIVINE_INSPIRATION',		'DIVINE_INSPIRATION_WONDER_FAITH'),
	-- ('BELIEF_DIVINE_INSPIRATION',		'DIVINE_INSPIRATION_FAITH_BUILDINGS'),
	('BELIEF_WARRIOR_MONKS',		'DIVINE_INSPIRATION_HOLY_SITE_FAITH'),
	--
	('BELIEF_JESUIT_EDUCATION',			'JESUIT_EDUCATION_SCIENCE_BUILDINGS'),
	('BELIEF_JESUIT_EDUCATION',			'JESUIT_EDUCATION_SHRINE_POPULATION_SCIENCE'),
	('BELIEF_JESUIT_EDUCATION',			'JESUIT_EDUCATION_TEMPLE_POPULATION_SCIENCE'),
	-- ('BELIEF_JESUIT_EDUCATION',			'JESUIT_EDUCATION_POPULATION_SCIENCE'),
	('BELIEF_JESUIT_EDUCATION',			'JESUIT_EDUCATION_WORSHIP_POPULATION_SCIENCE'),
	--
	('BELIEF_RELIQUARIES',				'RELIQUARIES_RELIC_FAITH'),
	('BELIEF_RELIQUARIES',				'RELIQUARIES_RELIC_TOURISM'),
	--
	-- ('BELIEF_RELIGIOUS_COMMUNITY',		'RELIGIOUS_COMMUNITY_HOLY_SITE_TRADING'),
	-- ('BELIEF_RELIGIOUS_COMMUNITY',		'RELIGIOUS_COMMUNITY_SHRINE_TRADING'),
	-- ('BELIEF_RELIGIOUS_COMMUNITY',		'RELIGIOUS_COMMUNITY_TEMPLE_TRADING'),
	-- ('BELIEF_RELIGIOUS_COMMUNITY',		'RELIGIOUS_COMMUNITY_TIER3_TRADING'),
	('BELIEF_RELIGIOUS_COMMUNITY',		'RELIGIOUS_COMMUNITY_SHRINE_ORIGIN_SCIENCE'),
	('BELIEF_RELIGIOUS_COMMUNITY',		'RELIGIOUS_COMMUNITY_TEMPLE_ORIGIN_SCIENCE'),
	('BELIEF_RELIGIOUS_COMMUNITY',		'RELIGIOUS_COMMUNITY_TIER3_ORIGIN_SCIENCE'),
	('BELIEF_RELIGIOUS_COMMUNITY',		'RELIGIOUS_COMMUNITY_SHRINE_DESTINATION_SCIENCE'),
	('BELIEF_RELIGIOUS_COMMUNITY',		'RELIGIOUS_COMMUNITY_TEMPLE_DESTINATION_SCIENCE'),
	('BELIEF_RELIGIOUS_COMMUNITY',		'RELIGIOUS_COMMUNITY_TIER3_DESTINATION_SCIENCE'),
	('BELIEF_RELIGIOUS_COMMUNITY',		'RELIGIOUS_COMMUNITY_SHRINE_SCIENCE_TO_OTHERS'),
	('BELIEF_RELIGIOUS_COMMUNITY',		'RELIGIOUS_COMMUNITY_TEMPLE_SCIENCE_TO_OTHERS'),
	('BELIEF_RELIGIOUS_COMMUNITY',		'RELIGIOUS_COMMUNITY_TIER3_SCIENCE_TO_OTHERS'),
	('BELIEF_RELIGIOUS_COMMUNITY',		'RELIGIOUS_COMMUNITY_TRADER_PURCHASE'),
	('BELIEF_RELIGIOUS_COMMUNITY',		'RELIGIOUS_COMMUNITY_TRADER_DISCOUNT'),
	--
	-- ('BELIEF_ZEN_MEDITATION',			'ZEN_MEDITATION_AMENITY'),
	-- new ones
	('BELIEF_RELIGIOUS_ART',			'RELIGIOUS_ART_ADJACENCY_CULTURE'),
	('BELIEF_RELIGIOUS_ART',			'RELIGIOUS_ART_CULTURE_BUILDINGS'),
	--('BELIEF_WORK_ETHIC',				'WORK_ETHIC_POPULATION_PRODUCTION'),
	-- ('BELIEF_WORK_ETHIC',				'WORK_ETHIC_FOLLOWER_PRODUCTION'),
	('BELIEF_WORK_ETHIC',				'WORK_ETHIC_PRODUCTION_BUILDINGS'),
	('BELIEF_WORK_ETHIC',               'WORK_ETHIC_SPECIAL_DISTRICT_PRODUCTION'),
	('BELIEF_PRACTICAL_APPLICATION',	'PRACTICAL_APPLICATION_POPULATION_GOLD'),
	-- ('BELIEF_PRACTICAL_APPLICATION',	'PRACTICAL_APPLICATION_FOLLOWER_GOLD'),
	('BELIEF_PRACTICAL_APPLICATION',	'PRACTICAL_APPLICATION_GOLD_BUILDINGS'),
	('BELIEF_ABBOT',					'MESSIAH_FAITH_PURCHASE_HOLYSITE_BUILDINGS'),
	('BELIEF_MESSIAH',					'MESSIAH_FAITH_PURCHASE_CITY_CENTER_BUILDINGS'),
	('BELIEF_MESSIAH',					'MESSIAH_HOLYSITE_FAITH'),
	('BELIEF_HOLY_WATERS',				'HOLY_WATERS_DISTRICT_FAITH'),
	('BELIEF_HOLY_WATERS',				'HOLY_WATERS_HOLYSITE_BONUS'),
	('BELIEF_HOLY_WATERS',				'HOLY_WATERS_FAITH_PURCHASE_HORBOR_BUILDINGS'),
	-- ('BELIEF_THE_THIRD_TEMPLE',			'THE_THIRD_TEMPLE_DIPLOMACY_BUILDINGS'),
	-- ('BELIEF_THE_THIRD_TEMPLE',			'THE_THIRD_TEMPLE_BUILDER_PURCHASE'),
	-- ('BELIEF_THE_THIRD_TEMPLE',			'THE_THIRD_TEMPLE_BUILDER_DISCOUNT'),
	--('BELIEF_RELIGIOUS_COLONIZATION',	'RELIGIOUS_COLONIZATION_DIPLOMACY_BUILDINGS'),
	('BELIEF_RELIGIOUS_COLONIZATION',	'RELIGIOUS_COLONIZATION_BUILDER_MOVEMENT'),
	('BELIEF_RELIGIOUS_COLONIZATION',	'RELIGIOUS_COLONIZATION_SETTLER_MOVEMENT'),
	('BELIEF_RELIGIOUS_COLONIZATION',	'RELIGIOUS_COLONIZATION_BUILDER_DISCOUNT'),
	('BELIEF_RELIGIOUS_COLONIZATION',	'RELIGIOUS_COLONIZATION_GOVERNMENT_BUILDINGS'),
	-- ('BELIEF_RELIGIOUS_COLONIZATION',	'RELIGIOUS_COLONIZATION_SETTLER_PURCHASE'),
	('BELIEF_RELIGIOUS_COLONIZATION',	'RELIGIOUS_COLONIZATION_SETTLER_DISCOUNT');

insert or replace into BeliefModifiers
	(BeliefType,						ModifierID)
select
	'BELIEF_MESSIAH',					'MESSIAH_PURCHASE_' || BuildingType || '_DISCOUNT'
from HD_BuildingTiers where PrereqDistrict = 'DISTRICT_CITY_CENTER' and ReplacesOther = 0;

insert or replace into BeliefModifiers
	(BeliefType,						ModifierID)
select
	'BELIEF_MESSIAH',					'MESSIAH_' || BuildingType || '_FAITH'
from HD_BuildingTiers where PrereqDistrict = 'DISTRICT_HOLY_SITE' and ReplacesOther = 0;

insert or replace into Modifiers
	(ModifierId,													ModifierType,													SubjectRequirementSetId)
select
	'MESSIAH_PURCHASE_' || BuildingType || '_DISCOUNT',				'MODIFIER_ALL_CITIES_ATTACH_MODIFIER',							'CITY_FOLLOWS_RELIGION_REQUIREMENTS'
from HD_BuildingTiers where PrereqDistrict = 'DISTRICT_CITY_CENTER' and ReplacesOther = 0;

insert or replace into Modifiers
	(ModifierId,													ModifierType,													SubjectRequirementSetId)
select
	'MESSIAH_PURCHASE_' || BuildingType || '_DISCOUNT_MODIFIER',	'MODIFIER_CITY_ADJUST_BUILDING_PURCHASE_COST',					NULL
from HD_BuildingTiers where PrereqDistrict = 'DISTRICT_CITY_CENTER' and ReplacesOther = 0;

insert or replace into Modifiers
	(ModifierId,													ModifierType,													SubjectRequirementSetId)
select
	'MESSIAH_' || BuildingType || '_FAITH',							'MODIFIER_ALL_CITIES_ATTACH_MODIFIER',							'CITY_FOLLOWS_RELIGION_REQUIREMENTS'
from HD_BuildingTiers where PrereqDistrict = 'DISTRICT_HOLY_SITE' and ReplacesOther = 0;

insert or replace into Modifiers
	(ModifierId,													ModifierType,													SubjectRequirementSetId)
select
	'MESSIAH_' || BuildingType || '_FAITH_MODIFIER',				'MODIFIER_BUILDING_YIELD_CHANGE',								NULL
from HD_BuildingTiers where PrereqDistrict = 'DISTRICT_HOLY_SITE' and ReplacesOther = 0;

insert or replace into ModifierArguments
	(ModifierId,												Name,					Value)
select
	'MESSIAH_PURCHASE_' || BuildingType || '_DISCOUNT',			'ModifierId',			'MESSIAH_PURCHASE_' || BuildingType || '_DISCOUNT_MODIFIER'
from HD_BuildingTiers where PrereqDistrict = 'DISTRICT_CITY_CENTER' and ReplacesOther = 0;

insert or replace into ModifierArguments
	(ModifierId,													Name,					Value)
select
	'MESSIAH_PURCHASE_' || BuildingType || '_DISCOUNT_MODIFIER',	'BuildingType',			BuildingType
from HD_BuildingTiers where PrereqDistrict = 'DISTRICT_CITY_CENTER' and ReplacesOther = 0;

insert or replace into ModifierArguments
	(ModifierId,													Name,					Value)
select
	'MESSIAH_PURCHASE_' || BuildingType || '_DISCOUNT_MODIFIER',	'Amount',				20
from HD_BuildingTiers where PrereqDistrict = 'DISTRICT_CITY_CENTER' and ReplacesOther = 0;

insert or replace into ModifierArguments
	(ModifierId,												Name,					Value)
select
	'MESSIAH_' || BuildingType || '_FAITH',						'ModifierId',			'MESSIAH_' || BuildingType || '_FAITH_MODIFIER'
from HD_BuildingTiers where PrereqDistrict = 'DISTRICT_HOLY_SITE' and ReplacesOther = 0;

insert or replace into ModifierArguments
	(ModifierId,													Name,					Value)
select
	'MESSIAH_' || BuildingType || '_FAITH_MODIFIER',				'BuildingType',			BuildingType
from HD_BuildingTiers where PrereqDistrict = 'DISTRICT_HOLY_SITE' and ReplacesOther = 0;

insert or replace into ModifierArguments
	(ModifierId,													Name,					Value)
select
	'MESSIAH_' || BuildingType || '_FAITH_MODIFIER',				'YieldType',			'YIELD_FAITH'
from HD_BuildingTiers where PrereqDistrict = 'DISTRICT_HOLY_SITE' and ReplacesOther = 0;

insert or replace into ModifierArguments
	(ModifierId,													Name,					Value)
select
	'MESSIAH_' || BuildingType || '_FAITH_MODIFIER',				'Amount',				4
from HD_BuildingTiers where PrereqDistrict = 'DISTRICT_HOLY_SITE' and ReplacesOther = 0;


update ModifierArguments set value = 4 where ModifierID = 'DIVINE_INSPIRATION_WONDER_FAITH_MODIFIER' and Name = 'Amount';
insert or replace into Modifiers	(ModifierId,	ModifierType,	SubjectRequirementSetId)
select ModifierId,	'MODIFIER_ALL_CITIES_ATTACH_MODIFIER',	'CITY_FOLLOWS_RELIGION_REQUIREMENTS' from BeliefModifiers
where BeliefType = 'BELIEF_RELIGIOUS_COMMUNITY' and ModifierId != 'RELIGIOUS_COMMUNITY_TRADER_PURCHASE' and ModifierId != 'RELIGIOUS_COMMUNITY_TRADER_DISCOUNT';
insert or replace into ModifierArguments	(ModifierId,	Name,	Value)
select ModifierId,	'ModifierId',	ModifierId || '_MODIFIER' from BeliefModifiers
where BeliefType = 'BELIEF_RELIGIOUS_COMMUNITY' and ModifierId != 'RELIGIOUS_COMMUNITY_TRADER_PURCHASE' and ModifierId != 'RELIGIOUS_COMMUNITY_TRADER_DISCOUNT';

insert or replace into Modifiers
	(ModifierId,												ModifierType,													SubjectRequirementSetId)
values
	('FEED_THE_WORLD_POPULATION_FOOD',							'MODIFIER_ALL_CITIES_ATTACH_MODIFIER',							'CITY_FOLLOWS_RELIGION_REQUIREMENTS'),
	('FEED_THE_WORLD_POPULATION_FOOD_MODIFIER',					'MODIFIER_SINGLE_CITY_ADJUST_CITY_YIELD_PER_POPULATION',		NULL),
	('FEED_THE_WORLD_FOLLOWER_FOOD',							'MODIFIER_ALL_CITIES_ATTACH_MODIFIER',							'CITY_FOLLOWS_RELIGION_REQUIREMENTS'),
	('FEED_THE_WORLD_FOLLOWER_FOOD_MODIFIER',					'MODIFIER_FOLLOWER_YIELD_MODIFIER',								NULL),
	('FEED_THE_WORLD_WORSHIP_FOOD',								'MODIFIER_ALL_CITIES_ATTACH_MODIFIER',							'CITY_FOLLOWS_RELIGION_REQUIREMENTS'),
	('FEED_THE_WORLD_WORSHIP_FOOD_MODIFIER',					'MODIFIER_SINGLE_CITY_ADJUST_YIELD_CHANGE',						'HD_CITY_HAS_RELIGIOUS_TIER_3_BUILDING_REQUIREMENTS'),
	('FEED_THE_WORLD_WORSHIP_HOUSE',							'MODIFIER_ALL_CITIES_ATTACH_MODIFIER',							'CITY_FOLLOWS_RELIGION_REQUIREMENTS'),
	('FEED_THE_WORLD_WORSHIP_HOUSE_MODIFIER',					'MODIFIER_CITY_OWNER_ADJUST_BUILDING_HOUSING',					'HD_CITY_HAS_RELIGIOUS_TIER_3_BUILDING_REQUIREMENTS'),
	('CHORAL_MUSIC_POPULATION_CULTURE',							'MODIFIER_ALL_CITIES_ATTACH_MODIFIER',							'CITY_FOLLOWS_RELIGION_REQUIREMENTS'),
	('CHORAL_MUSIC_POPULATION_CULTURE_MODIFIER',				'MODIFIER_SINGLE_CITY_ADJUST_CITY_YIELD_PER_POPULATION',		NULL),
	('CHORAL_MUSIC_FOLLOWER_CULTURE',							'MODIFIER_ALL_CITIES_ATTACH_MODIFIER',							'CITY_FOLLOWS_RELIGION_REQUIREMENTS'),
	('CHORAL_MUSIC_FOLLOWER_CULTURE_MODIFIER',					'MODIFIER_FOLLOWER_YIELD_MODIFIER',								NULL),
	('CHORAL_MUSIC_WORSHIP_CULTURE',							'MODIFIER_ALL_CITIES_ATTACH_MODIFIER',							'CITY_FOLLOWS_RELIGION_REQUIREMENTS'),
	('CHORAL_MUSIC_WORSHIP_CULTURE_MODIFIER',					'MODIFIER_SINGLE_CITY_ADJUST_YIELD_CHANGE',						'HD_CITY_HAS_RELIGIOUS_TIER_3_BUILDING_REQUIREMENTS'),
	--('DIVINE_INSPIRATION_FAITH_BUILDINGS',						'MODIFIER_ALL_CITIES_ATTACH_MODIFIER',							'CITY_FOLLOWS_RELIGION_REQUIREMENTS'),
	--('DIVINE_INSPIRATION_FAITH_BUILDINGS_MODIFIER',				'MODIFIER_CITY_ENABLE_BUILDING_FAITH_PURCHASE',					NULL),
	('DIVINE_INSPIRATION_HOLY_SITE_FAITH',						'MODIFIER_ALL_DISTRICTS_ADJUST_YIELD_BASED_ON_ADJACENCY_BONUS',	'RELIGIOUS_ART_ADJACENCY_CULTURE_REQUIREMENTS'),
	('JESUIT_EDUCATION_POPULATION_SCIENCE',						'MODIFIER_ALL_CITIES_ATTACH_MODIFIER',							'CITY_FOLLOWS_RELIGION_REQUIREMENTS'),
	('JESUIT_EDUCATION_POPULATION_SCIENCE_MODIFIER',			'MODIFIER_SINGLE_CITY_ADJUST_CITY_YIELD_PER_POPULATION',		NULL),
	('JESUIT_EDUCATION_SHRINE_POPULATION_SCIENCE',				'MODIFIER_ALL_CITIES_ATTACH_MODIFIER',							'CITY_FOLLOWS_RELIGION_REQUIREMENTS'),
	('JESUIT_EDUCATION_SHRINE_POPULATION_SCIENCE_MODIFIER',		'MODIFIER_SINGLE_CITY_ADJUST_CITY_YIELD_PER_POPULATION',		'BUILDING_IS_SHRINE'),
	('JESUIT_EDUCATION_TEMPLE_POPULATION_SCIENCE',				'MODIFIER_ALL_CITIES_ATTACH_MODIFIER',							'CITY_FOLLOWS_RELIGION_REQUIREMENTS'),
	('JESUIT_EDUCATION_TEMPLE_POPULATION_SCIENCE_MODIFIER',		'MODIFIER_SINGLE_CITY_ADJUST_CITY_YIELD_PER_POPULATION',		'BUILDING_IS_TEMPLE_XP2'),
	('JESUIT_EDUCATION_WORSHIP_POPULATION_SCIENCE',				'MODIFIER_ALL_CITIES_ATTACH_MODIFIER',							'CITY_FOLLOWS_RELIGION_REQUIREMENTS'),
	('JESUIT_EDUCATION_WORSHIP_POPULATION_SCIENCE_MODIFIER',	'MODIFIER_SINGLE_CITY_ADJUST_CITY_YIELD_PER_POPULATION',		'HD_CITY_HAS_RELIGIOUS_TIER_3_BUILDING_REQUIREMENTS'),
	('RELIGIOUS_COMMUNITY_TRADER_PURCHASE',						'MODIFIER_ALL_CITIES_ATTACH_MODIFIER',							'CITY_FOLLOWS_RELIGION_REQUIREMENTS'),
	('RELIGIOUS_COMMUNITY_TRADER_PURCHASE_MODIFIER',			'MODIFIER_CITY_ENABLE_UNIT_FAITH_PURCHASE',						NULL),
	('RELIGIOUS_COMMUNITY_TRADER_DISCOUNT',						'MODIFIER_ALL_CITIES_ATTACH_MODIFIER',							'CITY_FOLLOWS_RELIGION_REQUIREMENTS'),
	('RELIGIOUS_COMMUNITY_TRADER_DISCOUNT_MODIFIER',			'MODIFIER_SINGLE_CITY_ADJUST_UNIT_PURCHASE_COST',				NULL),
	('RELIGIOUS_COMMUNITY_TRADER_CAPACITY',						'MODIFIER_ALL_CITIES_ATTACH_MODIFIER',							'CITY_FOLLOWS_RELIGION_REQUIREMENTS'),
	('RELIGIOUS_COMMUNITY_TRADER_CAPACITY_MODIFIER',			'MODIFIER_PLAYER_ADJUST_TRADE_ROUTE_CAPACITY',					'BUILDING_IS_TEMPLE_XP2'),
	('RELIGIOUS_ART_ADJACENCY_CULTURE',							'MODIFIER_ALL_DISTRICTS_ADJUST_YIELD_BASED_ON_ADJACENCY_BONUS',	'RELIGIOUS_ART_ADJACENCY_CULTURE_REQUIREMENTS'),
	('RELIGIOUS_ART_CULTURE_BUILDINGS',							'MODIFIER_ALL_CITIES_ATTACH_MODIFIER',							'CITY_FOLLOWS_RELIGION_REQUIREMENTS'),
	('RELIGIOUS_ART_CULTURE_BUILDINGS_MODIFIER',				'MODIFIER_CITY_ENABLE_BUILDING_FAITH_PURCHASE',					NULL),
	-- ('WORK_ETHIC_POPULATION_PRODUCTION',						'MODIFIER_ALL_CITIES_ATTACH_MODIFIER',							'CITY_FOLLOWS_RELIGION_REQUIREMENTS'),
	-- ('WORK_ETHIC_POPULATION_PRODUCTION_MODIFIER',				'MODIFIER_SINGLE_CITY_ADJUST_CITY_YIELD_PER_POPULATION',		NULL),
	('WORK_ETHIC_PRODUCTION_BUILDINGS',							'MODIFIER_ALL_CITIES_ATTACH_MODIFIER',							'CITY_FOLLOWS_RELIGION_REQUIREMENTS'),
	('WORK_ETHIC_PRODUCTION_BUILDINGS_MODIFIER',				'MODIFIER_CITY_ENABLE_BUILDING_FAITH_PURCHASE',					NULL),
	('WORK_ETHIC_SPECIAL_DISTRICT_PRODUCTION',             		'MODIFIER_ALL_DISTRICTS_ATTACH_MODIFIER',                      	'CITY_FOLLOWS_RELIGION_AND_HOLYSITE_REQUIREMENTS'),
    ('WORK_ETHIC_SPECIAL_DISTRICT_PRODUCTION_MODIFIER',     	'MODIFIER_SINGLE_CITY_DISTRICTS_ADJUST_YIELD_CHANGE',       	'HD_DISTRICTS_IS_NOT_WONDERS_OR_CITY_CENTER_REQUIREMENTS'),
	('PRACTICAL_APPLICATION_POPULATION_GOLD',					'MODIFIER_ALL_DISTRICTS_ATTACH_MODIFIER',						'CITY_FOLLOWS_RELIGION_AND_HOLYSITE_REQUIREMENTS'),
	('PRACTICAL_APPLICATION_POPULATION_GOLD_MODIFIER',			'MODIFIER_SINGLE_CITY_ADJUST_CITY_YIELD_PER_POPULATION',		NULL),
	-- ('PRACTICAL_APPLICATION_FOLLOWER_GOLD',						'MODIFIER_ALL_CITIES_ATTACH_MODIFIER',							'CITY_FOLLOWS_RELIGION_REQUIREMENTS'),
	-- ('PRACTICAL_APPLICATION_FOLLOWER_GOLD_MODIFIER',			'MODIFIER_FOLLOWER_YIELD_MODIFIER',								NULL),
	('PRACTICAL_APPLICATION_GOLD_BUILDINGS',					'MODIFIER_ALL_CITIES_ATTACH_MODIFIER',							'CITY_FOLLOWS_RELIGION_REQUIREMENTS'),
	('PRACTICAL_APPLICATION_GOLD_BUILDINGS_MODIFIER',			'MODIFIER_CITY_ENABLE_BUILDING_FAITH_PURCHASE',					NULL),
	('MESSIAH_FAITH_PURCHASE_HOLYSITE_BUILDINGS',				'MODIFIER_ALL_CITIES_ATTACH_MODIFIER',							'CITY_FOLLOWS_RELIGION_REQUIREMENTS'),
	('MESSIAH_FAITH_PURCHASE_HOLYSITE_BUILDINGS_MODIFIER',		'MODIFIER_CITY_ENABLE_BUILDING_FAITH_PURCHASE',					NULL),
	('MESSIAH_FAITH_PURCHASE_CITY_CENTER_BUILDINGS',			'MODIFIER_ALL_CITIES_ATTACH_MODIFIER',							'CITY_FOLLOWS_RELIGION_REQUIREMENTS'),
	('MESSIAH_FAITH_PURCHASE_CITY_CENTER_BUILDINGS_MODIFIER',	'MODIFIER_CITY_ENABLE_BUILDING_FAITH_PURCHASE',					NULL),
	('MESSIAH_HOLYSITE_FAITH',									'MODIFIER_ALL_CITIES_ATTACH_MODIFIER',							'CITY_FOLLOWS_RELIGION_REQUIREMENTS'),
	('MESSIAH_HOLYSITE_FAITH_MODIFIER',							'MODIFIER_CITY_DISTRICTS_ADJUST_YIELD_CHANGE',					'DISTRICT_IS_HOLY_SITE'),
	('HOLY_WATERS_DISTRICT_FAITH',								'MODIFIER_ALL_DISTRICTS_ATTACH_MODIFIER',						'CITY_FOLLOWS_RELIGION_AND_HOLYSITE_REQUIREMENTS'),
	('HOLY_WATERS_DISTRICT_FAITH_MODIFIER',						'MODIFIER_CITY_DISTRICTS_ADJUST_YIELD_CHANGE',					'NON_WONDER_NON_CITYCENTER_PLOT_IS_OR_ADJACENT_TO_COAST'),
	('HOLY_WATERS_HOLYSITE_BONUS',								'MODIFIER_ALL_CITIES_ATTACH_MODIFIER',							'CITY_FOLLOWS_RELIGION_REQUIREMENTS'),
	('HOLY_WATERS_HOLYSITE_BONUS_MODIFIER',						'MODIFIER_CITY_DISTRICTS_ADJUST_YIELD_MODIFIER',				'DISTRICT_IS_HOLY_SITE_ADJACENT_TO_COAST'),
	('HOLY_WATERS_FAITH_PURCHASE_HORBOR_BUILDINGS',				'MODIFIER_ALL_CITIES_ATTACH_MODIFIER',							'CITY_FOLLOWS_RELIGION_REQUIREMENTS'),
	('HOLY_WATERS_FAITH_PURCHASE_HORBOR_BUILDINGS_MODIFIER',	'MODIFIER_CITY_ENABLE_BUILDING_FAITH_PURCHASE',					NULL),
	-- Builder and Settler
	-- ('THE_THIRD_TEMPLE_DIPLOMACY_BUILDINGS',					'MODIFIER_ALL_CITIES_ATTACH_MODIFIER',							'CITY_FOLLOWS_RELIGION_REQUIREMENTS'),
	-- ('THE_THIRD_TEMPLE_DIPLOMACY_BUILDINGS_MODIFIER',			'MODIFIER_CITY_ENABLE_BUILDING_FAITH_PURCHASE',					NULL),
	-- ('THE_THIRD_TEMPLE_BUILDER_PURCHASE',						'MODIFIER_ALL_CITIES_ATTACH_MODIFIER',							'CITY_FOLLOWS_RELIGION_REQUIREMENTS'),
	-- ('THE_THIRD_TEMPLE_BUILDER_PURCHASE_MODIFIER',				'MODIFIER_CITY_ENABLE_UNIT_FAITH_PURCHASE',						NULL),
	-- ('THE_THIRD_TEMPLE_BUILDER_DISCOUNT',						'MODIFIER_ALL_CITIES_ATTACH_MODIFIER',							'CITY_FOLLOWS_RELIGION_REQUIREMENTS'),
	-- ('THE_THIRD_TEMPLE_BUILDER_DISCOUNT_MODIFIER',				'MODIFIER_SINGLE_CITY_ADJUST_UNIT_PURCHASE_COST',				NULL),
--	('RELIGIOUS_COLONIZATION_DIPLOMACY_BUILDINGS',				'MODIFIER_ALL_CITIES_ATTACH_MODIFIER',							'CITY_FOLLOWS_RELIGION_REQUIREMENTS'),
--	('RELIGIOUS_COLONIZATION_DIPLOMACY_BUILDINGS_MODIFIER',		'MODIFIER_CITY_ENABLE_BUILDING_FAITH_PURCHASE',					NULL),
	('RELIGIOUS_COLONIZATION_BUILDER_MOVEMENT',					'MODIFIER_ALL_CITIES_ATTACH_MODIFIER',							'CITY_FOLLOWS_RELIGION_REQUIREMENTS'),
	('RELIGIOUS_COLONIZATION_BUILDER_MOVEMENT_MODIFIER',		'MODIFIER_HD_CITY_TRAINED_UNITS_ADJUST_MOVEMENT',				'UNIT_IS_UNIT_BUILDER_REQUIREMENTS'),
	('RELIGIOUS_COLONIZATION_SETTLER_MOVEMENT',					'MODIFIER_ALL_CITIES_ATTACH_MODIFIER',							'CITY_FOLLOWS_RELIGION_REQUIREMENTS'),
	('RELIGIOUS_COLONIZATION_SETTLER_MOVEMENT_MODIFIER',		'MODIFIER_HD_CITY_TRAINED_UNITS_ADJUST_MOVEMENT',				'UNIT_IS_UNIT_SETTLER_REQUIREMENTS'),
	('RELIGIOUS_COLONIZATION_BUILDER_DISCOUNT',					'MODIFIER_ALL_CITIES_ATTACH_MODIFIER',							'CITY_FOLLOWS_RELIGION_REQUIREMENTS'),
	('RELIGIOUS_COLONIZATION_BUILDER_DISCOUNT_MODIFIER',		'MODIFIER_SINGLE_CITY_ADJUST_UNIT_PURCHASE_COST',				NULL),
	('RELIGIOUS_COLONIZATION_GOVERNMENT_BUILDINGS',				'MODIFIER_ALL_CITIES_ATTACH_MODIFIER',							'CITY_FOLLOWS_RELIGION_REQUIREMENTS'),
	('RELIGIOUS_COLONIZATION_GOVERNMENT_BUILDINGS_MODIFIER',	'MODIFIER_CITY_ENABLE_BUILDING_FAITH_PURCHASE',					NULL),
	-- ('RELIGIOUS_COLONIZATION_SETTLER_PURCHASE',					'MODIFIER_ALL_CITIES_ATTACH_MODIFIER',							'CITY_FOLLOWS_RELIGION_REQUIREMENTS'),
	-- ('RELIGIOUS_COLONIZATION_SETTLER_PURCHASE_MODIFIER',		'MODIFIER_CITY_ENABLE_UNIT_FAITH_PURCHASE',						NULL),
	('RELIGIOUS_COLONIZATION_SETTLER_DISCOUNT',					'MODIFIER_ALL_CITIES_ATTACH_MODIFIER',							'CITY_FOLLOWS_RELIGION_REQUIREMENTS'),
	('RELIGIOUS_COLONIZATION_SETTLER_DISCOUNT_MODIFIER',		'MODIFIER_SINGLE_CITY_ADJUST_UNIT_PURCHASE_COST',				NULL),
	('RELIGIOUS_COMMUNITY_SHRINE_ORIGIN_SCIENCE_MODIFIER',		'MODIFIER_SINGLE_CITY_ADJUST_TRADE_ROUTE_YIELD_FOR_INTERNATIONAL',	'BUILDING_IS_SHRINE'),
	('RELIGIOUS_COMMUNITY_TEMPLE_ORIGIN_SCIENCE_MODIFIER',		'MODIFIER_SINGLE_CITY_ADJUST_TRADE_ROUTE_YIELD_FOR_INTERNATIONAL',	'BUILDING_IS_TEMPLE_XP2'),
	('RELIGIOUS_COMMUNITY_TIER3_ORIGIN_SCIENCE_MODIFIER',		'MODIFIER_SINGLE_CITY_ADJUST_TRADE_ROUTE_YIELD_FOR_INTERNATIONAL',	'BUILDING_IS_TIER3_HOLY_SITE'),
	('RELIGIOUS_COMMUNITY_SHRINE_DESTINATION_SCIENCE_MODIFIER',	'MODIFIER_SINGLE_CITY_ADJUST_TRADE_ROUTE_YIELD_FROM_OTHERS',	'BUILDING_IS_SHRINE'),
	('RELIGIOUS_COMMUNITY_TEMPLE_DESTINATION_SCIENCE_MODIFIER',	'MODIFIER_SINGLE_CITY_ADJUST_TRADE_ROUTE_YIELD_FROM_OTHERS',	'BUILDING_IS_TEMPLE_XP2'),
	('RELIGIOUS_COMMUNITY_TIER3_DESTINATION_SCIENCE_MODIFIER',	'MODIFIER_SINGLE_CITY_ADJUST_TRADE_ROUTE_YIELD_FROM_OTHERS',	'BUILDING_IS_TIER3_HOLY_SITE'),
	('RELIGIOUS_COMMUNITY_SHRINE_SCIENCE_TO_OTHERS_MODIFIER',	'MODIFIER_SINGLE_CITY_ADJUST_TRADE_ROUTE_YIELD_TO_OTHERS',		'BUILDING_IS_SHRINE'),
	('RELIGIOUS_COMMUNITY_TEMPLE_SCIENCE_TO_OTHERS_MODIFIER',	'MODIFIER_SINGLE_CITY_ADJUST_TRADE_ROUTE_YIELD_TO_OTHERS',		'BUILDING_IS_TEMPLE_XP2'),
	('RELIGIOUS_COMMUNITY_TIER3_SCIENCE_TO_OTHERS_MODIFIER',	'MODIFIER_SINGLE_CITY_ADJUST_TRADE_ROUTE_YIELD_TO_OTHERS',		'BUILDING_IS_TIER3_HOLY_SITE');

insert or replace into ModifierArguments
	(ModifierId,												Name,					Value)
values
	-- Follower
	('FEED_THE_WORLD_POPULATION_FOOD',							'ModifierId',			'FEED_THE_WORLD_POPULATION_FOOD_MODIFIER'),
	('FEED_THE_WORLD_POPULATION_FOOD_MODIFIER',					'YieldType',			'YIELD_FOOD'),
	('FEED_THE_WORLD_POPULATION_FOOD_MODIFIER',					'Amount',				0.5),

	('FEED_THE_WORLD_FOLLOWER_FOOD',							'ModifierId',			'FEED_THE_WORLD_FOLLOWER_FOOD_MODIFIER'),
	('FEED_THE_WORLD_FOLLOWER_FOOD_MODIFIER',					'YieldType',			'YIELD_FOOD'),
	('FEED_THE_WORLD_FOLLOWER_FOOD_MODIFIER',					'Amount',				1),
	('FEED_THE_WORLD_WORSHIP_FOOD',								'ModifierId',			'FEED_THE_WORLD_WORSHIP_FOOD_MODIFIER'),
	('FEED_THE_WORLD_WORSHIP_FOOD_MODIFIER',					'YieldType',			'YIELD_FOOD'),
	('FEED_THE_WORLD_WORSHIP_FOOD_MODIFIER',					'Amount',				4),
	('FEED_THE_WORLD_WORSHIP_HOUSE',							'ModifierId',			'FEED_THE_WORLD_WORSHIP_HOUSE_MODIFIER'),
	('FEED_THE_WORLD_WORSHIP_HOUSE_MODIFIER',					'Amount',				2),
	--
	('CHORAL_MUSIC_POPULATION_CULTURE',							'ModifierId',			'CHORAL_MUSIC_POPULATION_CULTURE_MODIFIER'),
	('CHORAL_MUSIC_POPULATION_CULTURE_MODIFIER',				'YieldType',			'YIELD_CULTURE'),
	('CHORAL_MUSIC_POPULATION_CULTURE_MODIFIER',				'Amount',				0.5),
	('CHORAL_MUSIC_FOLLOWER_CULTURE',							'ModifierId',			'CHORAL_MUSIC_FOLLOWER_CULTURE_MODIFIER'),
	('CHORAL_MUSIC_FOLLOWER_CULTURE_MODIFIER',					'YieldType',			'YIELD_CULTURE'),
	('CHORAL_MUSIC_FOLLOWER_CULTURE_MODIFIER',					'Amount',				1),
	('CHORAL_MUSIC_WORSHIP_CULTURE',							'ModifierId',			'CHORAL_MUSIC_WORSHIP_CULTURE_MODIFIER'),
	('CHORAL_MUSIC_WORSHIP_CULTURE_MODIFIER',					'YieldType',			'YIELD_CULTURE'),
	('CHORAL_MUSIC_WORSHIP_CULTURE_MODIFIER',					'Amount',				4),
	--
	--('DIVINE_INSPIRATION_FAITH_BUILDINGS',						'ModifierId',			'DIVINE_INSPIRATION_FAITH_BUILDINGS_MODIFIER'),
	--('DIVINE_INSPIRATION_FAITH_BUILDINGS_MODIFIER',				'DistrictType',			'DISTRICT_HOLY_SITE'),
	('DIVINE_INSPIRATION_HOLY_SITE_FAITH',						'YieldTypeToMirror',	'YIELD_FAITH'),
	('DIVINE_INSPIRATION_HOLY_SITE_FAITH',						'YieldTypeToGrant',		'YIELD_FAITH'),
	--
	('JESUIT_EDUCATION_POPULATION_SCIENCE',						'ModifierId',			'JESUIT_EDUCATION_POPULATION_SCIENCE_MODIFIER'),
	('JESUIT_EDUCATION_POPULATION_SCIENCE_MODIFIER',			'YieldType',			'YIELD_SCIENCE'),
	('JESUIT_EDUCATION_POPULATION_SCIENCE_MODIFIER',			'Amount',				0.5),
	('JESUIT_EDUCATION_SHRINE_POPULATION_SCIENCE',				'ModifierId',			'JESUIT_EDUCATION_SHRINE_POPULATION_SCIENCE_MODIFIER'),
	('JESUIT_EDUCATION_SHRINE_POPULATION_SCIENCE_MODIFIER',		'YieldType',			'YIELD_SCIENCE'),
	('JESUIT_EDUCATION_SHRINE_POPULATION_SCIENCE_MODIFIER',		'Amount',				0.5),
	('JESUIT_EDUCATION_TEMPLE_POPULATION_SCIENCE',				'ModifierId',			'JESUIT_EDUCATION_TEMPLE_POPULATION_SCIENCE_MODIFIER'),
	('JESUIT_EDUCATION_TEMPLE_POPULATION_SCIENCE_MODIFIER',		'YieldType',			'YIELD_SCIENCE'),
	('JESUIT_EDUCATION_TEMPLE_POPULATION_SCIENCE_MODIFIER',		'Amount',				0.5),
	('JESUIT_EDUCATION_WORSHIP_POPULATION_SCIENCE',				'ModifierId',			'JESUIT_EDUCATION_WORSHIP_POPULATION_SCIENCE_MODIFIER'),
	('JESUIT_EDUCATION_WORSHIP_POPULATION_SCIENCE_MODIFIER',	'YieldType',			'YIELD_SCIENCE'),
	('JESUIT_EDUCATION_WORSHIP_POPULATION_SCIENCE_MODIFIER',	'Amount',				0.5),
	--
	('RELIGIOUS_COMMUNITY_TRADER_PURCHASE',						'ModifierId',			'RELIGIOUS_COMMUNITY_TRADER_PURCHASE_MODIFIER'),
	('RELIGIOUS_COMMUNITY_TRADER_PURCHASE_MODIFIER',			'Tag',					'CLASS_TRADER'),
	('RELIGIOUS_COMMUNITY_TRADER_DISCOUNT',						'ModifierId',			'RELIGIOUS_COMMUNITY_TRADER_DISCOUNT_MODIFIER'),
	('RELIGIOUS_COMMUNITY_TRADER_DISCOUNT_MODIFIER',			'UnitType',				'UNIT_TRADER'),
	('RELIGIOUS_COMMUNITY_TRADER_DISCOUNT_MODIFIER',			'Amount',				20),
	('RELIGIOUS_COMMUNITY_TRADER_CAPACITY',						'ModifierId',			'RELIGIOUS_COMMUNITY_TRADER_CAPACITY_MODIFIER'),
	('RELIGIOUS_COMMUNITY_TRADER_CAPACITY_MODIFIER',			'Amount',				1),
	--
	('RELIGIOUS_ART_ADJACENCY_CULTURE',							'YieldTypeToMirror',	'YIELD_FAITH'),
	('RELIGIOUS_ART_ADJACENCY_CULTURE',							'YieldTypeToGrant',		'YIELD_CULTURE'),
	('RELIGIOUS_ART_CULTURE_BUILDINGS',							'ModifierId',			'RELIGIOUS_ART_CULTURE_BUILDINGS_MODIFIER'),
	('RELIGIOUS_ART_CULTURE_BUILDINGS_MODIFIER',				'DistrictType',			'DISTRICT_THEATER'),
	--
	-- ('WORK_ETHIC_POPULATION_PRODUCTION',						'ModifierId',			'WORK_ETHIC_POPULATION_PRODUCTION_MODIFIER'),
	-- ('WORK_ETHIC_POPULATION_PRODUCTION_MODIFIER',				'YieldType',			'YIELD_PRODUCTION'),
	-- ('WORK_ETHIC_POPULATION_PRODUCTION_MODIFIER',				'Amount',				0.3),
	('WORK_ETHIC_PRODUCTION_BUILDINGS',							'ModifierId',			'WORK_ETHIC_PRODUCTION_BUILDINGS_MODIFIER'),
	('WORK_ETHIC_PRODUCTION_BUILDINGS_MODIFIER',				'DistrictType',			'DISTRICT_INDUSTRIAL_ZONE'),
	('WORK_ETHIC_SPECIAL_DISTRICT_PRODUCTION',              	'ModifierId',   		'WORK_ETHIC_SPECIAL_DISTRICT_PRODUCTION_MODIFIER'),	
	('WORK_ETHIC_SPECIAL_DISTRICT_PRODUCTION_MODIFIER',     	'YieldType',    		'YIELD_PRODUCTION'),
	('WORK_ETHIC_SPECIAL_DISTRICT_PRODUCTION_MODIFIER',     	'Amount',       		2),
	--
	('PRACTICAL_APPLICATION_POPULATION_GOLD',					'ModifierId',			'PRACTICAL_APPLICATION_POPULATION_GOLD_MODIFIER'),
	('PRACTICAL_APPLICATION_POPULATION_GOLD_MODIFIER',			'YieldType',			'YIELD_GOLD'),
	('PRACTICAL_APPLICATION_POPULATION_GOLD_MODIFIER',			'Amount',				3),
	-- ('PRACTICAL_APPLICATION_FOLLOWER_GOLD',						'ModifierId',			'PRACTICAL_APPLICATION_FOLLOWER_GOLD_MODIFIER'),
	-- ('PRACTICAL_APPLICATION_FOLLOWER_GOLD_MODIFIER',			'YieldType',			'YIELD_GOLD'),
	-- ('PRACTICAL_APPLICATION_FOLLOWER_GOLD_MODIFIER',			'Amount',				1),
	('PRACTICAL_APPLICATION_GOLD_BUILDINGS',					'ModifierId',			'PRACTICAL_APPLICATION_GOLD_BUILDINGS_MODIFIER'),
	('PRACTICAL_APPLICATION_GOLD_BUILDINGS_MODIFIER',			'DistrictType',			'DISTRICT_COMMERCIAL_HUB'),
	('MESSIAH_FAITH_PURCHASE_HOLYSITE_BUILDINGS',				'ModifierId',			'MESSIAH_FAITH_PURCHASE_HOLYSITE_BUILDINGS_MODIFIER'),
	('MESSIAH_FAITH_PURCHASE_HOLYSITE_BUILDINGS_MODIFIER',		'DistrictType',			'DISTRICT_HOLY_SITE'),
	('MESSIAH_FAITH_PURCHASE_CITY_CENTER_BUILDINGS',			'ModifierId',			'MESSIAH_FAITH_PURCHASE_CITY_CENTER_BUILDINGS_MODIFIER'),
	('MESSIAH_FAITH_PURCHASE_CITY_CENTER_BUILDINGS_MODIFIER',	'DistrictType',			'DISTRICT_CITY_CENTER'),
	('MESSIAH_HOLYSITE_FAITH',									'ModifierId',			'MESSIAH_HOLYSITE_FAITH_MODIFIER'),
	('MESSIAH_HOLYSITE_FAITH_MODIFIER',							'YieldType',			'YIELD_FAITH'),
	('MESSIAH_HOLYSITE_FAITH_MODIFIER',							'Amount',				4),
	('HOLY_WATERS_DISTRICT_FAITH',								'ModifierId',			'HOLY_WATERS_DISTRICT_FAITH_MODIFIER'),
	('HOLY_WATERS_DISTRICT_FAITH_MODIFIER',						'YieldType',			'YIELD_FAITH'),
	('HOLY_WATERS_DISTRICT_FAITH_MODIFIER',						'Amount',				4),
	('HOLY_WATERS_HOLYSITE_BONUS',								'ModifierId',			'HOLY_WATERS_HOLYSITE_BONUS_MODIFIER'),
	('HOLY_WATERS_HOLYSITE_BONUS_MODIFIER',						'YieldType',			'YIELD_FAITH'),
	('HOLY_WATERS_HOLYSITE_BONUS_MODIFIER',						'Amount',				100),
	('HOLY_WATERS_FAITH_PURCHASE_HORBOR_BUILDINGS',				'ModifierId',			'HOLY_WATERS_FAITH_PURCHASE_HORBOR_BUILDINGS_MODIFIER'),
	('HOLY_WATERS_FAITH_PURCHASE_HORBOR_BUILDINGS_MODIFIER',	'DistrictType',			'DISTRICT_HARBOR'),
	-- Builder and Settler
	-- ('THE_THIRD_TEMPLE_DIPLOMACY_BUILDINGS',					'ModifierId',			'THE_THIRD_TEMPLE_DIPLOMACY_BUILDINGS_MODIFIER'),
	-- ('THE_THIRD_TEMPLE_DIPLOMACY_BUILDINGS_MODIFIER',			'DistrictType',			'DISTRICT_DIPLOMATIC_QUARTER'),
	-- ('THE_THIRD_TEMPLE_BUILDER_PURCHASE',						'ModifierId',			'THE_THIRD_TEMPLE_BUILDER_PURCHASE_MODIFIER'),
	-- ('THE_THIRD_TEMPLE_BUILDER_PURCHASE_MODIFIER',				'Tag',					'CLASS_BUILDER'),
	-- ('THE_THIRD_TEMPLE_BUILDER_DISCOUNT',						'ModifierId',			'THE_THIRD_TEMPLE_BUILDER_DISCOUNT_MODIFIER'),
	-- ('THE_THIRD_TEMPLE_BUILDER_DISCOUNT_MODIFIER',				'UnitType',				'UNIT_BUILDER'),
	-- ('THE_THIRD_TEMPLE_BUILDER_DISCOUNT_MODIFIER',				'Amount',				20),
--	('RELIGIOUS_COLONIZATION_DIPLOMACY_BUILDINGS',				'ModifierId',			'RELIGIOUS_COLONIZATION_DIPLOMACY_BUILDINGS_MODIFIER'),
--	('RELIGIOUS_COLONIZATION_DIPLOMACY_BUILDINGS_MODIFIER',		'DistrictType',			'DISTRICT_DIPLOMATIC_QUARTER'),
	('RELIGIOUS_COLONIZATION_BUILDER_MOVEMENT',					'ModifierId',			'RELIGIOUS_COLONIZATION_BUILDER_MOVEMENT_MODIFIER'),
	('RELIGIOUS_COLONIZATION_BUILDER_MOVEMENT_MODIFIER',		'Amount',				2),
	('RELIGIOUS_COLONIZATION_SETTLER_MOVEMENT',					'ModifierId',			'RELIGIOUS_COLONIZATION_SETTLER_MOVEMENT_MODIFIER'),
	('RELIGIOUS_COLONIZATION_SETTLER_MOVEMENT_MODIFIER',		'Amount',				2),
	('RELIGIOUS_COLONIZATION_BUILDER_DISCOUNT',					'ModifierId',			'RELIGIOUS_COLONIZATION_BUILDER_DISCOUNT_MODIFIER'),
	('RELIGIOUS_COLONIZATION_BUILDER_DISCOUNT_MODIFIER',		'UnitType',				'UNIT_BUILDER'),
	('RELIGIOUS_COLONIZATION_BUILDER_DISCOUNT_MODIFIER',		'Amount',				20),
	('RELIGIOUS_COLONIZATION_GOVERNMENT_BUILDINGS',				'ModifierId',			'RELIGIOUS_COLONIZATION_GOVERNMENT_BUILDINGS_MODIFIER'),
	('RELIGIOUS_COLONIZATION_GOVERNMENT_BUILDINGS_MODIFIER',	'DistrictType',			'DISTRICT_GOVERNMENT'),
	-- ('RELIGIOUS_COLONIZATION_SETTLER_PURCHASE',					'ModifierId',			'RELIGIOUS_COLONIZATION_SETTLER_PURCHASE_MODIFIER'),
	-- ('RELIGIOUS_COLONIZATION_SETTLER_PURCHASE_MODIFIER',		'Tag',					'CLASS_SETTLER'),
	('RELIGIOUS_COLONIZATION_SETTLER_DISCOUNT',					'ModifierId',			'RELIGIOUS_COLONIZATION_SETTLER_DISCOUNT_MODIFIER'),
	('RELIGIOUS_COLONIZATION_SETTLER_DISCOUNT_MODIFIER',		'UnitType',				'UNIT_SETTLER'),
	('RELIGIOUS_COLONIZATION_SETTLER_DISCOUNT_MODIFIER',		'Amount',				20),
	('RELIGIOUS_COMMUNITY_SHRINE_ORIGIN_SCIENCE_MODIFIER',		'YieldType',			'YIELD_SCIENCE'),
	('RELIGIOUS_COMMUNITY_SHRINE_ORIGIN_SCIENCE_MODIFIER',		'Amount',				1),
	('RELIGIOUS_COMMUNITY_TEMPLE_ORIGIN_SCIENCE_MODIFIER',		'YieldType',			'YIELD_SCIENCE'),
	('RELIGIOUS_COMMUNITY_TEMPLE_ORIGIN_SCIENCE_MODIFIER',		'Amount',				1),
	('RELIGIOUS_COMMUNITY_TIER3_ORIGIN_SCIENCE_MODIFIER',		'YieldType',			'YIELD_SCIENCE'),
	('RELIGIOUS_COMMUNITY_TIER3_ORIGIN_SCIENCE_MODIFIER',		'Amount',				1),
	('RELIGIOUS_COMMUNITY_SHRINE_DESTINATION_SCIENCE_MODIFIER',	'YieldType',			'YIELD_SCIENCE'),
	('RELIGIOUS_COMMUNITY_SHRINE_DESTINATION_SCIENCE_MODIFIER',	'Amount',				1),
	('RELIGIOUS_COMMUNITY_TEMPLE_DESTINATION_SCIENCE_MODIFIER',	'YieldType',			'YIELD_SCIENCE'),
	('RELIGIOUS_COMMUNITY_TEMPLE_DESTINATION_SCIENCE_MODIFIER',	'Amount',				1),
	('RELIGIOUS_COMMUNITY_TIER3_DESTINATION_SCIENCE_MODIFIER',	'YieldType',			'YIELD_SCIENCE'),
	('RELIGIOUS_COMMUNITY_TIER3_DESTINATION_SCIENCE_MODIFIER',	'Amount',				1),
	('RELIGIOUS_COMMUNITY_SHRINE_SCIENCE_TO_OTHERS_MODIFIER',	'YieldType',			'YIELD_SCIENCE'),
	('RELIGIOUS_COMMUNITY_SHRINE_SCIENCE_TO_OTHERS_MODIFIER',	'Amount',				1),
	('RELIGIOUS_COMMUNITY_TEMPLE_SCIENCE_TO_OTHERS_MODIFIER',	'YieldType',			'YIELD_SCIENCE'),
	('RELIGIOUS_COMMUNITY_TEMPLE_SCIENCE_TO_OTHERS_MODIFIER',	'Amount',				1),
	('RELIGIOUS_COMMUNITY_TIER3_SCIENCE_TO_OTHERS_MODIFIER',	'YieldType',			'YIELD_SCIENCE'),
	('RELIGIOUS_COMMUNITY_TIER3_SCIENCE_TO_OTHERS_MODIFIER',	'Amount',				1);

-- Founder
-- delete from BeliefModifiers where BeliefType = 'BELIEF_LAY_MINISTRY';
-- delete from BeliefModifiers where BeliefType = 'BELIEF_STEWARDSHIP';
-- delete from BeliefModifiers where BeliefType = 'BELIEF_RELIGIOUS_UNITY';
insert or replace into BeliefModifiers
	(BeliefType,						ModifierID)
values
	-- Founder
	('BELIEF_TITHE',					'TITHE_GOLD_FOLLOWER'),
	('BELIEF_RELIGIOUS_UNITY',			'RELIGIOUS_UNITY_FAITH_FOLLOWER'),
	('BELIEF_WORLD_CHURCH',				'WORLD_CHURCH_CULTURE_FOLLOWER'),
	('BELIEF_CROSS_CULTURAL_DIALOGUE',	'CROSS_CULTURAL_DIALOGUE_SCIENCE_FOLLOWER'),
	('BELIEF_CHURCH_PROPERTY',			'CHURCH_PROPERTY_GOLD_CITY'),
	('BELIEF_PILGRIMAGE',				'PILGRIMAGE_FAITH_CITY'),
	('BELIEF_LAY_MINISTRY',				'LAY_MINISTRY_CULTURE_CITY'),
	('BELIEF_STEWARDSHIP',				'STEWARDSHIP_SCIENCE_CITY'),
	('BELIEF_PAPAL_PRIMACY',			'PAPAL_PRIMACY_PRESSURE_ON_ADOPTION'),
	('BELIEF_SACRED_PLACES',			'SACRED_PLACES_FAITH_WONDER_CITY'),
	('BELIEF_SACRED_PLACES',			'SACRED_PLACES_CULTURE_WONDER_CITY'),
	('BELIEF_SACRED_PLACES',			'SACRED_PLACES_SCIENCE_WONDER_CITY'),
	('BELIEF_SACRED_PLACES',			'SACRED_PLACES_GOLD_WONDER_CITY'),
	('BELIEF_JUST_WAR',                 'JUST_WAR_FAITH_PILLAGE_IMPROVEMENT_FAITH'),
    ('BELIEF_JUST_WAR',                 'JUST_WAR_FAITH_PILLAGE_DISTRICT_FAITH'),
	-- Enhancer
	('BELIEF_INITIATION_RITES',			'INITIATION_RITES_GOLD_POPULATION'),
	('BELIEF_PIOUS_MERCHANTS',			'PIOUS_MERCHANTS_TRADER_RELIGIOUS_PRESSURE'),
	--('BELIEF_PIOUS_MERCHANTS',			'PIOUS_MERCHANTS_TRADER_ROUTE_FAITH'),
	('BELIEF_ITINERANT_PREACHERS',		'ITINERANT_PREACHERS_CULTURE_POPULATION'),
	('BELIEF_SCRIPTURE',				'SCRIPTURE_SCIENCE_POPULATION'),
	('BELIEF_CANONIZATION_OF_SAINTS',	'CANONIZATION_OF_SAINTS_FAITH_POPULATION'),
	('BELIEF_CANONIZATION_OF_SAINTS',	'CANONIZATION_OF_SAINTS_GP_RELIGIOUS_PRESSURE');
	-- Worship
--随着教皇权威变强化，改压力150→250
update ModifierArguments set Value = 250 where ModifierId = 'PAPAL_PRIMACY_PRESSURE_ON_ADOPTION' and Name = 'Amount';

-- x yield per follower
update ModifierArguments set Value = 3 where ModifierId = 'TITHE_GOLD_FOLLOWER_MODIFIER' and Name = 'Amount';
update ModifierArguments set Value = 2 where ModifierId = 'TITHE_GOLD_FOLLOWER_MODIFIER' and Name = 'PerXItems';
update ModifierArguments set Value = 2 where ModifierId = 'WORLD_CHURCH_CULTURE_FOLLOWER_MODIFIER' and Name = 'PerXItems';
update ModifierArguments set Value = 2 where ModifierId = 'CROSS_CULTURAL_DIALOGUE_SCIENCE_FOLLOWER_MODIFIER' and Name = 'PerXItems';
-- x yield per city
update ModifierArguments set Value = 4 where ModifierId = 'PILGRIMAGE_FAITH_CITY_MODIFIER' and Name = 'Amount';
update ModifierArguments set Value = 8 where ModifierId = 'CHURCH_PROPERTY_GOLD_CITY_MODIFIER' and Name = 'Amount';

insert or replace into Modifiers
	(ModifierId,												ModifierType,												SubjectRequirementSetId)
values
	-- Founder
	('LAY_MINISTRY_CULTURE_CITY',								'MODIFIER_ALL_PLAYERS_ATTACH_MODIFIER',						'PLAYER_FOUNDED_RELIGION_REQUIREMENTS'),
	('LAY_MINISTRY_CULTURE_CITY_MODIFIER',						'MODIFIER_PLAYER_RELIGION_ADD_RELIGIOUS_BELIEF_YIELD',		NULL),
	('STEWARDSHIP_SCIENCE_CITY',								'MODIFIER_ALL_PLAYERS_ATTACH_MODIFIER',						'PLAYER_FOUNDED_RELIGION_REQUIREMENTS'),
	('STEWARDSHIP_SCIENCE_CITY_MODIFIER',						'MODIFIER_PLAYER_RELIGION_ADD_RELIGIOUS_BELIEF_YIELD',		NULL),
	('RELIGIOUS_UNITY_FAITH_FOLLOWER',							'MODIFIER_ALL_PLAYERS_ATTACH_MODIFIER',						'PLAYER_FOUNDED_RELIGION_REQUIREMENTS'),
	('RELIGIOUS_UNITY_FAITH_FOLLOWER_MODIFIER',					'MODIFIER_PLAYER_RELIGION_ADD_RELIGIOUS_BELIEF_YIELD',		NULL),
	('JUST_WAR_FAITH_PILLAGE_IMPROVEMENT_FAITH',            	'MODIFIER_ALL_PLAYERS_ATTACH_MODIFIER',						'PLAYER_FOUNDED_RELIGION_REQUIREMENTS'),
	('JUST_WAR_FAITH_PILLAGE_IMPROVEMENT_FAITH_MODIFIER',       'MODIFIER_PLAYER_UNITS_ADJUST_FAITH_ON_IMPROVEMENT_PILLAGE',	NULL),
    ('JUST_WAR_FAITH_PILLAGE_DISTRICT_FAITH',               	'MODIFIER_ALL_PLAYERS_ATTACH_MODIFIER',						'PLAYER_FOUNDED_RELIGION_REQUIREMENTS'),
	('JUST_WAR_FAITH_PILLAGE_DISTRICT_FAITH_MODIFIER',          'MODIFIER_PLAYER_UNITS_ADJUST_FAITH_ON_DISTRICT_PILLAGE',	NULL),
	-- Enhancer
	('INITIATION_RITES_GOLD_POPULATION',						'MODIFIER_ALL_PLAYERS_ATTACH_MODIFIER',						'PLAYER_FOUNDED_RELIGION_REQUIREMENTS'),
	('INITIATION_RITES_GOLD_POPULATION_MODIFIER',				'MODIFIER_PLAYER_UNITS_ADJUST_INITIATION_YIELD_POPULATION',	NULL),
	('PIOUS_MERCHANTS_TRADER_RELIGIOUS_PRESSURE',				'MODIFIER_ALL_PLAYERS_ATTACH_MODIFIER',						'PLAYER_FOUNDED_RELIGION_REQUIREMENTS'),
	('PIOUS_MERCHANTS_TRADER_RELIGIOUS_PRESSURE_MODIFIER',		'MODIFIER_PLAYER_ADJUST_TRADE_ROUTE_RELIGIOUS_PRESSURE',	NULL),
	('PIOUS_MERCHANTS_TRADER_ROUTE_FAITH',						'MODIFIER_ALL_PLAYERS_ATTACH_MODIFIER',						'PLAYER_FOUNDED_RELIGION_REQUIREMENTS'),
	('PIOUS_MERCHANTS_TRADER_ROUTE_FAITH_MODIFIER',				'MODIFIER_PLAYER_ADJUST_TRADE_ROUTE_YIELD',					NULL),
	('ITINERANT_PREACHERS_CULTURE_POPULATION',					'MODIFIER_ALL_PLAYERS_ATTACH_MODIFIER',						'PLAYER_FOUNDED_RELIGION_REQUIREMENTS'),
	('ITINERANT_PREACHERS_CULTURE_POPULATION_MODIFIER',			'MODIFIER_PLAYER_UNITS_ADJUST_INITIATION_YIELD_POPULATION',	NULL),
	('SCRIPTURE_SCIENCE_POPULATION',							'MODIFIER_ALL_PLAYERS_ATTACH_MODIFIER',						'PLAYER_FOUNDED_RELIGION_REQUIREMENTS'),
	('SCRIPTURE_SCIENCE_POPULATION_MODIFIER',					'MODIFIER_PLAYER_UNITS_ADJUST_INITIATION_YIELD_POPULATION',	NULL),
	('CANONIZATION_OF_SAINTS_FAITH_POPULATION',					'MODIFIER_ALL_PLAYERS_ATTACH_MODIFIER',						'PLAYER_FOUNDED_RELIGION_REQUIREMENTS'),
	('CANONIZATION_OF_SAINTS_FAITH_POPULATION_MODIFIER',		'MODIFIER_PLAYER_UNITS_ADJUST_INITIATION_YIELD_POPULATION',	NULL),
	('CANONIZATION_OF_SAINTS_GP_RELIGIOUS_PRESSURE',			'MODIFIER_ALL_PLAYERS_ATTACH_MODIFIER',						'PLAYER_FOUNDED_RELIGION_REQUIREMENTS'),
	('CANONIZATION_OF_SAINTS_GP_RELIGIOUS_PRESSURE_MODIFIER',	'MODIFIER_PLAYER_GRANT_RELIGIOUS_PRESSURE_GREAT_PERSON_ACTIVATED',	NULL);

insert or replace into ModifierArguments
	(ModifierId,												Name,					Value)
values
	-- Founder
	('RELIGIOUS_UNITY_FAITH_FOLLOWER',							'ModifierId',			'RELIGIOUS_UNITY_FAITH_FOLLOWER_MODIFIER'),
	('RELIGIOUS_UNITY_FAITH_FOLLOWER_MODIFIER',					'BeliefYieldType',		'BELIEF_YIELD_PER_FOLLOWER'),
	('RELIGIOUS_UNITY_FAITH_FOLLOWER_MODIFIER',					'YieldType',			'YIELD_FAITH'),
	('RELIGIOUS_UNITY_FAITH_FOLLOWER_MODIFIER',					'Amount',				3),
	('RELIGIOUS_UNITY_FAITH_FOLLOWER_MODIFIER',					'PerXItems',			4),
	('LAY_MINISTRY_CULTURE_CITY',								'ModifierId',			'LAY_MINISTRY_CULTURE_CITY_MODIFIER'),
	('LAY_MINISTRY_CULTURE_CITY_MODIFIER',						'BeliefYieldType',		'BELIEF_YIELD_PER_CITY'),
	('LAY_MINISTRY_CULTURE_CITY_MODIFIER',						'YieldType',			'YIELD_CULTURE'),
	('LAY_MINISTRY_CULTURE_CITY_MODIFIER',						'Amount',				2),
	('LAY_MINISTRY_CULTURE_CITY_MODIFIER',						'PerXItems',			1),
	('STEWARDSHIP_SCIENCE_CITY',								'ModifierId',			'STEWARDSHIP_SCIENCE_CITY_MODIFIER'),
	('STEWARDSHIP_SCIENCE_CITY_MODIFIER',						'BeliefYieldType',		'BELIEF_YIELD_PER_CITY'),
	('STEWARDSHIP_SCIENCE_CITY_MODIFIER',						'YieldType',			'YIELD_SCIENCE'),
	('STEWARDSHIP_SCIENCE_CITY_MODIFIER',						'Amount',				2),
	('STEWARDSHIP_SCIENCE_CITY_MODIFIER',						'PerXItems',			1),
	('JUST_WAR_FAITH_PILLAGE_IMPROVEMENT_FAITH',    			'ModifierId',			'JUST_WAR_FAITH_PILLAGE_IMPROVEMENT_FAITH_MODIFIER'),
	('JUST_WAR_FAITH_PILLAGE_IMPROVEMENT_FAITH_MODIFIER',    	'Amount',      			25),
    ('JUST_WAR_FAITH_PILLAGE_DISTRICT_FAITH',       			'ModifierId',			'JUST_WAR_FAITH_PILLAGE_DISTRICT_FAITH_MODIFIER'),
	('JUST_WAR_FAITH_PILLAGE_DISTRICT_FAITH_MODIFIER',       	'Amount',       		25),
	-- Enhancer
	('INITIATION_RITES_GOLD_POPULATION',						'ModifierId',			'INITIATION_RITES_GOLD_POPULATION_MODIFIER'),
	('INITIATION_RITES_GOLD_POPULATION_MODIFIER',				'YieldType',			'YIELD_GOLD'),
	('INITIATION_RITES_GOLD_POPULATION_MODIFIER',				'Amount',				50),
	('PIOUS_MERCHANTS_TRADER_RELIGIOUS_PRESSURE',				'ModifierId',			'PIOUS_MERCHANTS_TRADER_RELIGIOUS_PRESSURE_MODIFIER'),
	('PIOUS_MERCHANTS_TRADER_RELIGIOUS_PRESSURE_MODIFIER',		'Origin',				1),
	('PIOUS_MERCHANTS_TRADER_RELIGIOUS_PRESSURE_MODIFIER',		'Destination',			1),
	('PIOUS_MERCHANTS_TRADER_RELIGIOUS_PRESSURE_MODIFIER',		'Amount',				100),
	('PIOUS_MERCHANTS_TRADER_ROUTE_FAITH',						'ModifierId',			'PIOUS_MERCHANTS_TRADER_ROUTE_FAITH_MODIFIER'),
	('PIOUS_MERCHANTS_TRADER_ROUTE_FAITH_MODIFIER',				'YieldType',			'YIELD_FAITH'),
	('PIOUS_MERCHANTS_TRADER_ROUTE_FAITH_MODIFIER',				'Amount',				2),
	('ITINERANT_PREACHERS_CULTURE_POPULATION',					'ModifierId',			'ITINERANT_PREACHERS_CULTURE_POPULATION_MODIFIER'),
	('ITINERANT_PREACHERS_CULTURE_POPULATION_MODIFIER',			'YieldType',			'YIELD_CULTURE'),
	('ITINERANT_PREACHERS_CULTURE_POPULATION_MODIFIER',			'Amount',				15),
	('SCRIPTURE_SCIENCE_POPULATION',							'ModifierId',			'SCRIPTURE_SCIENCE_POPULATION_MODIFIER'),
	('SCRIPTURE_SCIENCE_POPULATION_MODIFIER',					'YieldType',			'YIELD_SCIENCE'),
	('SCRIPTURE_SCIENCE_POPULATION_MODIFIER',					'Amount',				15),
	('CANONIZATION_OF_SAINTS_FAITH_POPULATION',					'ModifierId',			'CANONIZATION_OF_SAINTS_FAITH_POPULATION_MODIFIER'),
	('CANONIZATION_OF_SAINTS_FAITH_POPULATION_MODIFIER',		'YieldType',			'YIELD_FAITH'),
	('CANONIZATION_OF_SAINTS_FAITH_POPULATION_MODIFIER',		'Amount',				25),
	('CANONIZATION_OF_SAINTS_GP_RELIGIOUS_PRESSURE',			'ModifierId',			'CANONIZATION_OF_SAINTS_GP_RELIGIOUS_PRESSURE_MODIFIER'),
	('CANONIZATION_OF_SAINTS_GP_RELIGIOUS_PRESSURE_MODIFIER',	'Amount',				400);

-- Enhancer
-- update ModifierArguments set Value = 25 where ModifierId = 'HOLY_ORDER_MISSIONARY_DISCOUNT_MODIFIER' and Name = 'Amount';
-- update ModifierArguments set Value = 25 where ModifierId = 'HOLY_ORDER_APOSTLE_DISCOUNT_MODIFIER' and Name = 'Amount';
-- update ModifierArguments set Value = 7 where ModifierId = 'JUST_WAR_COMBAT_BONUS_MODIFIER' and Name = 'Amount';
-- update ModifierArguments set Value = 3 where ModifierId = 'DEFENDER_OF_FAITH_COMBAT_BONUS_MODIFIER' and Name = 'Amount';

-- update Modifiers set ModifierType = 'MODIFIER_ALL_UNITS_ADJUST_HEAL_PER_TURN' where ModifierId = 'HOLY_WATERS_HEALING_MODIFIER';
-- update ModifierArguments set Value = 20 where ModifierId = 'HOLY_WATERS_HEALING_MODIFIER' and Name = 'Amount';
-- update Beliefs set BeliefClassType = 'BELIEF_CLASS_ENHANCER' where BeliefType = 'BELIEF_GOD_OF_HEALING';

-- By 小小雨10101
-- Reliquaries add tourism for shrine and temple.
-- Sacred places value updated
--

-- insert or replace into BeliefModifiers
-- 	(BeliefType,							ModifierID)
-- values
-- 	('BELIEF_RELIQUARIES',					'BELIEF_RELIQUARIES_SHRINE_TOURISM'),
-- 	('BELIEF_RELIQUARIES',					'BELIEF_RELIQUARIES_TEMPLE_TOURISM');

-- insert or replace into Modifiers
-- 	(ModifierId,										ModifierType,										SubjectRequirementSetId)
-- values
-- 	('BELIEF_RELIQUARIES_SHRINE_TOURISM',				'MODIFIER_ALL_DISTRICTS_ATTACH_MODIFIER',			'CITY_FOLLOWS_RELIGION_AND_HOLYSITE_REQUIREMENTS'),
-- 	('BELIEF_RELIQUARIES_SHRINE_TOURISM_MODIFIER',		'MODIFIER_PLAYER_DISTRICT_ADJUST_TOURISM_CHANGE',	'BUILDING_IS_SHRINE'),
-- 	('BELIEF_RELIQUARIES_TEMPLE_TOURISM',				'MODIFIER_ALL_DISTRICTS_ATTACH_MODIFIER',			'CITY_FOLLOWS_RELIGION_AND_HOLYSITE_REQUIREMENTS'),
-- 	('BELIEF_RELIQUARIES_TEMPLE_TOURISM_MODIFIER',		'MODIFIER_PLAYER_DISTRICT_ADJUST_TOURISM_CHANGE',	'BUILDING_IS_TEMPLE_XP2');

-- insert or replace into ModifierArguments
-- 	(ModifierId,										Name,					Value)
-- values
-- 	('BELIEF_RELIQUARIES_SHRINE_TOURISM',				'ModifierId',			'BELIEF_RELIQUARIES_SHRINE_TOURISM_MODIFIER'),
-- 	('BELIEF_RELIQUARIES_SHRINE_TOURISM_MODIFIER',		'Amount',				2),
-- 	('BELIEF_RELIQUARIES_TEMPLE_TOURISM',				'ModifierId',			'BELIEF_RELIQUARIES_TEMPLE_TOURISM_MODIFIER'),
-- 	('BELIEF_RELIQUARIES_TEMPLE_TOURISM_MODIFIER',		'Amount',				4);

--SACRED_PLACES
update ModifierArguments set Value = 3 where ModifierId = 'SACRED_PLACES_FAITH_WONDER_CITY_MODIFIER' and Name = 'Amount';
update ModifierArguments set Value = 3 where ModifierId = 'SACRED_PLACES_CULTURE_WONDER_CITY_MODIFIER' and Name = 'Amount';
update ModifierArguments set Value = 3 where ModifierId = 'SACRED_PLACES_SCIENCE_WONDER_CITY_MODIFIER' and Name = 'Amount';
update ModifierArguments set Value = 3 where ModifierId = 'SACRED_PLACES_GOLD_WONDER_CITY_MODIFIER' and Name = 'Amount';

--Founder
insert or replace into BeliefModifiers
	(BeliefType,											ModifierID)
values
	('BELIEF_PAPAL_PRIMACY',								'PAPAL_PRIMACY_LEVY_DISCOUNT'),
--	('BELIEF_PAPAL_PRIMACY',								'RELIGIOUS_UNITY_ENVOY_ON_ADOPTION'),
    ('BELIEF_PAPAL_PRIMACY',            					'PAPAL_PRIMACY_FAITH_PER_TRIBUTARY'),
    ('BELIEF_PAPAL_PRIMACY',            					'PAPAL_PRIMACY_GOLD_PER_TRIBUTARY'),
	-- ('BELIEF_TO_THE_GLORY_OF_GOD',							'TO_THE_GLORY_OF_GOD_GREAT_PERSON_FAVOR'),
	('BELIEF_TO_THE_GLORY_OF_GOD',							'TO_THE_GLORY_OF_GOD_GREAT_PRESON_DISCOUNT');

insert or replace into Modifiers
	(ModifierId,											ModifierType,												SubjectRequirementSetId)
values
	('PAPAL_PRIMACY_LEVY_DISCOUNT',							'MODIFIER_ALL_PLAYERS_ATTACH_MODIFIER',						'PLAYER_FOUNDED_RELIGION_REQUIREMENTS'),
	('PAPAL_PRIMACY_LEVY_DISCOUNT_MODIFIER',				'MODIFIER_PLAYER_ADJUST_LEVY_DISCOUNT_PERCENT',				NULL),
	('PAPAL_PRIMACY_CULTURE_PER_TRIBUTARY',             	'MODIFIER_ALL_PLAYERS_ATTACH_MODIFIER',						'PLAYER_FOUNDED_RELIGION_REQUIREMENTS'),
	('PAPAL_PRIMACY_CULTURE_PER_TRIBUTARY_MODIFIER',        'MODIFIER_PLAYER_ADJUST_YIELD_CHANGE_PER_TRIBUTARY',		NULL),
    ('PAPAL_PRIMACY_FAITH_PER_TRIBUTARY',               	'MODIFIER_ALL_PLAYERS_ATTACH_MODIFIER',						'PLAYER_FOUNDED_RELIGION_REQUIREMENTS'),
	('PAPAL_PRIMACY_FAITH_PER_TRIBUTARY_MODIFIER',          'MODIFIER_PLAYER_ADJUST_YIELD_CHANGE_PER_TRIBUTARY',		NULL),
    ('PAPAL_PRIMACY_GOLD_PER_TRIBUTARY',                	'MODIFIER_ALL_PLAYERS_ATTACH_MODIFIER',						'PLAYER_FOUNDED_RELIGION_REQUIREMENTS'),
	('PAPAL_PRIMACY_GOLD_PER_TRIBUTARY_MODIFIER',           'MODIFIER_PLAYER_ADJUST_YIELD_CHANGE_PER_TRIBUTARY',		NULL),
	('TO_THE_GLORY_OF_GOD_GREAT_PRESON_DISCOUNT',			'MODIFIER_ALL_PLAYERS_ATTACH_MODIFIER',						'PLAYER_FOUNDED_RELIGION_REQUIREMENTS'),
	('TO_THE_GLORY_OF_GOD_GREAT_PRESON_DISCOUNT_MODIFIER',	'MODIFIER_PLAYER_ADJUST_GREAT_PERSON_PATRONAGE_DISCOUNT_PERCENT',NULL),
	('TO_THE_GLORY_OF_GOD_GREAT_PERSON_FAVOR',				'MODIFIER_ALL_PLAYERS_ATTACH_MODIFIER',						'PLAYER_FOUNDED_RELIGION_REQUIREMENTS'),
	('TO_THE_GLORY_OF_GOD_GREAT_PERSON_FAVOR_MODIFIER',		'MODIFIER_PLAYER_ADJUST_GREATPERSON_FAVOR_MODIFIER',		NULL);

insert or replace into ModifierArguments
	(ModifierId,											Name,							Value)
values	
	('PAPAL_PRIMACY_LEVY_DISCOUNT',							'ModifierId',					'PAPAL_PRIMACY_LEVY_DISCOUNT_MODIFIER'),
	('PAPAL_PRIMACY_LEVY_DISCOUNT_MODIFIER',				'Percent',						20),
	('PAPAL_PRIMACY_CULTURE_PER_TRIBUTARY',					'ModifierId',					'PAPAL_PRIMACY_CULTURE_PER_TRIBUTARY_MODIFIER'),
	('PAPAL_PRIMACY_CULTURE_PER_TRIBUTARY_MODIFIER',     	'YieldType',    				'YIELD_CULTURE'),
	('PAPAL_PRIMACY_CULTURE_PER_TRIBUTARY_MODIFIER',     	'Amount',       				2),
	('PAPAL_PRIMACY_FAITH_PER_TRIBUTARY',					'ModifierId',					'PAPAL_PRIMACY_FAITH_PER_TRIBUTARY_MODIFIER'),
    ('PAPAL_PRIMACY_FAITH_PER_TRIBUTARY_MODIFIER',       	'YieldType',    				'YIELD_FAITH'),
	('PAPAL_PRIMACY_FAITH_PER_TRIBUTARY_MODIFIER',       	'Amount',       				2),
	('PAPAL_PRIMACY_GOLD_PER_TRIBUTARY',					'ModifierId',					'PAPAL_PRIMACY_GOLD_PER_TRIBUTARY_MODIFIER'),
    ('PAPAL_PRIMACY_GOLD_PER_TRIBUTARY_MODIFIER',        	'YieldType',    				'YIELD_GOLD'),
	('PAPAL_PRIMACY_GOLD_PER_TRIBUTARY_MODIFIER',        	'Amount',       				4),
	('TO_THE_GLORY_OF_GOD_GREAT_PRESON_DISCOUNT',			'ModifierId',					'TO_THE_GLORY_OF_GOD_GREAT_PRESON_DISCOUNT_MODIFIER'),
	('TO_THE_GLORY_OF_GOD_GREAT_PRESON_DISCOUNT_MODIFIER',	'YieldType',					'YIELD_FAITH'),
	('TO_THE_GLORY_OF_GOD_GREAT_PRESON_DISCOUNT_MODIFIER',	'Amount',						20), -- 伟人点8折开始
	('TO_THE_GLORY_OF_GOD_GREAT_PERSON_FAVOR',				'ModifierId',					'TO_THE_GLORY_OF_GOD_GREAT_PERSON_FAVOR_MODIFIER'),
	('TO_THE_GLORY_OF_GOD_GREAT_PERSON_FAVOR_MODIFIER',		'Amount',						50);

update ModifierArguments set Value = 5 where ModifierId = 'JUST_WAR_COMBAT_BONUS_MODIFIER' and Name = 'Amount';

-- By 利牙菠萝
insert or replace into BeliefModifiers
	(BeliefType,						ModifierID)
values
	('BELIEF_SCHOLASTICISM',			'SCHOLASTICISM_COMBAT_STRENGTH'),
	('BELIEF_MONASTIC_ISOLATION',		'MONASTIC_ISOLATION_INQUISITOR_DISCOUNT'),
	('BELIEF_MONASTIC_ISOLATION',		'MONASTIC_ISOLATION_INQUISITOR_CHARGE'),
	('BELIEF_MONASTIC_ISOLATION',		'MONASTIC_ISOLATION_PRESSURE_REDUCTION');

insert or replace into Modifiers
	(ModifierId,											ModifierType,												SubjectRequirementSetId)
values
	('MONASTIC_ISOLATION_PRESSURE_REDUCTION',				'MODIFIER_ALL_CITIES_ATTACH_MODIFIER',						'CITY_FOLLOWS_RELIGION_REQUIREMENTS'),
	--('MONASTIC_ISOLATION_PRESSURE_REDUCTION_MODIFIER',		'MODIFIER_PLAYER_CITIES_RELIGION_IGNORE_PRESSURE',			NULL),
	('MONASTIC_ISOLATION_INQUISITOR_DISCOUNT',				'MODIFIER_ALL_CITIES_ATTACH_MODIFIER',						'CITY_FOLLOWS_RELIGION_REQUIREMENTS'),
	('MONASTIC_ISOLATION_INQUISITOR_DISCOUNT_MODIFIER',		'MODIFIER_SINGLE_CITY_ADJUST_UNIT_PURCHASE_COST',			NULL);
	--('MONASTIC_ISOLATION_INQUISITOR_CHARGE',				'MODIFIER_ALL_PLAYERS_ATTACH_MODIFIER',						'PLAYER_FOUNDED_RELIGION_REQUIREMENTS'),
	--('MONASTIC_ISOLATION_INQUISITOR_CHARGE_MODIFIER',		'MODIFIER_PLAYER_UNITS_ADJUST_SPREAD_CHARGES',				'UNIT_IS_INQUISITOR'),

insert or replace into Modifiers
	(ModifierId,											ModifierType,												Permanent,				SubjectRequirementSetId)
values
	('SCHOLASTICISM_COMBAT_STRENGTH',						'MODIFIER_ALL_CITIES_ATTACH_MODIFIER',						0,						'CITY_FOLLOWS_RELIGION_REQUIREMENTS'),
	('SCHOLASTICISM_COMBAT_STRENGTH_MODIFIER',				'MODIFIER_SINGLE_CITY_GRANT_ABILITY_FOR_TRAINED_UNITS',		1,						NULL);

insert or replace into ModifierArguments
	(ModifierId,											Name,					Value)
values
	('MONASTIC_ISOLATION_PRESSURE_REDUCTION',				'ModifierId',			'CARDINAL_CITADEL_OF_GOD_PRESSURE'),
	--('MONASTIC_ISOLATION_PRESSURE_REDUCTION_MODIFIER',		'Enable',				1),
	('MONASTIC_ISOLATION_INQUISITOR_DISCOUNT',				'ModifierId',			'MONASTIC_ISOLATION_INQUISITOR_DISCOUNT_MODIFIER'),
	('MONASTIC_ISOLATION_INQUISITOR_DISCOUNT_MODIFIER',		'UnitType',				'UNIT_INQUISITOR'),
	('MONASTIC_ISOLATION_INQUISITOR_DISCOUNT_MODIFIER',		'Amount',				30),
	--('MONASTIC_ISOLATION_INQUISITOR_CHARGE',				'ModifierId',			'MONASTIC_ISOLATION_INQUISITOR_CHARGE_MODIFIER'),
	--('MONASTIC_ISOLATION_INQUISITOR_CHARGE_MODIFIER',		'Amount',				1),

	('SCHOLASTICISM_COMBAT_STRENGTH',						'ModifierId',			'SCHOLASTICISM_COMBAT_STRENGTH_MODIFIER'),
	('SCHOLASTICISM_COMBAT_STRENGTH_MODIFIER',				'AbilityType',			'ABILITY_SCHOLASTICISM_BUFF');


--by Chenyou -> xhh - Zen meditation
insert or replace into BeliefModifiers
	(BeliefType,						ModifierID)
values
	-- ('BELIEF_ZEN_MEDITATION',			'ZEN_MEDITATION_CITY_CENTER_FOREST_AMENITY'),
	-- ('BELIEF_ZEN_MEDITATION',			'ZEN_MEDITATION_CITY_CENTER_MOUNTAIN_AMENITY'),
	-- ('BELIEF_ZEN_MEDITATION',			'ZEN_MEDITATION_CITY_CENTER_RIVER_HOUSING'),
	-- ('BELIEF_ZEN_MEDITATION',			'ZEN_MEDITATION_HOLY_SITE_FOREST_AMENITY'),
	-- ('BELIEF_ZEN_MEDITATION',			'ZEN_MEDITATION_HOLY_SITE_MOUNTAIN_AMENITY'),
	-- ('BELIEF_ZEN_MEDITATION',			'ZEN_MEDITATION_HOLY_SITE_RIVER_HOUSING');
	('BELIEF_ZEN_MEDITATION',			'ZEN_MEDITATION_CHOLY_SITE_AMENITY'),
	('BELIEF_ZEN_MEDITATION',			'ZEN_MEDITATION_CHOLY_SITE_CHARM');

insert or replace into BeliefModifiers
	(BeliefType,						ModifierID)
select
	'BELIEF_ZEN_MEDITATION',			'ZEN_MEDITATION_PRESERVE_PURCHASE_FAITH'
where exists (select DistrictType from Districts where DistrictType = 'DISTRICT_PRESERVE');

insert or replace into Modifiers
	(ModifierId,													ModifierType,											SubjectRequirementSetId)
select
	'ZEN_MEDITATION_PRESERVE_PURCHASE_FAITH',						'MODIFIER_ALL_CITIES_ATTACH_MODIFIER',					'CITY_FOLLOWS_RELIGION_REQUIREMENTS'
where exists (select DistrictType from Districts where DistrictType = 'DISTRICT_PRESERVE');

insert or replace into Modifiers
	(ModifierId,													ModifierType,											SubjectRequirementSetId)
select
	'ZEN_MEDITATION_PRESERVE_PURCHASE_FAITH_MODIFIER',				'MODIFIER_CITY_ENABLE_BUILDING_FAITH_PURCHASE',			NULL
where exists (select DistrictType from Districts where DistrictType = 'DISTRICT_PRESERVE');

insert or replace into ModifierArguments
	(ModifierId,													Name,					Value)
select
	'ZEN_MEDITATION_PRESERVE_PURCHASE_FAITH',						'ModifierId',			'ZEN_MEDITATION_PRESERVE_PURCHASE_FAITH_MODIFIER'
where exists (select DistrictType from Districts where DistrictType = 'DISTRICT_PRESERVE');

insert or replace into ModifierArguments
	(ModifierId,													Name,					Value)
select
	'ZEN_MEDITATION_PRESERVE_PURCHASE_FAITH_MODIFIER',				'DistrictType',			'DISTRICT_PRESERVE'
where exists (select DistrictType from Districts where DistrictType = 'DISTRICT_PRESERVE');

insert or replace into BeliefModifiers
	(BeliefType,						ModifierID)
select
	'BELIEF_ZEN_MEDITATION',			'ZEN_MEDITATION_' || BuildingType || '_PURCHASE_CHEAPER'
from Buildings where PrereqDistrict = 'DISTRICT_PRESERVE';
insert or replace into Modifiers
	(ModifierId,																ModifierType,											SubjectRequirementSetId)
select
	'ZEN_MEDITATION_' || BuildingType || '_PURCHASE_CHEAPER',					'MODIFIER_ALL_CITIES_ATTACH_MODIFIER',					'CITY_FOLLOWS_RELIGION_REQUIREMENTS'
from Buildings where PrereqDistrict = 'DISTRICT_PRESERVE';
insert or replace into Modifiers
	(ModifierId,																ModifierType,											SubjectRequirementSetId)
select
	'ZEN_MEDITATION_' || BuildingType || '_PURCHASE_CHEAPER_MODIFIER',			'MODIFIER_CITY_ADJUST_BUILDING_PURCHASE_COST',			NULL
from Buildings where PrereqDistrict = 'DISTRICT_PRESERVE';
insert or replace into ModifierArguments
	(ModifierId,																Name,					Value)
select
	'ZEN_MEDITATION_' || BuildingType || '_PURCHASE_CHEAPER',					'ModifierId',			'ZEN_MEDITATION_' || BuildingType || '_PURCHASE_CHEAPER_MODIFIER'
from Buildings where PrereqDistrict = 'DISTRICT_PRESERVE';
insert or replace into ModifierArguments
	(ModifierId,																Name,					Value)
select
	'ZEN_MEDITATION_' || BuildingType || '_PURCHASE_CHEAPER_MODIFIER',			'BuildingType',			BuildingType
from Buildings where PrereqDistrict = 'DISTRICT_PRESERVE';
insert or replace into ModifierArguments
	(ModifierId,																Name,					Value)
select
	'ZEN_MEDITATION_' || BuildingType || '_PURCHASE_CHEAPER_MODIFIER',			'Amount',				20
from Buildings where PrereqDistrict = 'DISTRICT_PRESERVE';

insert or ignore into RequirementSetRequirements
	(RequirementSetId, 									RequirementId)
values
	('HOLYSITE_ADJACENT_TO_FOREST_REQUIREMENTS',		'REQUIRES_PLOT_ADJACENT_FOREST_ROOSEVELT'),
	('HOLYSITE_ADJACENT_TO_FOREST_REQUIREMENTS',		'REQUIRES_DISTRICT_IS_HOLY_SITE'),
	('HOLYSITE_ADJACENT_TO_MOUNTAIN_REQUIREMENTS',		'REQUIRES_PLOT_ADJACENT_TO_MOUNTAIN'),
	('HOLYSITE_ADJACENT_TO_MOUNTAIN_REQUIREMENTS',		'REQUIRES_DISTRICT_IS_HOLY_SITE'),
	('HOLYSITE_ADJACENT_TO_RIVER_REQUIREMENTS',			'REQUIRES_PLOT_ADJACENT_TO_RIVER' ),
	('HOLYSITE_ADJACENT_TO_RIVER_REQUIREMENTS',			'REQUIRES_DISTRICT_IS_HOLY_SITE'),
	('CITYCENTER_ADJACENT_TO_FOREST_REQUIREMENTS',		'REQUIRES_PLOT_ADJACENT_FOREST_ROOSEVELT'),
	('CITYCENTER_ADJACENT_TO_FOREST_REQUIREMENTS',		'REQUIRES_DISTRICT_IS_CITY_CENTER'),
	('CITYCENTER_ADJACENT_TO_MOUNTAIN_REQUIREMENTS', 	'REQUIRES_PLOT_ADJACENT_TO_MOUNTAIN'),
	('CITYCENTER_ADJACENT_TO_MOUNTAIN_REQUIREMENTS',	'REQUIRES_DISTRICT_IS_CITY_CENTER'),
	('CITYCENTER_ADJACENT_TO_RIVER_REQUIREMENTS', 		'REQUIRES_PLOT_ADJACENT_TO_RIVER'),
	('CITYCENTER_ADJACENT_TO_RIVER_REQUIREMENTS',		'REQUIRES_DISTRICT_IS_CITY_CENTER'),
	('CITYCENTER_ADJACENT_TO_COAST_REQUIREMENTS',		'HD_REQUIRES_PLOT_ADJACENT_TO_COAST'),
	('CITYCENTER_ADJACENT_TO_COAST_REQUIREMENTS',		'REQUIRES_DISTRICT_IS_CITY_CENTER'),
	('PLOT_ADJACENT_TO_FOREST_OR_MOUNTAIN', 			'REQUIRES_PLOT_ADJACENT_FOREST_ROOSEVELT'),
	('PLOT_ADJACENT_TO_FOREST_OR_MOUNTAIN',				'REQUIRES_PLOT_ADJACENT_TO_MOUNTAIN'),
	('HOLYSITE_ADJACENT_TO_FOREST_OR_MOUNTAIN',			'REQUIRES_PLOT_ADJACENT_TO_FOREST_OR_MOUNTAIN'),
	('HOLYSITE_ADJACENT_TO_FOREST_OR_MOUNTAIN',			'REQUIRES_DISTRICT_IS_HOLY_SITE');

insert or ignore into RequirementSets
	(RequirementSetId,										RequirementSetType)
values
	('HOLYSITE_ADJACENT_TO_FOREST_REQUIREMENTS',			'REQUIREMENTSET_TEST_ALL'),
	('HOLYSITE_ADJACENT_TO_MOUNTAIN_REQUIREMENTS',	 		'REQUIREMENTSET_TEST_ALL'),
	('HOLYSITE_ADJACENT_TO_RIVER_REQUIREMENTS',				'REQUIREMENTSET_TEST_ALL'),
	('CITYCENTER_ADJACENT_TO_FOREST_REQUIREMENTS',			'REQUIREMENTSET_TEST_ALL'),
	('CITYCENTER_ADJACENT_TO_MOUNTAIN_REQUIREMENTS',		'REQUIREMENTSET_TEST_ALL'),
	('CITYCENTER_ADJACENT_TO_RIVER_REQUIREMENTS',			'REQUIREMENTSET_TEST_ALL'),
	('CITYCENTER_ADJACENT_TO_COAST_REQUIREMENTS',			'REQUIREMENTSET_TEST_ALL'),
	('PLOT_ADJACENT_TO_FOREST_OR_MOUNTAIN',					'REQUIREMENTSET_TEST_ANY'),
	('HOLYSITE_ADJACENT_TO_FOREST_OR_MOUNTAIN',				'REQUIREMENTSET_TEST_ALL');

insert or ignore into Requirements
	(RequirementId,											RequirementType)
values
	('REQUIRES_PLOT_ADJACENT_TO_FOREST_OR_MOUNTAIN',		'REQUIREMENT_REQUIREMENTSET_IS_MET');

insert or ignore into RequirementArguments
	(RequirementId,											Name,					Value)
values
	('REQUIRES_PLOT_ADJACENT_TO_FOREST_OR_MOUNTAIN',		'RequirementSetId',		'PLOT_ADJACENT_TO_FOREST_OR_MOUNTAIN');

insert or replace into Modifiers
	(ModifierId,												ModifierType,											SubjectRequirementSetId)
values
	-- ('ZEN_MEDITATION_CITY_CENTER_FOREST_AMENITY',				'MODIFIER_ALL_CITIES_ATTACH_MODIFIER',					'CITY_FOLLOWS_RELIGION_REQUIREMENTS'),
	-- ('ZEN_MEDITATION_CITY_CENTER_FOREST_AMENITY_MODIFIER',		'MODIFIER_CITY_DISTRICTS_ADJUST_DISTRICT_AMENITY',		'CITYCENTER_ADJACENT_TO_FOREST_REQUIREMENTS'),
	-- ('ZEN_MEDITATION_CITY_CENTER_MOUNTAIN_AMENITY',				'MODIFIER_ALL_CITIES_ATTACH_MODIFIER',					'CITY_FOLLOWS_RELIGION_REQUIREMENTS'),
	-- ('ZEN_MEDITATION_CITY_CENTER_MOUNTAIN_AMENITY_MODIFIER',	'MODIFIER_CITY_DISTRICTS_ADJUST_DISTRICT_AMENITY',		'CITYCENTER_ADJACENT_TO_MOUNTAIN_REQUIREMENTS'),
	-- ('ZEN_MEDITATION_CITY_CENTER_RIVER_HOUSING',				'MODIFIER_ALL_CITIES_ATTACH_MODIFIER',					'CITY_FOLLOWS_RELIGION_REQUIREMENTS'),
	-- ('ZEN_MEDITATION_CITY_CENTER_RIVER_HOUSING_MODIFIER',		'MODIFIER_CITY_DISTRICTS_ADJUST_DISTRICT_HOUSING',		'CITYCENTER_ADJACENT_TO_RIVER_REQUIREMENTS'),
	-- ('ZEN_MEDITATION_HOLY_SITE_FOREST_AMENITY',					'MODIFIER_ALL_CITIES_ATTACH_MODIFIER',					'CITY_FOLLOWS_RELIGION_REQUIREMENTS'),
	-- ('ZEN_MEDITATION_HOLY_SITE_FOREST_AMENITY_MODIFIER',		'MODIFIER_CITY_DISTRICTS_ADJUST_DISTRICT_AMENITY',		'HOLYSITE_ADJACENT_TO_FOREST_REQUIREMENTS'),
	-- ('ZEN_MEDITATION_HOLY_SITE_MOUNTAIN_AMENITY',				'MODIFIER_ALL_CITIES_ATTACH_MODIFIER',					'CITY_FOLLOWS_RELIGION_REQUIREMENTS'),
	-- ('ZEN_MEDITATION_HOLY_SITE_MOUNTAIN_AMENITY_MODIFIER',		'MODIFIER_CITY_DISTRICTS_ADJUST_DISTRICT_AMENITY',		'HOLYSITE_ADJACENT_TO_MOUNTAIN_REQUIREMENTS'),
	-- ('ZEN_MEDITATION_HOLY_SITE_RIVER_HOUSING',					'MODIFIER_ALL_CITIES_ATTACH_MODIFIER',					'CITY_FOLLOWS_RELIGION_REQUIREMENTS'),
	-- ('ZEN_MEDITATION_HOLY_SITE_RIVER_HOUSING_MODIFIER',			'MODIFIER_CITY_DISTRICTS_ADJUST_DISTRICT_HOUSING',		'HOLYSITE_ADJACENT_TO_RIVER_REQUIREMENTS');
	('ZEN_MEDITATION_CHOLY_SITE_AMENITY',						'MODIFIER_ALL_DISTRICTS_ATTACH_MODIFIER',				'CITY_FOLLOWS_RELIGION_AND_HOLYSITE_REQUIREMENTS'),
	('ZEN_MEDITATION_CHOLY_SITE_AMENITY_MODIFIER',				'MODIFIER_CITY_DISTRICTS_ADJUST_DISTRICT_AMENITY',		'HOLYSITE_ADJACENT_TO_FOREST_OR_MOUNTAIN'),
	('ZEN_MEDITATION_CHOLY_SITE_CHARM',							'MODIFIER_ALL_DISTRICTS_ATTACH_MODIFIER',				'CITY_FOLLOWS_RELIGION_AND_HOLYSITE_REQUIREMENTS'),
	('ZEN_MEDITATION_CHOLY_SITE_CHARM_MODIFIER',				'MODIFIER_SINGLE_CITY_ADJUST_CITY_APPEAL',				NULL);

insert or replace into ModifierArguments
	(ModifierId,												Name,						Value)
values
	-- ('ZEN_MEDITATION_CITY_CENTER_FOREST_AMENITY',				'ModifierId',	'ZEN_MEDITATION_CITY_CENTER_FOREST_AMENITY_MODIFIER'),
	-- ('ZEN_MEDITATION_CITY_CENTER_FOREST_AMENITY_MODIFIER',		'Amount',		1),
	-- ('ZEN_MEDITATION_CITY_CENTER_MOUNTAIN_AMENITY',				'ModifierId',	'ZEN_MEDITATION_CITY_CENTER_MOUNTAIN_AMENITY_MODIFIER'),
	-- ('ZEN_MEDITATION_CITY_CENTER_MOUNTAIN_AMENITY_MODIFIER',	'Amount',		1),
	-- ('ZEN_MEDITATION_CITY_CENTER_RIVER_HOUSING',				'ModifierId',	'ZEN_MEDITATION_CITY_CENTER_RIVER_HOUSING_MODIFIER'),
	-- ('ZEN_MEDITATION_CITY_CENTER_RIVER_HOUSING_MODIFIER',		'Amount',		2),
	-- ('ZEN_MEDITATION_HOLY_SITE_FOREST_AMENITY',					'ModifierId',	'ZEN_MEDITATION_HOLY_SITE_FOREST_AMENITY_MODIFIER'),
	-- ('ZEN_MEDITATION_HOLY_SITE_FOREST_AMENITY_MODIFIER',		'Amount',		1),
	-- ('ZEN_MEDITATION_HOLY_SITE_MOUNTAIN_AMENITY',				'ModifierId',	'ZEN_MEDITATION_HOLY_SITE_MOUNTAIN_AMENITY_MODIFIER'),
	-- ('ZEN_MEDITATION_HOLY_SITE_MOUNTAIN_AMENITY_MODIFIER',		'Amount',		1),
	-- ('ZEN_MEDITATION_HOLY_SITE_RIVER_HOUSING',					'ModifierId',	'ZEN_MEDITATION_HOLY_SITE_RIVER_HOUSING_MODIFIER'),
	-- ('ZEN_MEDITATION_HOLY_SITE_RIVER_HOUSING_MODIFIER',			'Amount',		2);
	('ZEN_MEDITATION_CHOLY_SITE_AMENITY',						'ModifierId',				'ZEN_MEDITATION_CHOLY_SITE_AMENITY_MODIFIER'),
	('ZEN_MEDITATION_CHOLY_SITE_AMENITY_MODIFIER',				'Amount',					2),
	('ZEN_MEDITATION_CHOLY_SITE_CHARM',							'ModifierId',				'ZEN_MEDITATION_CHOLY_SITE_CHARM_MODIFIER'),
	('ZEN_MEDITATION_CHOLY_SITE_CHARM_MODIFIER',				'Amount',					1);

update Beliefs set Description = 'LOC_BELIEF_ZEN_MEDITATION_VIETNAM_DESCRIPTION'
	where BeliefType = 'BELIEF_ZEN_MEDITATION' and exists (select DistrictType from Districts where DistrictType = 'DISTRICT_PRESERVE');

-- By 法拉墨
insert or replace into BeliefModifiers
	(BeliefType, 								ModifierID)
values
	('BELIEF_MILLENNIALISM',					'MESSIAH_RELIGION_EXTRA_PROMOTIONS');

insert or replace into Modifiers
	(ModifierId,									ModifierType,										SubjectRequirementSetId)
values
	('MESSIAH_RELIGION_EXTRA_PROMOTIONS',			'MODIFIER_ALL_PLAYERS_ATTACH_MODIFIER',				'PLAYER_FOUNDED_RELIGION_REQUIREMENTS'),
	('MESSIAH_RELIGION_EXTRA_PROMOTIONS_MODIFIER',	'MODIFIER_PLAYER_CITIES_RELIGION_EXTRA_PROMOTIONS',	NULL);

insert or replace into ModifierArguments
	(ModifierId,									Name,			Value)
values
	('MESSIAH_RELIGION_EXTRA_PROMOTIONS',			'ModifierId',	'MESSIAH_RELIGION_EXTRA_PROMOTIONS_MODIFIER'),
	('MESSIAH_RELIGION_EXTRA_PROMOTIONS_MODIFIER',	'Amount',		1);

--Enhancer by zhushou
delete from BeliefModifiers where BeliefType = 'BELIEF_HOLY_ORDER' and ModifierID = 'HOLY_ORDER_MISSIONARY_DISCOUNT';
delete from BeliefModifiers where BeliefType = 'BELIEF_HOLY_ORDER' and ModifierID = 'HOLY_ORDER_APOSTLE_DISCOUNT';
delete from BeliefModifiers where BeliefType = 'BELIEF_MISSIONARY_ZEAL' and ModifierID = 'MISSIONARY_ZEAL_IGNORE_TERRAIN';

insert or replace into BeliefModifiers
	(BeliefType,						ModifierID)
values
	('BELIEF_PIOUS_MERCHANTS',			'PIOUS_MERCHANTS_TRADER_ROUTE_OFFER_FAITH'),
	('BELIEF_PIOUS_MERCHANTS',			'PIOUS_MERCHANTS_TRADER_ROUTE_DOMESTIC_FAITH'),
	('BELIEF_PIOUS_MERCHANTS',			'PIOUS_MERCHANTS_TRADER_ROUTE_GOLD_BONUS'),
	('BELIEF_PIOUS_MERCHANTS',			'PIOUS_MERCHANTS_TRADER_ROUTE_GOLD_BONUS1'),
	('BELIEF_HOLY_ORDER',				'HOLY_ORDER_MISSIONARY_DISCOUNT_DL'),
	('BELIEF_HOLY_ORDER',				'HOLY_ORDER_APOSTLE_DISCOUNT_DL'),
	('BELIEF_MISSIONARY_ZEAL',			'MISSIONARY_ZEAL_IGNORE_TERRAIN_DL'),
	('BELIEF_MONASTIC_ISOLATION',		'MONASTIC_ISOLATION_REDUCE_COMBAT_LOSS');

insert or replace into Modifiers
	(ModifierId,											    ModifierType,												 SubjectRequirementSetId)
values
	('PIOUS_MERCHANTS_TRADER_ROUTE_OFFER_FAITH',                'MODIFIER_ALL_CITIES_ATTACH_MODIFIER',                       'CITY_FOLLOWS_RELIGION_REQUIREMENTS'),
	('PIOUS_MERCHANTS_TRADER_ROUTE_OFFER_FAITH_MODIFIER',       'MODIFIER_SINGLE_CITY_ADJUST_TRADE_ROUTE_YIELD_TO_OTHERS',   NULL),
	('PIOUS_MERCHANTS_TRADER_ROUTE_DOMESTIC_FAITH',             'MODIFIER_ALL_CITIES_ATTACH_MODIFIER',                       'CITY_FOLLOWS_RELIGION_REQUIREMENTS'),
	('PIOUS_MERCHANTS_TRADER_ROUTE_DOMESTIC_FAITH_MODIFIER',    'MODIFIER_SINGLE_CITY_ADJUST_TRADE_ROUTE_YIELD_TO_OTHERS',   NULL),
	('PIOUS_MERCHANTS_TRADER_ROUTE_GOLD_BONUS',                 'MODIFIER_ALL_CITIES_ATTACH_MODIFIER',                       'CITY_FOLLOWS_RELIGION_REQUIREMENTS'),
	('PIOUS_MERCHANTS_TRADER_ROUTE_GOLD_BONUS_MODIFIER',        'MODIFIER_SINGLE_CITY_ADJUST_TRADE_ROUTE_YIELD_FOR_DOMESTIC',  NULL),
	('PIOUS_MERCHANTS_TRADER_ROUTE_GOLD_BONUS1',                'MODIFIER_ALL_CITIES_ATTACH_MODIFIER',                       'CITY_FOLLOWS_RELIGION_REQUIREMENTS'),
	('PIOUS_MERCHANTS_TRADER_ROUTE_GOLD_BONUS1_MODIFIER',       'MODIFIER_SINGLE_CITY_ADJUST_TRADE_ROUTE_YIELD_FOR_INTERNATIONAL',  NULL),
	('HOLY_ORDER_MISSIONARY_DISCOUNT_DL',                       'MODIFIER_ALL_CITIES_ATTACH_MODIFIER',                       'CITY_FOLLOWS_RELIGION_REQUIREMENTS'),
	('HOLY_ORDER_MISSIONARY_DISCOUNT_DL_MODIFIER',              'MODIFIER_SINGLE_CITY_ADJUST_UNIT_PURCHASE_COST',            null),
	('HOLY_ORDER_APOSTLE_DISCOUNT_DL',                          'MODIFIER_ALL_CITIES_ATTACH_MODIFIER',                       'CITY_FOLLOWS_RELIGION_REQUIREMENTS'),	
	('HOLY_ORDER_APOSTLE_DISCOUNT_DL_MODIFIER',                 'MODIFIER_SINGLE_CITY_ADJUST_UNIT_PURCHASE_COST',            null);
	--('MONASTIC_ISOLATION_PRESSURE_REDUCTION',                   'MODIFIER_ALL_CITIES_ATTACH_MODIFIER',                       'CITY_FOLLOWS_RELIGION_REQUIREMENTS'),	
	--('MONASTIC_ISOLATION_INQUISITOR_DISCOUNT',                  'MODIFIER_ALL_CITIES_ATTACH_MODIFIER',                       'CITY_FOLLOWS_RELIGION_REQUIREMENTS'),
	--('MONASTIC_ISOLATION_INQUISITOR_DISCOUNT_MODIFIER',         'MODIFIER_SINGLE_CITY_ADJUST_UNIT_PURCHASE_COST',            null);		


insert or replace into ModifierArguments
	(ModifierId,											    Name,					Value)
values
	('PIOUS_MERCHANTS_TRADER_ROUTE_OFFER_FAITH',                'ModifierId',           'PIOUS_MERCHANTS_TRADER_ROUTE_OFFER_FAITH_MODIFIER'),
	('PIOUS_MERCHANTS_TRADER_ROUTE_OFFER_FAITH_MODIFIER',       'YieldType',            'YIELD_FAITH'),
	('PIOUS_MERCHANTS_TRADER_ROUTE_OFFER_FAITH_MODIFIER',       'Amount',               3),
	('PIOUS_MERCHANTS_TRADER_ROUTE_OFFER_FAITH_MODIFIER',       'Domestic',             0),
	('PIOUS_MERCHANTS_TRADER_ROUTE_DOMESTIC_FAITH',             'ModifierId',           'PIOUS_MERCHANTS_TRADER_ROUTE_DOMESTIC_FAITH_MODIFIER'),
	('PIOUS_MERCHANTS_TRADER_ROUTE_DOMESTIC_FAITH_MODIFIER',    'YieldType',            'YIELD_FAITH'),
	('PIOUS_MERCHANTS_TRADER_ROUTE_DOMESTIC_FAITH_MODIFIER',    'Amount',               3),
	('PIOUS_MERCHANTS_TRADER_ROUTE_DOMESTIC_FAITH_MODIFIER',    'Domestic',             1),
	('PIOUS_MERCHANTS_TRADER_ROUTE_GOLD_BONUS',                 'ModifierId',           'PIOUS_MERCHANTS_TRADER_ROUTE_GOLD_BONUS_MODIFIER'),
	('PIOUS_MERCHANTS_TRADER_ROUTE_GOLD_BONUS_MODIFIER',        'YieldType',            'YIELD_GOLD'),
	('PIOUS_MERCHANTS_TRADER_ROUTE_GOLD_BONUS_MODIFIER',        'Amount',               6),
	('PIOUS_MERCHANTS_TRADER_ROUTE_GOLD_BONUS1',                'ModifierId',           'PIOUS_MERCHANTS_TRADER_ROUTE_GOLD_BONUS1_MODIFIER'),
	('PIOUS_MERCHANTS_TRADER_ROUTE_GOLD_BONUS1_MODIFIER',       'YieldType',            'YIELD_GOLD'),
	('PIOUS_MERCHANTS_TRADER_ROUTE_GOLD_BONUS1_MODIFIER',       'Amount',               6),
	('HOLY_ORDER_MISSIONARY_DISCOUNT_DL',						'ModifierId',			'HOLY_ORDER_MISSIONARY_DISCOUNT_DL_MODIFIER'),
	('HOLY_ORDER_MISSIONARY_DISCOUNT_DL_MODIFIER',				'UnitType',				'UNIT_MISSIONARY'),
	('HOLY_ORDER_MISSIONARY_DISCOUNT_DL_MODIFIER',				'Amount',				30),
	('HOLY_ORDER_APOSTLE_DISCOUNT_DL',							'ModifierId',			'HOLY_ORDER_APOSTLE_DISCOUNT_DL_MODIFIER'),
	('HOLY_ORDER_APOSTLE_DISCOUNT_DL_MODIFIER',					'UnitType',				'UNIT_APOSTLE'),
	('HOLY_ORDER_APOSTLE_DISCOUNT_DL_MODIFIER',					'Amount',				30);
	--('MONASTIC_ISOLATION_PRESSURE_REDUCTION',                  	'ModifierId',           'CARDINAL_CITADEL_OF_GOD_PRESSURE'),
	--('MONASTIC_ISOLATION_INQUISITOR_DISCOUNT',					'ModifierId',			'MONASTIC_ISOLATION_INQUISITOR_DISCOUNT_MODIFIER'),
	--('MONASTIC_ISOLATION_INQUISITOR_DISCOUNT_MODIFIER',			'UnitType',				'UNIT_INQUISITOR'),
	--('MONASTIC_ISOLATION_INQUISITOR_DISCOUNT_MODIFIER',			'Amount',				30);

--just war 
-- delete from BeliefModifiers where BeliefType = 'BELIEF_JUST_WAR' and ModifierID = 'JUST_WAR_COMBAT_BONUS';

insert or replace into BeliefModifiers
	(BeliefType,						ModifierID)
values
    ('BELIEF_CAPELLANI',                'JUST_WAR_RELIGIOUS_ALL_COMBAT_BUFF');

insert or replace into Modifiers
	(ModifierId,											ModifierType,												Permanent,     SubjectRequirementSetId)
values
	('MISSIONARY_ZEAL_IGNORE_TERRAIN_DL',                   'MODIFIER_ALL_CITIES_ATTACH_MODIFIER',                      0,             'CITY_FOLLOWS_RELIGION_REQUIREMENTS'),
	('MISSIONARY_ZEAL_IGNORE_TERRAIN_DL_MODIFIER',          'MODIFIER_SINGLE_CITY_GRANT_ABILITY_FOR_TRAINED_UNITS',     1,             null),
	('MESSIAH_RELIGION_EXTRA_PROMOTIONS',                   'MODIFIER_ALL_CITIES_ATTACH_MODIFIER',                      0,     		   'CITY_FOLLOWS_RELIGION_REQUIREMENTS'),
	('MESSIAH_RELIGION_EXTRA_PROMOTIONS_MODIFIER',          'MODIFIER_SINGLE_CITY_RELIGION_EXTRA_PROMOTIONS',           1,        	   null),
	('MONASTIC_ISOLATION_INQUISITOR_CHARGE',                'MODIFIER_ALL_CITIES_ATTACH_MODIFIER',                      0,             'CITY_FOLLOWS_RELIGION_REQUIREMENTS'),
	('MONASTIC_ISOLATION_INQUISITOR_CHARGE_MODIFIER',       'MODIFIER_SINGLE_CITY_GRANT_ABILITY_FOR_TRAINED_UNITS',     1,             null),
	('ABILITY_MONASTIC_ISOLATION_INQUISITOR_CHARGE',		'MODIFIER_PLAYER_UNIT_ADJUST_SPREAD_CHARGES',				0,             null),
    ('JUST_WAR_RELIGIOUS_ALL_COMBAT_BUFF',                  'MODIFIER_ALL_CITIES_ATTACH_MODIFIER',                      0,             'CITY_FOLLOWS_RELIGION_REQUIREMENTS'),
    ('JUST_WAR_RELIGIOUS_ALL_COMBAT_BUFF_MODIFIER',         'MODIFIER_SINGLE_CITY_GRANT_ABILITY_FOR_TRAINED_UNITS',     1,             null),
    ('ABILITY_JUST_WAR_STRENGTH_MODIFIER',                  'MODIFIER_PLAYER_UNITS_GRANT_ABILITY',                      0,             'JUST_WAR_PLOT_UNIT_REQUIREMENTS'),
    ('ABILITY_JUST_WAR_STRENGTH',							'MODIFIER_UNIT_ADJUST_COMBAT_STRENGTH',						0,			   null);


insert or replace into ModifierArguments
	(ModifierId,											Name,					Value)
values
    ('MISSIONARY_ZEAL_IGNORE_TERRAIN_DL',                   'ModifierId',           'MISSIONARY_ZEAL_IGNORE_TERRAIN_DL_MODIFIER'),
	('MISSIONARY_ZEAL_IGNORE_TERRAIN_DL_MODIFIER',          'AbilityType',          'ABILITY_RELIGIOUS_IGNORE_TERRAIN_COST'),
	('MESSIAH_RELIGION_EXTRA_PROMOTIONS',			 		'ModifierId',			'MESSIAH_RELIGION_EXTRA_PROMOTIONS_MODIFIER'),
	('MESSIAH_RELIGION_EXTRA_PROMOTIONS_MODIFIER',			'Amount',				1),
	('MONASTIC_ISOLATION_INQUISITOR_CHARGE',				'ModifierId',			'MONASTIC_ISOLATION_INQUISITOR_CHARGE_MODIFIER'),
	('MONASTIC_ISOLATION_INQUISITOR_CHARGE_MODIFIER',		'AbilityType',			'ABILITY_MONASTIC_ISOLATION_INQUISITOR_CHARGE'),
	('ABILITY_MONASTIC_ISOLATION_INQUISITOR_CHARGE',		'Amount',				1),
    ('JUST_WAR_RELIGIOUS_ALL_COMBAT_BUFF',                  'ModifierId',           'JUST_WAR_RELIGIOUS_ALL_COMBAT_BUFF_MODIFIER'),
    ('JUST_WAR_RELIGIOUS_ALL_COMBAT_BUFF_MODIFIER',         'AbilityType',          'ABILITY_JUST_WAR_RELIGIOUS_ALL_COMBAT_BUFF'),
    ('ABILITY_JUST_WAR_STRENGTH_MODIFIER',                  'AbilityType',          'ABILITY_JUST_WAR_STRENGTH'),
    ('ABILITY_JUST_WAR_STRENGTH',							'Amount',				5);


insert or replace into Types
	(Type,														Kind)
values
    ('ABILITY_MONASTIC_ISOLATION_INQUISITOR_CHARGE',			'KIND_ABILITY'),
    ('ABILITY_JUST_WAR_RELIGIOUS_ALL_COMBAT_BUFF',				'KIND_ABILITY'),
    ('ABILITY_JUST_WAR_STRENGTH',				                'KIND_ABILITY');    

insert or replace into TypeTags
	(Type,																Tag)
values
	('ABILITY_MONASTIC_ISOLATION_INQUISITOR_CHARGE',					'CLASS_INQUISITOR'),
	('ABILITY_JUST_WAR_RELIGIOUS_ALL_COMBAT_BUFF',						'CLASS_RELIGIOUS_ALL'),
    --LAND
 	('ABILITY_JUST_WAR_STRENGTH',		                                'CLASS_RECON'),
    ('ABILITY_JUST_WAR_STRENGTH',	                                    'CLASS_MELEE'),
    ('ABILITY_JUST_WAR_STRENGTH',		                                'CLASS_RANGED'),
    ('ABILITY_JUST_WAR_STRENGTH',		                                'CLASS_SIEGE'),
    ('ABILITY_JUST_WAR_STRENGTH',		                                'CLASS_HEAVY_CAVALRY'),
    ('ABILITY_JUST_WAR_STRENGTH',		                                'CLASS_LIGHT_CAVALRY'),
    ('ABILITY_JUST_WAR_STRENGTH',		                                'CLASS_RANGED_CAVALRY'),
    ('ABILITY_JUST_WAR_STRENGTH',		                                'CLASS_ANTI_CAVALRY'),
    ('ABILITY_JUST_WAR_STRENGTH',		                                'CLASS_HEAVY_CHARIOT'),
    ('ABILITY_JUST_WAR_STRENGTH',		                                'CLASS_LIGHT_CHARIOT'),
    ('ABILITY_JUST_WAR_STRENGTH',		                                'CLASS_WARRIOR_MONK'),
    --SEA
    ('ABILITY_JUST_WAR_STRENGTH',                                       'CLASS_NAVAL_MELEE'),
    ('ABILITY_JUST_WAR_STRENGTH',                                       'CLASS_NAVAL_RANGED'),
    ('ABILITY_JUST_WAR_STRENGTH',                                       'CLASS_NAVAL_RAIDER'),
    ('ABILITY_JUST_WAR_STRENGTH',                                       'CLASS_NAVAL_CARRIER');

insert or replace into UnitAbilities (UnitAbilityType, Name, Description, Inactive) values
	('ABILITY_MONASTIC_ISOLATION_INQUISITOR_CHARGE',
	'LOC_ABILITY_MONASTIC_ISOLATION_INQUISITOR_CHARGE_NAME',
 	'LOC_ABILITY_MONASTIC_ISOLATION_INQUISITOR_CHARGE_DESCRIPTION',
 	1),
	('ABILITY_JUST_WAR_RELIGIOUS_ALL_COMBAT_BUFF',
	'LOC_ABILITY_JUST_WAR_RELIGIOUS_ALL_COMBAT_BUFF_NAME',
 	'LOC_ABILITY_JUST_WAR_RELIGIOUS_ALL_COMBAT_BUFF_DESCRIPTION',
 	1),
 	('ABILITY_JUST_WAR_STRENGTH',
	'LOC_ABILITY_JUST_WAR_STRENGTH_NAME',
 	'LOC_ABILITY_JUST_WAR_STRENGTH_DESCRIPTION',
 	1);

insert or replace into UnitAbilityModifiers
	(UnitAbilityType,										ModifierId)
values
	('ABILITY_MONASTIC_ISOLATION_INQUISITOR_CHARGE',		'ABILITY_MONASTIC_ISOLATION_INQUISITOR_CHARGE'),
	('ABILITY_JUST_WAR_RELIGIOUS_ALL_COMBAT_BUFF',			'ABILITY_JUST_WAR_STRENGTH_MODIFIER'),
	('ABILITY_JUST_WAR_STRENGTH',				            'ABILITY_JUST_WAR_STRENGTH'); 

insert or replace into ModifierStrings
	(ModifierId,										Context,	Text)
values
	('ABILITY_JUST_WAR_STRENGTH',					    'Preview',	'+{1_Amount}{LOC_ABILITY_JUST_WAR_STRENGTH_PREVIEW_TEXT}');

insert or ignore into RequirementSetRequirements 	(RequirementSetId, RequirementId)	
values
	('JUST_WAR_PLOT_UNIT_REQUIREMENTS',		'REQUIRES_JUST_WAR_PLOT_UNIT');

insert or ignore into RequirementSets (RequirementSetId,	RequirementSetType)	
values
	('JUST_WAR_PLOT_UNIT_REQUIREMENTS',		'REQUIREMENTSET_TEST_ALL');

insert or ignore into Requirements (RequirementId,	RequirementType)	
values
	('REQUIRES_JUST_WAR_PLOT_UNIT',		'REQUIREMENT_PLOT_ADJACENT_TO_OWNER');	

insert or ignore into RequirementArguments (RequirementId, Name, Value)
values
    ('REQUIRES_JUST_WAR_PLOT_UNIT',		'MinDistance',   0),
    ('REQUIRES_JUST_WAR_PLOT_UNIT',		'MaxDistance',   0);

--职业道德特别版（改为：苦行）
--Work Ethic Special
insert or replace into BeliefModifiers
	(BeliefType,						ModifierID)
values
    ('BELIEF_ABBOT',                    'BELIEF_ABBOT_HOLY_SITE_PRODUCTION'),
    -- ('BELIEF_ABBOT',              		'BELIEF_ABBOT_PRODUCTION_TINY'),
    ('BELIEF_ABBOT',              		'BELIEF_ABBOT_PRODUCTION_MEDIUM'),
    ('BELIEF_ABBOT',              		'BELIEF_ABBOT_PRODUCTION_LARGE'),
    ('BELIEF_ABBOT',              		'BELIEF_ABBOT_PRODUCTION_HUGE');
   	-- ('BELIEF_ABBOT',              		'WORK_ETHIC_FOLLOWER_PRODUCTION');

insert or replace into Modifiers
	(ModifierId,										ModifierType,												SubjectRequirementSetId)
values
    ('BELIEF_ABBOT_HOLY_SITE_PRODUCTION',              'MODIFIER_ALL_CITIES_ATTACH_MODIFIER',                      'CITY_FOLLOWS_RELIGION_REQUIREMENTS'),
    ('BELIEF_ABBOT_HOLY_SITE_PRODUCTION_MODIFIER',     'MODIFIER_SINGLE_CITY_DISTRICTS_ADJUST_YIELD_CHANGE',       'DISTRICT_IS_HOLY_SITE'),
	('BELIEF_ABBOT_PRODUCTION_TINY_MODIFIER',          'MODIFIER_PLAYER_ADJUST_PLOT_YIELD',                        'REQUIRE_PLOT_ADJACENT_TO_OWNER'),
    ('BELIEF_ABBOT_PRODUCTION_TINY',                   'MODIFIER_ALL_DISTRICTS_ATTACH_MODIFIER',                   'CITY_FOLLOWS_RELIGION_AND_HOLYSITE_REQUIREMENTS'),
    ('BELIEF_ABBOT_PRODUCTION_MEDIUM_MODIFIER',        'MODIFIER_PLAYER_ADJUST_PLOT_YIELD',                        'REQUIRE_PLOT_ADJACENT_TO_OWNER'),
    ('BELIEF_ABBOT_PRODUCTION_MEDIUM',                 'MODIFIER_ALL_DISTRICTS_ATTACH_MODIFIER',                   'CITY_FOLLOWS_ABBOT_HAS_SHRINE'),
	('BELIEF_ABBOT_PRODUCTION_LARGE_MODIFIER',         'MODIFIER_PLAYER_ADJUST_PLOT_YIELD',                        'REQUIRE_PLOT_ADJACENT_TO_OWNER'),
	('BELIEF_ABBOT_PRODUCTION_LARGE',                  'MODIFIER_ALL_DISTRICTS_ATTACH_MODIFIER',                   'CITY_FOLLOWS_ABBOT_HAS_TEMPLE'),
    ('BELIEF_ABBOT_PRODUCTION_HUGE_MODIFIER',          'MODIFIER_PLAYER_ADJUST_PLOT_YIELD',                        'REQUIRE_PLOT_ADJACENT_TO_OWNER'),
	('BELIEF_ABBOT_PRODUCTION_HUGE',                   'MODIFIER_ALL_DISTRICTS_ATTACH_MODIFIER',                   'CITY_FOLLOWS_ABBOT_HAS_TIER3');

insert into ModifierArguments
	(ModifierId,										Name,			Value)
values
    ('BELIEF_ABBOT_HOLY_SITE_PRODUCTION',            	'ModifierId',  'BELIEF_ABBOT_HOLY_SITE_PRODUCTION_MODIFIER'),
	('BELIEF_ABBOT_HOLY_SITE_PRODUCTION_MODIFIER',   	'YieldType',   'YIELD_PRODUCTION'),
	('BELIEF_ABBOT_HOLY_SITE_PRODUCTION_MODIFIER',   	'Amount',      2),
	('BELIEF_ABBOT_PRODUCTION_TINY',               		'ModifierId',  'BELIEF_ABBOT_PRODUCTION_TINY_MODIFIER'),
	('BELIEF_ABBOT_PRODUCTION_TINY_MODIFIER',			'YieldType',   'YIELD_PRODUCTION'),
	('BELIEF_ABBOT_PRODUCTION_TINY_MODIFIER',			'Amount',	   1),
	('BELIEF_ABBOT_PRODUCTION_MEDIUM',             		'ModifierId',  'BELIEF_ABBOT_PRODUCTION_MEDIUM_MODIFIER'),
	('BELIEF_ABBOT_PRODUCTION_MEDIUM_MODIFIER',    		'YieldType',   'YIELD_PRODUCTION'),
	('BELIEF_ABBOT_PRODUCTION_MEDIUM_MODIFIER',    		'Amount',	   1),
	('BELIEF_ABBOT_PRODUCTION_LARGE',              		'ModifierId',  'BELIEF_ABBOT_PRODUCTION_LARGE_MODIFIER'),
	('BELIEF_ABBOT_PRODUCTION_LARGE_MODIFIER',			'YieldType',   'YIELD_PRODUCTION'),
	('BELIEF_ABBOT_PRODUCTION_LARGE_MODIFIER',			'Amount',      1),
	('BELIEF_ABBOT_PRODUCTION_HUGE',               		'ModifierId',  'BELIEF_ABBOT_PRODUCTION_HUGE_MODIFIER'),
	('BELIEF_ABBOT_PRODUCTION_HUGE_MODIFIER',			'YieldType',   'YIELD_PRODUCTION'),
	('BELIEF_ABBOT_PRODUCTION_HUGE_MODIFIER',			'Amount',      1);

insert or ignore into RequirementSets
	(RequirementSetId,                           RequirementSetType)
values
	('CITY_FOLLOWS_ABBOT_HAS_SHRINE',       	'REQUIREMENTSET_TEST_ALL'),
	('CITY_FOLLOWS_ABBOT_HAS_TEMPLE',       	'REQUIREMENTSET_TEST_ALL'),
	('CITY_FOLLOWS_ABBOT_HAS_TIER3',        	'REQUIREMENTSET_TEST_ALL');

insert or ignore into RequirementSetRequirements
	(RequirementSetId,											RequirementId)
values
	('CITY_FOLLOWS_ABBOT_HAS_SHRINE',                      		'REQUIRES_DISTRICT_IS_HOLY_SITE'),
	('CITY_FOLLOWS_ABBOT_HAS_SHRINE',                      		'REQUIRES_CITY_FOLLOWS_RELIGION'),
	('CITY_FOLLOWS_ABBOT_HAS_SHRINE',                      		'REQUIRES_CITY_HAS_SHRINE'),
	('CITY_FOLLOWS_ABBOT_HAS_TEMPLE',                      		'REQUIRES_DISTRICT_IS_HOLY_SITE'),
	('CITY_FOLLOWS_ABBOT_HAS_TEMPLE',                      		'REQUIRES_CITY_FOLLOWS_RELIGION'),
	('CITY_FOLLOWS_ABBOT_HAS_TEMPLE',                      		'REQUIRES_CITY_HAS_TEMPLE'),
	('CITY_FOLLOWS_ABBOT_HAS_TIER3',                       		'REQUIRES_DISTRICT_IS_HOLY_SITE'),
	('CITY_FOLLOWS_ABBOT_HAS_TIER3',                       		'REQUIRES_CITY_FOLLOWS_RELIGION'),
	('CITY_FOLLOWS_ABBOT_HAS_TIER3',                       		'REQUIRES_CITY_HAS_HOLYSITE_TIER3');

insert or ignore into Requirements
	(RequirementId,								 RequirementType)
values
	('REQUIRES_CITY_HAS_HOLYSITE_TIER3',		 'REQUIREMENT_REQUIREMENTSET_IS_MET');

insert or ignore into RequirementArguments
	(RequirementId,								 Name,					Value)
values
	('REQUIRES_CITY_HAS_HOLYSITE_TIER3',		 'RequirementSetId',	'HD_CITY_HAS_RELIGIOUS_TIER_3_BUILDING_REQUIREMENTS');

--Pantheon HERMES
insert or replace into Types
	(Type,								Kind)
values
	('BELIEF_HD_HERMES',				'KIND_BELIEF');
insert or replace into Beliefs
	(BeliefType,						Name,										Description,											BeliefClassType)
values
	('BELIEF_HD_HERMES',				'LOC_BELIEF_HD_HERMES_NAME',				'LOC_BELIEF_HD_HERMES_DL_DESCRIPTION',					'BELIEF_CLASS_PANTHEON');
insert or replace into BeliefModifiers
	(BeliefType,							ModifierID)
values
	('BELIEF_HD_HERMES',					'BELIEF_HD_HERMES_TRADE_ROUTE'),
	('BELIEF_HD_HERMES',					'BELIEF_HD_HERMES_ADD_TRADER'),
	('BELIEF_HD_HERMES',					'HD_HERMES_TRADE_ROOTE_GOLD');
insert or replace into Modifiers
	(ModifierId,													ModifierType,										SubjectRequirementSetId)
values
	('BELIEF_HD_HERMES_TRADE_ROUTE',								'MODIFIER_ALL_PLAYERS_ATTACH_MODIFIER',				'PLAYER_HAS_PANTHEON_REQUIREMENTS'),
	('BELIEF_HD_HERMES_TRADE_ROUTE_MODIFIER',						'MODIFIER_PLAYER_ADJUST_TRADE_ROUTE_CAPACITY',		NULL),
	('HD_HERMES_TRADE_ROOTE_GOLD',									'MODIFIER_ALL_PLAYERS_ATTACH_MODIFIER',				'PLAYER_HAS_PANTHEON_REQUIREMENTS'),
	('HD_HERMES_TRADE_ROOTE_GOLD_MODIFIER',							'MODIFIER_PLAYER_ADJUST_TRADE_ROUTE_YIELD',			NULL);
insert or replace into Modifiers
	(ModifierId,									RunOnce,	Permanent,	ModifierType,										SubjectRequirementSetId)
values
	('BELIEF_HD_HERMES_ADD_TRADER',					0,			0,			'MODIFIER_ALL_PLAYERS_ATTACH_MODIFIER',				'PLAYER_HAS_PANTHEON_REQUIREMENTS'),
	('BELIEF_HD_HERMES_ADD_TRADER_MODIFIER',		1,			1,			'MODIFIER_PLAYER_GRANT_UNIT_IN_CAPITAL',			NULL);
insert into ModifierArguments
	(ModifierId,										Name,			Value)
values
	('BELIEF_HD_HERMES_TRADE_ROUTE',					'ModifierId',		'BELIEF_HD_HERMES_TRADE_ROUTE_MODIFIER'),
	('BELIEF_HD_HERMES_ADD_TRADER',						'ModifierId',		'BELIEF_HD_HERMES_ADD_TRADER_MODIFIER'),
	('BELIEF_HD_HERMES_TRADE_ROUTE_MODIFIER',			'Amount',			1),
	('BELIEF_HD_HERMES_ADD_TRADER_MODIFIER',			'UnitType',			'UNIT_TRADER'),
	('BELIEF_HD_HERMES_ADD_TRADER_MODIFIER',			'AllowUniqueOverride',		0),
	('BELIEF_HD_HERMES_ADD_TRADER_MODIFIER',			'Amount',			1),
	('HD_HERMES_TRADE_ROOTE_GOLD',						'ModifierId',		'HD_HERMES_TRADE_ROOTE_GOLD_MODIFIER'),
	('HD_HERMES_TRADE_ROOTE_GOLD_MODIFIER',				'YieldType',		'YIELD_GOLD'),
	('HD_HERMES_TRADE_ROOTE_GOLD_MODIFIER',				'Amount',			1);

--狂野实装

-------------------------------------
--弥赛亚
--update ModifierArguments set Value = 20 where ModifierId = 'MESSIAH_SHRINE_PURCHASE_DISCOUNT_MODIFIER' and Name = 'Amount';
--update ModifierArguments set Value = 20 where ModifierId = 'MESSIAH_TEMPLE_PURCHASE_DISCOUNT_MODIFIER' and Name = 'Amount';
--update ModifierArguments set Value = 20 where ModifierId = 'MESSIAH_SHRINE_FAITH_PERCENTAGE_BOOST_MODIFIER' and Name = 'Amount';
--delete from BeliefModifiers where ModifierId = 'MESSIAH_HOLYSITE_BUILDING_PRODUCTION';
--update ModifierArguments set Value = 8 where ModifierId = 'MESSIAH_SHRINE_FAITH_PERCENTAGE_BOOST_MODIFIER' and Name = 'Amount';
--update ModifierArguments set Value = 8 where ModifierId = 'MESSIAH_TEMPLE_FAITH_PERCENTAGE_BOOST_MODIFIER' and Name = 'Amount';
--update ModifierArguments set Value = 8 where ModifierId = 'MESSIAH_RELIGIOUS_FAITH_PERCENTAGE_BOOST_MODIFIER' and Name = 'Amount';
--insert or replace into ModifierArguments	(ModifierId,	Name,	Value)
--select 'MESSIAH_PURCHASE_DISCOUNT_' || BuildingType || '_MODIFIER',	'Amount',	20 from Buildings 
--where PrereqDistrict = 'DISTRICT_HOLY_SITE' and PurchaseYield = 'YIELD_FAITH';

-------------------------------------
--Pantheon Posterity of Mountain
insert or replace into Types
	(Type,								Kind)
values
	('BELIEF_HD_POSTERITY_OF_MOUNTAIN',	'KIND_BELIEF');
insert or replace into Beliefs
	(BeliefType,						Name,										Description,											BeliefClassType)
values
	('BELIEF_HD_POSTERITY_OF_MOUNTAIN',	'LOC_BELIEF_HD_POSTERITY_OF_MOUNTAIN_NAME',				'LOC_BELIEF_HD_POSTERITY_OF_MOUNTAIN_DL_DESCRIPTION',					'BELIEF_CLASS_PANTHEON');

insert or replace into BeliefModifiers
	(BeliefType,								ModifierID)
select 'BELIEF_HD_POSTERITY_OF_MOUNTAIN',		'POSTERITY_OF_MOUNTAIN_FAITH_'||AdjacentTerrain||'_MOUNTAIN_ADJACENCY'
from Adjacency_YieldChanges where ID like 'Mountain_Faith%';
insert or replace into BeliefModifiers
	(BeliefType,								ModifierID)
select 'BELIEF_HD_POSTERITY_OF_MOUNTAIN',		'POSTERITY_OF_MOUNTAIN_SCIENCE_'||AdjacentTerrain||'_MOUNTAIN_ADJACENCY'
from Adjacency_YieldChanges where ID like 'Mountains_Science%';

insert or replace into Modifiers
	(ModifierId,																	ModifierType,										SubjectRequirementSetId)
select 'POSTERITY_OF_MOUNTAIN_FAITH_'||AdjacentTerrain||'_MOUNTAIN_ADJACENCY',		'MODIFIER_ALL_CITIES_ATTACH_MODIFIER',				'CITY_FOLLOWS_PANTHEON_REQUIREMENTS'
from Adjacency_YieldChanges where ID like 'Mountain_Faith%';
insert or replace into Modifiers
	(ModifierId,																	ModifierType,										SubjectRequirementSetId)
select 'POSTERITY_OF_MOUNTAIN_SCIENCE_'||AdjacentTerrain||'_MOUNTAIN_ADJACENCY',	'MODIFIER_ALL_CITIES_ATTACH_MODIFIER',				'CITY_FOLLOWS_PANTHEON_REQUIREMENTS'
from Adjacency_YieldChanges where ID like 'Mountains_Science%';
insert or replace into Modifiers
	(ModifierId,																			ModifierType,										SubjectRequirementSetId)
select 'POSTERITY_OF_MOUNTAIN_FAITH_'||AdjacentTerrain||'_MOUNTAIN_ADJACENCY_MODIFIER',		'MODIFIER_SINGLE_CITY_TERRAIN_ADJACENCY',			NULL
from Adjacency_YieldChanges where ID like 'Mountain_Faith%';
insert or replace into Modifiers
	(ModifierId,																			ModifierType,										SubjectRequirementSetId)
select 'POSTERITY_OF_MOUNTAIN_SCIENCE_'||AdjacentTerrain||'_MOUNTAIN_ADJACENCY_MODIFIER',	'MODIFIER_SINGLE_CITY_TERRAIN_ADJACENCY',			NULL
from Adjacency_YieldChanges where ID like 'Mountains_Science%';

insert into ModifierArguments
	(ModifierId,																	Name,					Value)
select 'POSTERITY_OF_MOUNTAIN_FAITH_'||AdjacentTerrain||'_MOUNTAIN_ADJACENCY',		'ModifierId',			'POSTERITY_OF_MOUNTAIN_FAITH_'||AdjacentTerrain||'_MOUNTAIN_ADJACENCY_MODIFIER'
from Adjacency_YieldChanges where ID like 'Mountain_Faith%';
insert into ModifierArguments
	(ModifierId,																	Name,					Value)
select 'POSTERITY_OF_MOUNTAIN_SCIENCE_'||AdjacentTerrain||'_MOUNTAIN_ADJACENCY',	'ModifierId',			'POSTERITY_OF_MOUNTAIN_SCIENCE_'||AdjacentTerrain||'_MOUNTAIN_ADJACENCY_MODIFIER'
from Adjacency_YieldChanges where ID like 'Mountains_Science%';
insert into ModifierArguments
	(ModifierId,																			Name,					Value)
select 'POSTERITY_OF_MOUNTAIN_FAITH_'||AdjacentTerrain||'_MOUNTAIN_ADJACENCY_MODIFIER',		'DistrictType',			'DISTRICT_HOLY_SITE'
from Adjacency_YieldChanges where ID like 'Mountain_Faith%';
insert into ModifierArguments
	(ModifierId,																			Name,					Value)
select 'POSTERITY_OF_MOUNTAIN_SCIENCE_'||AdjacentTerrain||'_MOUNTAIN_ADJACENCY_MODIFIER',	'DistrictType',			'DISTRICT_CAMPUS'
from Adjacency_YieldChanges where ID like 'Mountains_Science%';
insert into ModifierArguments
	(ModifierId,																			Name,					Value)
select 'POSTERITY_OF_MOUNTAIN_FAITH_'||AdjacentTerrain||'_MOUNTAIN_ADJACENCY_MODIFIER',		'YieldType',			'YIELD_FAITH'
from Adjacency_YieldChanges where ID like 'Mountain_Faith%';
insert into ModifierArguments
	(ModifierId,																			Name,					Value)
select 'POSTERITY_OF_MOUNTAIN_SCIENCE_'||AdjacentTerrain||'_MOUNTAIN_ADJACENCY_MODIFIER',	'YieldType',			'YIELD_SCIENCE'
from Adjacency_YieldChanges where ID like 'Mountains_Science%';
insert into ModifierArguments
	(ModifierId,																			Name,					Value)
select 'POSTERITY_OF_MOUNTAIN_FAITH_'||AdjacentTerrain||'_MOUNTAIN_ADJACENCY_MODIFIER',		'TerrainType',			AdjacentTerrain
from Adjacency_YieldChanges where ID like 'Mountain_Faith%';
insert into ModifierArguments
	(ModifierId,																			Name,					Value)
select 'POSTERITY_OF_MOUNTAIN_SCIENCE_'||AdjacentTerrain||'_MOUNTAIN_ADJACENCY_MODIFIER',	'TerrainType',			AdjacentTerrain
from Adjacency_YieldChanges where ID like 'Mountains_Science%';
insert into ModifierArguments
	(ModifierId,																			Name,					Value)
select 'POSTERITY_OF_MOUNTAIN_FAITH_'||AdjacentTerrain||'_MOUNTAIN_ADJACENCY_MODIFIER',		'Amount',				1
from Adjacency_YieldChanges where ID like 'Mountain_Faith%';
insert into ModifierArguments
	(ModifierId,																			Name,					Value)
select 'POSTERITY_OF_MOUNTAIN_SCIENCE_'||AdjacentTerrain||'_MOUNTAIN_ADJACENCY_MODIFIER',	'Amount',				1
from Adjacency_YieldChanges where ID like 'Mountains_Science%';
insert into ModifierArguments
	(ModifierId,																			Name,					Value)
select 'POSTERITY_OF_MOUNTAIN_FAITH_'||AdjacentTerrain||'_MOUNTAIN_ADJACENCY_MODIFIER',		'Description',			'LOC_DISTRICT_MOUNTAIN_FAITH'
from Adjacency_YieldChanges where ID like 'Mountain_Faith%';
insert into ModifierArguments
	(ModifierId,																			Name,					Value)
select 'POSTERITY_OF_MOUNTAIN_SCIENCE_'||AdjacentTerrain||'_MOUNTAIN_ADJACENCY_MODIFIER',	'Description',			'LOC_DISTRICT_MOUNTAIN_SCIENCE'
from Adjacency_YieldChanges where ID like 'Mountains_Science%';

insert or replace into BeliefModifiers
	(BeliefType,										ModifierID)
values
	('BELIEF_HD_POSTERITY_OF_MOUNTAIN',					'HD_POSTERITY_OF_MOUNTAIN_GREAT_PROPHET'),
	('BELIEF_HD_POSTERITY_OF_MOUNTAIN',					'HD_POSTERITY_OF_MOUNTAIN_CITY_CENTER_ADJECT_MOUNTAIN_HOUSE'),
	('BELIEF_HD_POSTERITY_OF_MOUNTAIN',					'HD_POSTERITY_OF_MOUNTAIN_CITY_CENTER_ADJECT_MOUNTAIN_AMENITY');
insert or replace into Modifiers
	(ModifierId,																ModifierType,										SubjectRequirementSetId)
values
	('HD_POSTERITY_OF_MOUNTAIN_GREAT_PROPHET',									'MODIFIER_ALL_CITIES_ATTACH_MODIFIER',				'CITY_FOLLOWS_PANTHEON_REQUIREMENTS'),
	('HD_POSTERITY_OF_MOUNTAIN_CITY_CENTER_ADJECT_MOUNTAIN_HOUSE',				'MODIFIER_ALL_CITIES_ATTACH_MODIFIER',				'CITY_FOLLOWS_PANTHEON_REQUIREMENTS'),
	('HD_POSTERITY_OF_MOUNTAIN_CITY_CENTER_ADJECT_MOUNTAIN_AMENITY',			'MODIFIER_ALL_CITIES_ATTACH_MODIFIER',				'CITY_FOLLOWS_PANTHEON_REQUIREMENTS'),
	('HD_POSTERITY_OF_MOUNTAIN_GREAT_PROPHET_MODIFIER',							'MODIFIER_SINGLE_CITY_ADJUST_GREAT_PERSON_POINT',	'CITY_HAS_1_MOUNTAIN'),
	('HD_POSTERITY_OF_MOUNTAIN_CITY_CENTER_ADJECT_MOUNTAIN_HOUSE_MODIFIER',		'MODIFIER_CITY_DISTRICTS_ADJUST_DISTRICT_HOUSING',	'CITYCENTER_ADJACENT_TO_MOUNTAIN_REQUIREMENTS'),
	('HD_POSTERITY_OF_MOUNTAIN_CITY_CENTER_ADJECT_MOUNTAIN_AMENITY_MODIFIER',	'MODIFIER_CITY_DISTRICTS_ADJUST_DISTRICT_AMENITY',	'CITYCENTER_ADJACENT_TO_MOUNTAIN_REQUIREMENTS');

insert into ModifierArguments
	(ModifierId,																Name,					Value)
values
	('HD_POSTERITY_OF_MOUNTAIN_GREAT_PROPHET',									'ModifierId',			'HD_POSTERITY_OF_MOUNTAIN_GREAT_PROPHET_MODIFIER'),
	('HD_POSTERITY_OF_MOUNTAIN_GREAT_PROPHET_MODIFIER',							'GreatPersonClassType',	'GREAT_PERSON_CLASS_PROPHET'),
	('HD_POSTERITY_OF_MOUNTAIN_GREAT_PROPHET_MODIFIER',							'Amount',				2),
	('HD_POSTERITY_OF_MOUNTAIN_CITY_CENTER_ADJECT_MOUNTAIN_HOUSE',				'ModifierId',			'HD_POSTERITY_OF_MOUNTAIN_CITY_CENTER_ADJECT_MOUNTAIN_HOUSE_MODIFIER'),
	('HD_POSTERITY_OF_MOUNTAIN_CITY_CENTER_ADJECT_MOUNTAIN_HOUSE_MODIFIER',		'Amount',				1),
	('HD_POSTERITY_OF_MOUNTAIN_CITY_CENTER_ADJECT_MOUNTAIN_AMENITY',			'ModifierId',			'HD_POSTERITY_OF_MOUNTAIN_CITY_CENTER_ADJECT_MOUNTAIN_AMENITY_MODIFIER'),
	('HD_POSTERITY_OF_MOUNTAIN_CITY_CENTER_ADJECT_MOUNTAIN_AMENITY_MODIFIER',	'Amount',				1);


insert or ignore into Requirements
	(RequirementId,												RequirementType)
select 'REQUIRES_CITY_HAS_1_MOUNTAIN_'||TerrainType,       		'REQUIREMENT_CITY_HAS_X_TERRAIN_TYPE'
from Terrains where TerrainType like '%MOUNTAIN';

insert or ignore into RequirementArguments
	(RequirementId,												Name,				Value)
select 'REQUIRES_CITY_HAS_1_MOUNTAIN_'||TerrainType,			'Amount',			2
from Terrains where TerrainType like '%MOUNTAIN';
insert or ignore into RequirementArguments
	(RequirementId,												Name,				Value)
select 'REQUIRES_CITY_HAS_1_MOUNTAIN_'||TerrainType,			'TerrainType',		TerrainType
from Terrains where TerrainType like '%MOUNTAIN';

insert or ignore into RequirementSets
	(RequirementSetId,											RequirementSetType)
values
	('CITY_HAS_1_MOUNTAIN',										'REQUIREMENTSET_TEST_ANY');
insert or ignore into RequirementSetRequirements
	(RequirementSetId,											RequirementId)
select 'CITY_HAS_1_MOUNTAIN',									'REQUIRES_CITY_HAS_1_MOUNTAIN_'||TerrainType
from Terrains where TerrainType like '%MOUNTAIN';

-------------------------------------
--Pantheon Song of Siren
insert or replace into Types
	(Type,								Kind)
values
	('BELIEF_HD_SONG_OF_SIREN',			'KIND_BELIEF');
insert or replace into Beliefs
	(BeliefType,						Name,										Description,											BeliefClassType)
values
	('BELIEF_HD_SONG_OF_SIREN',			'LOC_BELIEF_HD_SONG_OF_SIREN_NAME',			'LOC_BELIEF_HD_SONG_OF_SIREN_DL_DESCRIPTION',			'BELIEF_CLASS_PANTHEON');

--insert or replace into BeliefModifiers
--	(BeliefType,								ModifierID)
--select 'BELIEF_HD_SONG_OF_SIREN',				'SONG_OF_SIREN_CAMPUS_'||FeatureType||'_BONUS'
--from Features where FeatureType = 'FEATURE_REEF' or FeatureType = 'FEATURE_SUK_KELP';
insert or replace into BeliefModifiers
	(BeliefType,								ModifierID)
select 'BELIEF_HD_SONG_OF_SIREN',				'SONG_OF_SIREN_'||FeatureType||'_PRODUCTION'
from Features where FeatureType = 'FEATURE_REEF' or FeatureType = 'FEATURE_SUK_KELP';
insert or replace into BeliefModifiers
	(BeliefType,								ModifierID)
select 'BELIEF_HD_SONG_OF_SIREN',				'SONG_OF_SIREN_'||FeatureType||'_GOLD'
from Features where FeatureType = 'FEATURE_REEF' or FeatureType = 'FEATURE_SUK_KELP';

insert or replace into Modifiers
	(ModifierId,											ModifierType,										SubjectRequirementSetId)
select 'SONG_OF_SIREN_CAMPUS_'||FeatureType||'_BONUS',		'MODIFIER_ALL_CITIES_FEATURE_ADJACENCY',			'CITY_FOLLOWS_PANTHEON_REQUIREMENTS'
from Features where FeatureType = 'FEATURE_REEF' or FeatureType = 'FEATURE_SUK_KELP';
insert or replace into Modifiers
	(ModifierId,											ModifierType,										SubjectRequirementSetId)
select 'SONG_OF_SIREN_'||FeatureType||'_PRODUCTION',		'MODIFIER_ALL_CITIES_ATTACH_MODIFIER',				'CITY_FOLLOWS_PANTHEON_REQUIREMENTS'
from Features where FeatureType = 'FEATURE_REEF' or FeatureType = 'FEATURE_SUK_KELP';
insert or replace into Modifiers
	(ModifierId,												ModifierType,										SubjectRequirementSetId)
select 'SONG_OF_SIREN_'||FeatureType||'_PRODUCTION_MODIFIER',	'MODIFIER_CITY_PLOT_YIELDS_ADJUST_PLOT_YIELD',		'HD_SONG_OF_SIREN_REQ'||FeatureType
from Features where FeatureType = 'FEATURE_REEF' or FeatureType = 'FEATURE_SUK_KELP';
insert or replace into Modifiers
	(ModifierId,											ModifierType,										SubjectRequirementSetId)
select 'SONG_OF_SIREN_'||FeatureType||'_GOLD',		'MODIFIER_ALL_CITIES_ATTACH_MODIFIER',				'CITY_FOLLOWS_PANTHEON_REQUIREMENTS'
from Features where FeatureType = 'FEATURE_REEF' or FeatureType = 'FEATURE_SUK_KELP';
insert or replace into Modifiers
	(ModifierId,												ModifierType,										SubjectRequirementSetId)
select 'SONG_OF_SIREN_'||FeatureType||'_GOLD_MODIFIER',	'MODIFIER_CITY_PLOT_YIELDS_ADJUST_PLOT_YIELD',		'HD_SONG_OF_SIREN_REQ'||FeatureType
from Features where FeatureType = 'FEATURE_REEF' or FeatureType = 'FEATURE_SUK_KELP';

insert into ModifierArguments
	(ModifierId,											Name,					Value)
select 'SONG_OF_SIREN_CAMPUS_'||FeatureType||'_BONUS',		'DistrictType',			'DISTRICT_CAMPUS'
from Features where FeatureType = 'FEATURE_REEF' or FeatureType = 'FEATURE_SUK_KELP';
insert into ModifierArguments
	(ModifierId,											Name,					Value)
select 'SONG_OF_SIREN_CAMPUS_'||FeatureType||'_BONUS',		'FeatureType',			FeatureType
from Features where FeatureType = 'FEATURE_REEF' or FeatureType = 'FEATURE_SUK_KELP';
insert into ModifierArguments
	(ModifierId,											Name,					Value)
select 'SONG_OF_SIREN_CAMPUS_'||FeatureType||'_BONUS',		'YieldType',			'YIELD_SCIENCE'
from Features where FeatureType = 'FEATURE_REEF' or FeatureType = 'FEATURE_SUK_KELP';
insert into ModifierArguments
	(ModifierId,											Name,					Value)
select 'SONG_OF_SIREN_CAMPUS_'||FeatureType||'_BONUS',		'Amount',				2	
from Features where FeatureType = 'FEATURE_REEF' or FeatureType = 'FEATURE_SUK_KELP';
insert into ModifierArguments
	(ModifierId,											Name,					Value)
select 'SONG_OF_SIREN_CAMPUS_'||FeatureType||'_BONUS',		'Description',			'LOC_DISTRICT_'||FeatureType||'_SCIENCE'	
from Features where FeatureType = 'FEATURE_REEF' or FeatureType = 'FEATURE_SUK_KELP';
insert into ModifierArguments
	(ModifierId,											Name,					Value)
select 'SONG_OF_SIREN_'||FeatureType||'_PRODUCTION',		'ModifierId',			'SONG_OF_SIREN_'||FeatureType||'_PRODUCTION_MODIFIER'
from Features where FeatureType = 'FEATURE_REEF' or FeatureType = 'FEATURE_SUK_KELP';
insert into ModifierArguments
	(ModifierId,												Name,					Value)
select 'SONG_OF_SIREN_'||FeatureType||'_PRODUCTION_MODIFIER',	'YieldType',			'YIELD_PRODUCTION'
from Features where FeatureType = 'FEATURE_REEF' or FeatureType = 'FEATURE_SUK_KELP';
insert into ModifierArguments
	(ModifierId,												Name,					Value)
select 'SONG_OF_SIREN_'||FeatureType||'_PRODUCTION_MODIFIER',	'Amount',				2	
from Features where FeatureType = 'FEATURE_REEF' or FeatureType = 'FEATURE_SUK_KELP';
insert into ModifierArguments
	(ModifierId,											Name,					Value)
select 'SONG_OF_SIREN_'||FeatureType||'_GOLD',		'ModifierId',			'SONG_OF_SIREN_'||FeatureType||'_GOLD_MODIFIER'
from Features where FeatureType = 'FEATURE_REEF' or FeatureType = 'FEATURE_SUK_KELP';
insert into ModifierArguments
	(ModifierId,												Name,					Value)
select 'SONG_OF_SIREN_'||FeatureType||'_GOLD_MODIFIER',	'YieldType',			'YIELD_GOLD'
from Features where FeatureType = 'FEATURE_REEF' or FeatureType = 'FEATURE_SUK_KELP';
insert into ModifierArguments
	(ModifierId,												Name,					Value)
select 'SONG_OF_SIREN_'||FeatureType||'_GOLD_MODIFIER',	'Amount',				1	
from Features where FeatureType = 'FEATURE_REEF' or FeatureType = 'FEATURE_SUK_KELP';

insert or ignore into RequirementSets
	(RequirementSetId,											RequirementSetType)
select 'HD_SONG_OF_SIREN_REQ'||FeatureType,						'REQUIREMENTSET_TEST_ALL'
from Features where FeatureType = 'FEATURE_REEF' or FeatureType = 'FEATURE_SUK_KELP';
insert or ignore into RequirementSetRequirements
	(RequirementSetId,											RequirementId)
select 'HD_SONG_OF_SIREN_REQ'||FeatureType,						'HD_REQUIRES_PLOT_HAS_'||FeatureType
from Features where FeatureType = 'FEATURE_REEF' or FeatureType = 'FEATURE_SUK_KELP';

--Pantheon 妈祖
insert or ignore into RequirementSetRequirements
	(RequirementSetId,											RequirementId)
values
	('HD_MAZU_REQUIREMENTS',									'ADJACENT_TO_OWNER'),
	('HD_MAZU_REQUIREMENTS',									'REQUIRES_PLOT_HAS_FISHING_BOATS'),
	('CITY_FOLLOWS_PANTHEON_AND_DISTRICT_IS_SPECIALTY_REQUIREMENTS',		'REQUIRES_CITY_FOLLOWS_PANTHEON'),
	('CITY_FOLLOWS_PANTHEON_AND_DISTRICT_IS_SPECIALTY_REQUIREMENTS',		'HD_REQUIRES_DISTRICT_IS_SPECIALTY_DISTRICT');
insert or ignore into RequirementSets
	(RequirementSetId,											RequirementSetType)
values
	('HD_MAZU_REQUIREMENTS',									'REQUIREMENTSET_TEST_ALL'),
	('CITY_FOLLOWS_PANTHEON_AND_DISTRICT_IS_SPECIALTY_REQUIREMENTS',		'REQUIREMENTSET_TEST_ALL');
insert or ignore into Requirements
	(RequirementId,									RequirementType)
values
    ('REQUIRES_PLOT_HAS_FISHING_BOATS',       		'REQUIREMENT_PLOT_IMPROVEMENT_TYPE_MATCHES');
insert or ignore into RequirementArguments 
	(RequirementId, 								Name, 					Value)
values
	('REQUIRES_PLOT_HAS_FISHING_BOATS',       		'ImprovementType',		'IMPROVEMENT_FISHING_BOATS');

--Pantheon 御岳（Utaki）：海岸和湖泊单元格可为港口提供标准相邻加成。相邻市中心的近海和湖泊单元格+1 [ICON_FOOD] 食物，+1 [ICON_PRODUCTION] 生产力。
insert or replace into Types
	(Type,								Kind)
values
	('BELIEF_HD_UTAKI',				'KIND_BELIEF');
insert or replace into Beliefs
	(BeliefType,						Name,										Description,											BeliefClassType)
values
	('BELIEF_HD_UTAKI',				'LOC_BELIEF_HD_UTAKI_NAME',				'LOC_BELIEF_HD_UTAKI_DL_DESCRIPTION',					'BELIEF_CLASS_PANTHEON');
insert or replace into BeliefModifiers
	(BeliefType,							ModifierID)
values
	('BELIEF_HD_UTAKI',					'BELIEF_HD_UTAKI_HARBOR_ADJACENCY_ATTACH'),
	('BELIEF_HD_UTAKI',					'BELIEF_HD_UTAKI_HARBOR_FOOD_ADJACENCY_ATTACH'),
	('BELIEF_HD_UTAKI',					'BELIEF_HD_UTAKI_HARBOR_PRODUCTION_ADJACENCY_ATTACH');
insert or replace into Modifiers
	(ModifierId,														ModifierType,										SubjectRequirementSetId)
values
	('BELIEF_HD_UTAKI_HARBOR_ADJACENCY_ATTACH',							'MODIFIER_ALL_CITIES_ATTACH_MODIFIER',				'CITY_FOLLOWS_PANTHEON_REQUIREMENTS'),
	('BELIEF_HD_UTAKI_HARBOR_ADJACENCY',								'MODIFIER_SINGLE_CITY_TERRAIN_ADJACENCY',			NULL),
	('BELIEF_HD_UTAKI_HARBOR_FOOD_ADJACENCY_ATTACH',					'MODIFIER_ALL_CITIES_ATTACH_MODIFIER',				'CITY_FOLLOWS_PANTHEON_REQUIREMENTS'),
	('BELIEF_HD_UTAKI_HARBOR_FOOD_ADJACENCY',							'MODIFIER_CITY_DISTRICTS_ATTACH_MODIFIER',			'DISTRICT_IS_DISTRICT_HARBOR_REQUIREMENTS'),
	('BELIEF_HD_UTAKI_HARBOR_FOOD_ADJACENCY_MODIFIER',					'MODIFIER_PLAYER_ADJUST_PLOT_YIELD',				'PLOT_HAS_SHALLOW_WATER_AND_ADJACENT_TO_OWNER_HD'),
	('BELIEF_HD_UTAKI_HARBOR_PRODUCTION_ADJACENCY_ATTACH',				'MODIFIER_ALL_CITIES_ATTACH_MODIFIER',				'CITY_FOLLOWS_PANTHEON_REQUIREMENTS'),
	('BELIEF_HD_UTAKI_HARBOR_PRODUCTION_ADJACENCY',						'MODIFIER_CITY_DISTRICTS_ATTACH_MODIFIER',			'DISTRICT_IS_DISTRICT_HARBOR_REQUIREMENTS'),
	('BELIEF_HD_UTAKI_HARBOR_PRODUCTION_ADJACENCY_MODIFIER',			'MODIFIER_PLAYER_ADJUST_PLOT_YIELD',				'PLOT_HAS_SHALLOW_WATER_AND_ADJACENT_TO_OWNER_HD');

insert into ModifierArguments
	(ModifierId,													Name,				Value)
values
	('BELIEF_HD_UTAKI_HARBOR_ADJACENCY_ATTACH',						'ModifierId',		'BELIEF_HD_UTAKI_HARBOR_ADJACENCY'),
	('BELIEF_HD_UTAKI_HARBOR_ADJACENCY',							'DistrictType',		'DISTRICT_HARBOR'),
	('BELIEF_HD_UTAKI_HARBOR_ADJACENCY',							'TerrainType',		'TERRAIN_COAST'),
	('BELIEF_HD_UTAKI_HARBOR_ADJACENCY',							'YieldType',		'YIELD_GOLD'),
	('BELIEF_HD_UTAKI_HARBOR_ADJACENCY',							'Amount',			1),
	('BELIEF_HD_UTAKI_HARBOR_ADJACENCY',							'TilesRequired',	1),
	('BELIEF_HD_UTAKI_HARBOR_ADJACENCY',							'Description',		'LOC_DISTRICT_UTAKI_GOLD'),
	('BELIEF_HD_UTAKI_HARBOR_FOOD_ADJACENCY_ATTACH',				'ModifierId',		'BELIEF_HD_UTAKI_HARBOR_FOOD_ADJACENCY'),
	('BELIEF_HD_UTAKI_HARBOR_PRODUCTION_ADJACENCY_ATTACH',			'ModifierId',		'BELIEF_HD_UTAKI_HARBOR_PRODUCTION_ADJACENCY'),
	('BELIEF_HD_UTAKI_HARBOR_FOOD_ADJACENCY',						'ModifierId',		'BELIEF_HD_UTAKI_HARBOR_FOOD_ADJACENCY_MODIFIER'),
	('BELIEF_HD_UTAKI_HARBOR_PRODUCTION_ADJACENCY',					'ModifierId',		'BELIEF_HD_UTAKI_HARBOR_PRODUCTION_ADJACENCY_MODIFIER'),
	('BELIEF_HD_UTAKI_HARBOR_FOOD_ADJACENCY_MODIFIER',				'YieldType',		'YIELD_FOOD'),
	('BELIEF_HD_UTAKI_HARBOR_FOOD_ADJACENCY_MODIFIER',				'Amount',			1),
	('BELIEF_HD_UTAKI_HARBOR_PRODUCTION_ADJACENCY_MODIFIER',		'YieldType',		'YIELD_PRODUCTION'),
	('BELIEF_HD_UTAKI_HARBOR_PRODUCTION_ADJACENCY_MODIFIER',		'Amount',			1);


-- 信条购买建筑打折
	-- 经世致用
insert or replace into BeliefModifiers
	(BeliefType,						ModifierID)
select
	'BELIEF_PRACTICAL_APPLICATION',		'PRACTICAL_APPLICATION_' || BuildingType || '_PURCHASE_CHEAPER'
from Buildings where PrereqDistrict = 'DISTRICT_COMMERCIAL_HUB';
insert or replace into Modifiers
	(ModifierId,																ModifierType,											SubjectRequirementSetId)
select
	'PRACTICAL_APPLICATION_' || BuildingType || '_PURCHASE_CHEAPER',			'MODIFIER_ALL_CITIES_ATTACH_MODIFIER',					'CITY_FOLLOWS_RELIGION_REQUIREMENTS'
from Buildings where PrereqDistrict = 'DISTRICT_COMMERCIAL_HUB';
insert or replace into Modifiers
	(ModifierId,																ModifierType,											SubjectRequirementSetId)
select
	'PRACTICAL_APPLICATION_' || BuildingType || '_PURCHASE_CHEAPER_MODIFIER',	'MODIFIER_CITY_ADJUST_BUILDING_PURCHASE_COST',			NULL
from Buildings where PrereqDistrict = 'DISTRICT_COMMERCIAL_HUB';
insert or replace into ModifierArguments
	(ModifierId,																Name,					Value)
select
	'PRACTICAL_APPLICATION_' || BuildingType || '_PURCHASE_CHEAPER',			'ModifierId',			'PRACTICAL_APPLICATION_' || BuildingType || '_PURCHASE_CHEAPER_MODIFIER'
from Buildings where PrereqDistrict = 'DISTRICT_COMMERCIAL_HUB';
insert or replace into ModifierArguments
	(ModifierId,																Name,					Value)
select
	'PRACTICAL_APPLICATION_' || BuildingType || '_PURCHASE_CHEAPER_MODIFIER',	'BuildingType',			BuildingType
from Buildings where PrereqDistrict = 'DISTRICT_COMMERCIAL_HUB';
insert or replace into ModifierArguments
	(ModifierId,																Name,					Value)
select
	'PRACTICAL_APPLICATION_' || BuildingType || '_PURCHASE_CHEAPER_MODIFIER',	'Amount',				20
from Buildings where PrereqDistrict = 'DISTRICT_COMMERCIAL_HUB';

	-- 职业道德
insert or replace into BeliefModifiers
	(BeliefType,						ModifierID)
select
	'BELIEF_WORK_ETHIC',				'WORK_ETHIC_' || BuildingType || '_PURCHASE_CHEAPER'
from Buildings where PrereqDistrict = 'DISTRICT_INDUSTRIAL_ZONE';
insert or replace into Modifiers
	(ModifierId,																ModifierType,											SubjectRequirementSetId)
select
	'WORK_ETHIC_' || BuildingType || '_PURCHASE_CHEAPER',						'MODIFIER_ALL_CITIES_ATTACH_MODIFIER',					'CITY_FOLLOWS_RELIGION_REQUIREMENTS'
from Buildings where PrereqDistrict = 'DISTRICT_INDUSTRIAL_ZONE';
insert or replace into Modifiers
	(ModifierId,																ModifierType,											SubjectRequirementSetId)
select
	'WORK_ETHIC_' || BuildingType || '_PURCHASE_CHEAPER_MODIFIER',				'MODIFIER_CITY_ADJUST_BUILDING_PURCHASE_COST',			NULL
from Buildings where PrereqDistrict = 'DISTRICT_INDUSTRIAL_ZONE';
insert or replace into ModifierArguments
	(ModifierId,																Name,					Value)
select
	'WORK_ETHIC_' || BuildingType || '_PURCHASE_CHEAPER',						'ModifierId',			'WORK_ETHIC_' || BuildingType || '_PURCHASE_CHEAPER_MODIFIER'
from Buildings where PrereqDistrict = 'DISTRICT_INDUSTRIAL_ZONE';
insert or replace into ModifierArguments
	(ModifierId,																Name,					Value)
select
	'WORK_ETHIC_' || BuildingType || '_PURCHASE_CHEAPER_MODIFIER',				'BuildingType',			BuildingType
from Buildings where PrereqDistrict = 'DISTRICT_INDUSTRIAL_ZONE';
insert or replace into ModifierArguments
	(ModifierId,																Name,					Value)
select
	'WORK_ETHIC_' || BuildingType || '_PURCHASE_CHEAPER_MODIFIER',				'Amount',				20
from Buildings where PrereqDistrict = 'DISTRICT_INDUSTRIAL_ZONE';

	-- 宗教艺术
insert or replace into BeliefModifiers
	(BeliefType,						ModifierID)
select
	'BELIEF_RELIGIOUS_ART',				'RELIGIOUS_ART_' || BuildingType || '_PURCHASE_CHEAPER'
from Buildings where PrereqDistrict = 'DISTRICT_THEATER';
insert or replace into Modifiers
	(ModifierId,																ModifierType,											SubjectRequirementSetId)
select
	'RELIGIOUS_ART_' || BuildingType || '_PURCHASE_CHEAPER',					'MODIFIER_ALL_CITIES_ATTACH_MODIFIER',					'CITY_FOLLOWS_RELIGION_REQUIREMENTS'
from Buildings where PrereqDistrict = 'DISTRICT_THEATER';
insert or replace into Modifiers
	(ModifierId,																ModifierType,											SubjectRequirementSetId)
select
	'RELIGIOUS_ART_' || BuildingType || '_PURCHASE_CHEAPER_MODIFIER',			'MODIFIER_CITY_ADJUST_BUILDING_PURCHASE_COST',			NULL
from Buildings where PrereqDistrict = 'DISTRICT_THEATER';
insert or replace into ModifierArguments
	(ModifierId,																Name,					Value)
select
	'RELIGIOUS_ART_' || BuildingType || '_PURCHASE_CHEAPER',					'ModifierId',			'RELIGIOUS_ART_' || BuildingType || '_PURCHASE_CHEAPER_MODIFIER'
from Buildings where PrereqDistrict = 'DISTRICT_THEATER';
insert or replace into ModifierArguments
	(ModifierId,																Name,					Value)
select
	'RELIGIOUS_ART_' || BuildingType || '_PURCHASE_CHEAPER_MODIFIER',			'BuildingType',			BuildingType
from Buildings where PrereqDistrict = 'DISTRICT_THEATER';
insert or replace into ModifierArguments
	(ModifierId,																Name,					Value)
select
	'RELIGIOUS_ART_' || BuildingType || '_PURCHASE_CHEAPER_MODIFIER',			'Amount',				20
from Buildings where PrereqDistrict = 'DISTRICT_THEATER';

	-- 耶稣会教育
insert or replace into BeliefModifiers
	(BeliefType,						ModifierID)
select
	'BELIEF_JESUIT_EDUCATION',			'JESUIT_EDUCATION_' || BuildingType || '_PURCHASE_CHEAPER'
from Buildings where PrereqDistrict = 'DISTRICT_CAMPUS';
insert or replace into Modifiers
	(ModifierId,																ModifierType,											SubjectRequirementSetId)
select
	'JESUIT_EDUCATION_' || BuildingType || '_PURCHASE_CHEAPER',					'MODIFIER_ALL_CITIES_ATTACH_MODIFIER',					'CITY_FOLLOWS_RELIGION_REQUIREMENTS'
from Buildings where PrereqDistrict = 'DISTRICT_CAMPUS';
insert or replace into Modifiers
	(ModifierId,																ModifierType,											SubjectRequirementSetId)
select
	'JESUIT_EDUCATION_' || BuildingType || '_PURCHASE_CHEAPER_MODIFIER',		'MODIFIER_CITY_ADJUST_BUILDING_PURCHASE_COST',			NULL
from Buildings where PrereqDistrict = 'DISTRICT_CAMPUS';
insert or replace into ModifierArguments
	(ModifierId,																Name,					Value)
select
	'JESUIT_EDUCATION_' || BuildingType || '_PURCHASE_CHEAPER',					'ModifierId',			'JESUIT_EDUCATION_' || BuildingType || '_PURCHASE_CHEAPER_MODIFIER'
from Buildings where PrereqDistrict = 'DISTRICT_CAMPUS';
insert or replace into ModifierArguments
	(ModifierId,																Name,					Value)
select
	'JESUIT_EDUCATION_' || BuildingType || '_PURCHASE_CHEAPER_MODIFIER',		'BuildingType',			BuildingType
from Buildings where PrereqDistrict = 'DISTRICT_CAMPUS';
insert or replace into ModifierArguments
	(ModifierId,																Name,					Value)
select
	'JESUIT_EDUCATION_' || BuildingType || '_PURCHASE_CHEAPER_MODIFIER',		'Amount',				20
from Buildings where PrereqDistrict = 'DISTRICT_CAMPUS';

-- 海祭
insert or replace into BeliefModifiers
	(BeliefType,						ModifierID)
select
	'BELIEF_HOLY_WATERS',				'HOLY_WATERS_' || BuildingType || '_PURCHASE_CHEAPER'
from Buildings where PrereqDistrict = 'DISTRICT_HARBOR';
insert or replace into Modifiers
	(ModifierId,																ModifierType,											SubjectRequirementSetId)
select
	'HOLY_WATERS_' || BuildingType || '_PURCHASE_CHEAPER',						'MODIFIER_ALL_CITIES_ATTACH_MODIFIER',					'CITY_FOLLOWS_RELIGION_REQUIREMENTS'
from Buildings where PrereqDistrict = 'DISTRICT_HARBOR';
insert or replace into Modifiers
	(ModifierId,																ModifierType,											SubjectRequirementSetId)
select
	'HOLY_WATERS_' || BuildingType || '_PURCHASE_CHEAPER_MODIFIER',				'MODIFIER_CITY_ADJUST_BUILDING_PURCHASE_COST',			NULL
from Buildings where PrereqDistrict = 'DISTRICT_HARBOR';
insert or replace into ModifierArguments
	(ModifierId,																Name,					Value)
select
	'HOLY_WATERS_' || BuildingType || '_PURCHASE_CHEAPER',						'ModifierId',			'HOLY_WATERS_' || BuildingType || '_PURCHASE_CHEAPER_MODIFIER'
from Buildings where PrereqDistrict = 'DISTRICT_HARBOR';
insert or replace into ModifierArguments
	(ModifierId,																Name,					Value)
select
	'HOLY_WATERS_' || BuildingType || '_PURCHASE_CHEAPER_MODIFIER',				'BuildingType',			BuildingType
from Buildings where PrereqDistrict = 'DISTRICT_HARBOR';
insert or replace into ModifierArguments
	(ModifierId,																Name,					Value)
select
	'HOLY_WATERS_' || BuildingType || '_PURCHASE_CHEAPER_MODIFIER',				'Amount',				20
from Buildings where PrereqDistrict = 'DISTRICT_HARBOR';

/*
	('HD_SUN_GOD_FARM_GREAT_PROPHET',								'ModifierId',			'HD_SUN_GOD_FARM_GREAT_PROPHET_MODIFIER'),
	('HD_SUN_GOD_FARM_GREAT_PROPHET_MODIFIER',						'GreatPersonClassType',	'GREAT_PERSON_CLASS_PROPHET'),
	('HD_SUN_GOD_FARM_GREAT_PROPHET_MODIFIER',						'Amount',				2),
	('HD_SUN_GOD_FARM_SCIENCE_BONUS',								'ModifierId',			'HD_SUN_GOD_FARM_SCIENCE_BONUS_MODIFIER'),
	('HD_SUN_GOD_FARM_SCIENCE_BONUS_MODIFIER',						'YieldType',			'YIELD_SCIENCE'),
	('HD_SUN_GOD_FARM_SCIENCE_BONUS_MODIFIER',						'Amount',				1),
	('HD_SUN_GOD_FARM_SCIENCE_LUXURY',								'ModifierId',			'HD_SUN_GOD_FARM_SCIENCE_LUXURY_MODIFIER'),
	('HD_SUN_GOD_FARM_SCIENCE_LUXURY_MODIFIER',						'YieldType',			'YIELD_SCIENCE'),
	('HD_SUN_GOD_FARM_SCIENCE_LUXURY_MODIFIER',						'Amount',				1),
	('HD_SUN_GOD_FARM_FAITH',										'ModifierId',			'HD_SUN_GOD_FARM_FAITH_MODIFIER'),
	('HD_SUN_GOD_FARM_FAITH_MODIFIER',								'YieldType',			'YIELD_FAITH'),
	('HD_SUN_GOD_FARM_FAITH_MODIFIER',								'Amount',				1);
*/

/*
	('HD_SUN_GOD_FARM_GREAT_PROPHET',								'MODIFIER_ALL_CITIES_ATTACH_MODIFIER',				'CITY_FOLLOWS_PANTHEON_REQUIREMENTS'),
	('HD_SUN_GOD_FARM_GREAT_PROPHET_MODIFIER',						'MODIFIER_SINGLE_CITY_ADJUST_GREAT_PERSON_POINT',	'HD_CITY_HAS_RESOURCE_FARM'),
	('HD_SUN_GOD_FARM_SCIENCE_BONUS',								'MODIFIER_ALL_DISTRICTS_ATTACH_MODIFIER',			'CITY_FOLLOWS_PANTHEON_AND_HOLYSITE_REQUIREMENTS'),
	('HD_SUN_GOD_FARM_SCIENCE_BONUS_MODIFIER',						'MODIFIER_CITY_PLOT_YIELDS_ADJUST_PLOT_YIELD',		'HD_PLOT_HAS_FARM_AND_BONUS_RESOURCE_REQUIREMENTS'),
	('HD_SUN_GOD_FARM_SCIENCE_LUXURY',								'MODIFIER_ALL_DISTRICTS_ATTACH_MODIFIER',			'CITY_FOLLOWS_PANTHEON_AND_HOLYSITE_REQUIREMENTS'),
	('HD_SUN_GOD_FARM_SCIENCE_LUXURY_MODIFIER',						'MODIFIER_CITY_PLOT_YIELDS_ADJUST_PLOT_YIELD',		'HD_PLOT_HAS_FARM_AND_LUXURY_RESOURCE_REQUIREMENTS'),
	('HD_SUN_GOD_FARM_FAITH',										'MODIFIER_ALL_CITIES_ATTACH_MODIFIER',				'CITY_FOLLOWS_PANTHEON_REQUIREMENTS'),
	('HD_SUN_GOD_FARM_FAITH_MODIFIER',								'MODIFIER_CITY_PLOT_YIELDS_ADJUST_PLOT_YIELD',		'PLOT_HAS_FARM_REQUIREMENTS');
	*/

	
	/*
	('BELIEF_HD_SUN_GOD',					'HD_SUN_GOD_FARM_GREAT_PROPHET'),
	('BELIEF_HD_SUN_GOD',					'HD_SUN_GOD_FARM_SCIENCE_BONUS'),
	('BELIEF_HD_SUN_GOD',					'HD_SUN_GOD_FARM_SCIENCE_LUXURY'),
	('BELIEF_HD_SUN_GOD',					'HD_SUN_GOD_FARM_FAITH');
	*/

-- Sort Index
create table 'BeliefsSortIndex'(
	'BeliefType' TEXT NOT NULL,
	'SortIndex' Int NOT NULL,
	PRIMARY KEY('BeliefType')
);

insert or replace into BeliefsSortIndex
	(BeliefType,			SortIndex)
select
	BeliefType,				10
from Beliefs;

-- 万神殿 - 追随 - 创立 - 强化 - 祭祀
-- Pantheon(0-99) 
-- 排序依据：海洋万神[0]、资源类[改良类型优先(10)]、无资源发教类[地形(30)-地貌(40)-其他(50)]、无资源不发教类[地形(60)-地貌(70)-其他(80)] 
-- 海洋系
update BeliefsSortIndex set SortIndex =	0 where BeliefType = 'BELIEF_GOD_OF_THE_SEA';
update BeliefsSortIndex set SortIndex =	1 where BeliefType = 'BELIEF_OCEAN_MOTHER';
update BeliefsSortIndex set SortIndex =	2 where BeliefType = 'BELIEF_HD_MAZU_BELIEF';
update BeliefsSortIndex set SortIndex =	3 where BeliefType = 'BELIEF_FISHING_TRADITION';
update BeliefsSortIndex set SortIndex =	4 where BeliefType = 'BELIEF_HD_UTAKI';
update BeliefsSortIndex set SortIndex =	5 where BeliefType = 'BELIEF_HD_SONG_OF_SIREN';
-- 资源系
update BeliefsSortIndex set SortIndex =	10 where BeliefType = 'BELIEF_GODDESS_OF_THE_HARVEST';
--update BeliefsSortIndex set SortIndex =	11 where BeliefType = 'BELIEF_HD_SUN_GOD';
update BeliefsSortIndex set SortIndex =	12 where BeliefType = 'BELIEF_GOD_OF_THE_FORGE';
update BeliefsSortIndex set SortIndex =	13 where BeliefType = 'BELIEF_RELIGIOUS_IDOLS'; --2,4 矿山采石
update BeliefsSortIndex set SortIndex =	14 where BeliefType = 'BELIEF_TALE_OF_DWALVES';
update BeliefsSortIndex set SortIndex =	15 where BeliefType = 'BELIEF_STONE_CIRCLES';
update BeliefsSortIndex set SortIndex =	16 where BeliefType = 'BELIEF_MEGALITHIC_WORSHIP';
update BeliefsSortIndex set SortIndex =	19 where BeliefType = 'BELIEF_GOD_OF_THE_OPEN_SKY'; --17,18 伐木 位于resourceful2
update BeliefsSortIndex set SortIndex =	20 where BeliefType = 'BELIEF_TENGRI';
update BeliefsSortIndex set SortIndex =	21 where BeliefType = 'BELIEF_GODDESS_OF_THE_HUNT';
update BeliefsSortIndex set SortIndex =	22 where BeliefType = 'BELIEF_HD_WOLF_GOD';
update BeliefsSortIndex set SortIndex =	23 where BeliefType = 'BELIEF_ORAL_TRADITION';
update BeliefsSortIndex set SortIndex =	24 where BeliefType = 'BELIEF_GODDESS_OF_FESTIVALS';
update BeliefsSortIndex set SortIndex =	25 where BeliefType = 'BELIEF_GOD_OF_CRAFTSMEN';
-- 发教-地形
update BeliefsSortIndex set SortIndex =	30 where BeliefType = 'BELIEF_GODDESS_OF_THE_DESERT';--市中心、圣地
update BeliefsSortIndex set SortIndex =	31 where BeliefType = 'BELIEF_DESERT_FOLKLORE';
update BeliefsSortIndex set SortIndex =	33 where BeliefType = 'BELIEF_DANCE_OF_THE_AURORA';
update BeliefsSortIndex set SortIndex =	35 where BeliefType = 'BELIEF_RIVER_GODDESS';
update BeliefsSortIndex set SortIndex =	37 where BeliefType = 'BELIEF_HD_POSTERITY_OF_MOUNTAIN';
-- 发教-地貌
update BeliefsSortIndex set SortIndex =	40 where BeliefType = 'BELIEF_SACRED_PATH';
update BeliefsSortIndex set SortIndex =	41 where BeliefType = 'BELIEF_GODDESS_OF_FIRE';
-- 发教-其他
update BeliefsSortIndex set SortIndex =	50 where BeliefType = 'BELIEF_DIVINE_SPARK';
update BeliefsSortIndex set SortIndex =	51 where BeliefType = 'BELIEF_EARTH_GODDESS';
update BeliefsSortIndex set SortIndex =	52 where BeliefType = 'BELIEF_ONE_WITH_NATURE';
update BeliefsSortIndex set SortIndex =	53 where BeliefType = 'BELIEF_GOD_OF_WAR';
update BeliefsSortIndex set SortIndex =	54 where BeliefType = 'BELIEF_RELIGIOUS_SETTLEMENTS';
update BeliefsSortIndex set SortIndex =	55 where BeliefType = 'BELIEF_HD_GOD_KING';
-- 不发教-地形
update BeliefsSortIndex set SortIndex =	60 where BeliefType = 'BELIEF_THE_PEOPLE_OF_POLAR';
-- 不发教-地貌
update BeliefsSortIndex set SortIndex =	70 where BeliefType = 'BELIEF_LADY_OF_THE_REEDS_AND_MARSHES';
update BeliefsSortIndex set SortIndex =	71 where BeliefType = 'BELIEF_VOODOO';
update BeliefsSortIndex set SortIndex =	72 where BeliefType = 'BELIEF_HD_DRUID';
-- 不发教-其他
update BeliefsSortIndex set SortIndex =	80 where BeliefType = 'BELIEF_MONUMENT_TO_THE_GODS';
update BeliefsSortIndex set SortIndex =	81 where BeliefType = 'BELIEF_FERTILITY_RITES';
update BeliefsSortIndex set SortIndex =	82 where BeliefType = 'BELIEF_CITY_PATRON_GODDESS';
update BeliefsSortIndex set SortIndex =	83 where BeliefType = 'BELIEF_SPARTA_SPIRIT';
update BeliefsSortIndex set SortIndex =	84 where BeliefType = 'BELIEF_ILLUMINATORS';
--update BeliefsSortIndex set SortIndex =	86 where BeliefType = 'BELIEF_STARLIGHT_NAVIGATER';
update BeliefsSortIndex set SortIndex =	85 where BeliefType = 'BELIEF_HD_HERMES';

-- 追随者信条(100-129) 粮锤瓶琴金鸽分类集合，先圣地产出向，后信仰输出向，最后是其他
update BeliefsSortIndex set SortIndex =	100 where BeliefType = 'BELIEF_FEED_THE_WORLD';
update BeliefsSortIndex set SortIndex =	101 where BeliefType = 'BELIEF_ABBOT';
update BeliefsSortIndex set SortIndex =	102 where BeliefType = 'BELIEF_RELIGIOUS_COMMUNITY';
update BeliefsSortIndex set SortIndex =	103 where BeliefType = 'BELIEF_CHORAL_MUSIC';

update BeliefsSortIndex set SortIndex =	110 where BeliefType = 'BELIEF_HOLY_WATERS';
update BeliefsSortIndex set SortIndex =	111 where BeliefType = 'BELIEF_WORK_ETHIC';
update BeliefsSortIndex set SortIndex =	112 where BeliefType = 'BELIEF_JESUIT_EDUCATION';
update BeliefsSortIndex set SortIndex =	113 where BeliefType = 'BELIEF_RELIGIOUS_ART';
update BeliefsSortIndex set SortIndex =	114 where BeliefType = 'BELIEF_PRACTICAL_APPLICATION';
update BeliefsSortIndex set SortIndex =	115 where BeliefType = 'BELIEF_MESSIAH';

update BeliefsSortIndex set SortIndex =	120 where BeliefType = 'BELIEF_RELIGIOUS_COLONIZATION';
update BeliefsSortIndex set SortIndex =	121 where BeliefType = 'BELIEF_ZEN_MEDITATION';
update BeliefsSortIndex set SortIndex =	122 where BeliefType = 'BELIEF_RELIQUARIES';
update BeliefsSortIndex set SortIndex =	123 where BeliefType = 'BELIEF_DIVINE_INSPIRATION';
update BeliefsSortIndex set SortIndex =	124 where BeliefType = 'BELIEF_WARRIOR_MONKS';

-- 创立者信条(140-159) 先其他，后按瓶琴金鸽分类集合，同产出相邻放置
update BeliefsSortIndex set SortIndex =	131 where BeliefType = 'BELIEF_TO_THE_GLORY_OF_GOD';
update BeliefsSortIndex set SortIndex =	132 where BeliefType = 'BELIEF_SACRED_PLACES';
update BeliefsSortIndex set SortIndex =	133 where BeliefType = 'BELIEF_JUST_WAR';

update BeliefsSortIndex set SortIndex =	140 where BeliefType = 'BELIEF_STEWARDSHIP';
update BeliefsSortIndex set SortIndex =	141 where BeliefType = 'BELIEF_CROSS_CULTURAL_DIALOGUE';
update BeliefsSortIndex set SortIndex =	142 where BeliefType = 'BELIEF_LAY_MINISTRY';
update BeliefsSortIndex set SortIndex =	143 where BeliefType = 'BELIEF_WORLD_CHURCH';
update BeliefsSortIndex set SortIndex =	144 where BeliefType = 'BELIEF_CHURCH_PROPERTY';
update BeliefsSortIndex set SortIndex =	145 where BeliefType = 'BELIEF_TITHE';
update BeliefsSortIndex set SortIndex =	146 where BeliefType = 'BELIEF_PILGRIMAGE';
update BeliefsSortIndex set SortIndex =	147 where BeliefType = 'BELIEF_RELIGIOUS_UNITY';

-- 强化信条(170-199) 先洗教瓶琴金鸽，后其他[无关-征服-宗胜]
update BeliefsSortIndex set SortIndex =	170 where BeliefType = 'BELIEF_SCRIPTURE';
update BeliefsSortIndex set SortIndex =	171 where BeliefType = 'BELIEF_ITINERANT_PREACHERS';
update BeliefsSortIndex set SortIndex =	172 where BeliefType = 'BELIEF_INITIATION_RITES';
update BeliefsSortIndex set SortIndex =	173 where BeliefType = 'BELIEF_CANONIZATION_OF_SAINTS';

update BeliefsSortIndex set SortIndex =	180 where BeliefType = 'BELIEF_PIOUS_MERCHANTS';
update BeliefsSortIndex set SortIndex =	181 where BeliefType = 'BELIEF_MONASTIC_ISOLATION';
update BeliefsSortIndex set SortIndex =	182 where BeliefType = 'BELIEF_CAPELLANI';
update BeliefsSortIndex set SortIndex =	183 where BeliefType = 'BELIEF_DEFENDER_OF_FAITH';

update BeliefsSortIndex set SortIndex =	190 where BeliefType = 'BELIEF_MISSIONARY_ZEAL';
update BeliefsSortIndex set SortIndex =	191 where BeliefType = 'BELIEF_HOLY_ORDER';
update BeliefsSortIndex set SortIndex =	192 where BeliefType = 'BELIEF_SCHOLASTICISM';
update BeliefsSortIndex set SortIndex =	193 where BeliefType = 'BELIEF_MILLENNIALISM';
update BeliefsSortIndex set SortIndex =	194 where BeliefType = 'BELIEF_PAPAL_PRIMACY';

-- Worships(200-229)
update BeliefsSortIndex set SortIndex =	200 where BeliefType = 'BELIEF_GURDWARA'; --粮
update BeliefsSortIndex set SortIndex =	201 where BeliefType = 'BELIEF_MEETING_HOUSE';--锤
update BeliefsSortIndex set SortIndex =	202 where BeliefType = 'BELIEF_WAT';--瓶
update BeliefsSortIndex set SortIndex =	203 where BeliefType = 'BELIEF_PAGODA';--琴
update BeliefsSortIndex set SortIndex =	204 where BeliefType = 'BELIEF_STUPA';--宜居
update BeliefsSortIndex set SortIndex =	205 where BeliefType = 'BELIEF_SYNAGOGUE';--鸽
update BeliefsSortIndex set SortIndex =	206 where BeliefType = 'BELIEF_DAR_E_MEHR';--拜火
update BeliefsSortIndex set SortIndex =	207 where BeliefType = 'BELIEF_MOSQUE';--清真
update BeliefsSortIndex set SortIndex =	208 where BeliefType = 'BELIEF_CATHEDRAL'; -- 大教堂

update BeliefsSortIndex set SortIndex =	210 where BeliefType = 'BELIEF_JNR_SOBOR';--东正
update BeliefsSortIndex set SortIndex =	211 where BeliefType = 'BELIEF_JNR_PERIPTEROS';--柱廊
update BeliefsSortIndex set SortIndex =	212 where BeliefType = 'BELIEF_JNR_TZACUALLI';--羽蛇
update BeliefsSortIndex set SortIndex =	213 where BeliefType = 'BELIEF_JNR_MBARI';--商路
update BeliefsSortIndex set SortIndex =	214 where BeliefType = 'BELIEF_JNR_MANDIR';--印度
update BeliefsSortIndex set SortIndex =	215 where BeliefType = 'BELIEF_JNR_JINJA';--神道
update BeliefsSortIndex set SortIndex =	216 where BeliefType = 'BELIEF_JNR_CANDI';--禅邸
update BeliefsSortIndex set SortIndex =	217 where BeliefType = 'BELIEF_JNR_DAOGUAN';--道观
update BeliefsSortIndex set SortIndex =	218 where BeliefType = 'BELIEF_JNR_KHALWAT';--隐修

--宗教殖民外交区效果
insert or replace into BeliefModifiers
	(BeliefType,						ModifierID)
select
	'BELIEF_RELIGIOUS_COLONIZATION',	'RELIGIOUS_COLONIZATION_DIPLOMATIC_QUARTER_BUILDINGS'
where exists (select DistrictType from Districts where DistrictType = 'DISTRICT_DIPLOMATIC_QUARTER');
insert or replace into Modifiers
	(ModifierId,														ModifierType,													SubjectRequirementSetId)
select
	'RELIGIOUS_COLONIZATION_DIPLOMATIC_QUARTER_BUILDINGS',				'MODIFIER_ALL_CITIES_ATTACH_MODIFIER',							'CITY_FOLLOWS_RELIGION_REQUIREMENTS'
where exists (select DistrictType from Districts where DistrictType = 'DISTRICT_DIPLOMATIC_QUARTER') union all
select
	'RELIGIOUS_COLONIZATION_DIPLOMATIC_QUARTER_BUILDINGS_MODIFIER',	'MODIFIER_CITY_ENABLE_BUILDING_FAITH_PURCHASE',						NULL
where exists (select DistrictType from Districts where DistrictType = 'DISTRICT_DIPLOMATIC_QUARTER');
insert or replace into ModifierArguments
	(ModifierId,														Name,					Value)
select
	'RELIGIOUS_COLONIZATION_DIPLOMATIC_QUARTER_BUILDINGS',				'ModifierId',			'RELIGIOUS_COLONIZATION_DIPLOMATIC_QUARTER_BUILDINGS_MODIFIER'
where exists (select DistrictType from Districts where DistrictType = 'DISTRICT_DIPLOMATIC_QUARTER') union all
select
	'RELIGIOUS_COLONIZATION_DIPLOMATIC_QUARTER_BUILDINGS_MODIFIER',		'DistrictType',			'DISTRICT_DIPLOMATIC_QUARTER'
where exists (select DistrictType from Districts where DistrictType = 'DISTRICT_DIPLOMATIC_QUARTER');