-------------------------------------
--      Governors Adjustments      --
-------------------------------------

-- Magnus
-- 调整顺序
update GovernorPromotions set Level = 1, column = 2, BaseAbility = 0 where GovernorPromotionType = 'GOVERNOR_PROMOTION_RESOURCE_MANAGER_GROUNDBREAKER';
update GovernorPromotions set Level = 0, column = 1, BaseAbility = 1 where GovernorPromotionType = 'GOVERNOR_PROMOTION_RESOURCE_MANAGER_EXPEDITION';
update GovernorPromotions set Level = 2, column = 1, BaseAbility = 0 where GovernorPromotionType = 'GOVERNOR_PROMOTION_RESOURCE_MANAGER_BLACK_MARKETEER';
update GovernorPromotions set Level = 3, column = 0, BaseAbility = 0 where GovernorPromotionType = 'GOVERNOR_PROMOTION_RESOURCE_MANAGER_INDUSTRIALIST';
update GovernorPromotions set Level = 3, column = 2, BaseAbility = 0 where GovernorPromotionType = 'GOVERNOR_PROMOTION_RESOURCE_MANAGER_VERTICAL_INTEGRATION';

update GovernorPromotionPrereqs set PrereqGovernorPromotion = 'GOVERNOR_PROMOTION_RESOURCE_MANAGER_EXPEDITION'
	where GovernorPromotionType = 'GOVERNOR_PROMOTION_RESOURCE_MANAGER_SURPLUS_LOGISTICS';
update GovernorPromotionPrereqs set PrereqGovernorPromotion = 'GOVERNOR_PROMOTION_RESOURCE_MANAGER_GROUNDBREAKER'
	where GovernorPromotionType = 'GOVERNOR_PROMOTION_RESOURCE_MANAGER_BLACK_MARKETEER';
update GovernorPromotionPrereqs set
	GovernorPromotionType = 'GOVERNOR_PROMOTION_RESOURCE_MANAGER_GROUNDBREAKER',
	PrereqGovernorPromotion = 'GOVERNOR_PROMOTION_RESOURCE_MANAGER_EXPEDITION'
	where GovernorPromotionType = 'GOVERNOR_PROMOTION_RESOURCE_MANAGER_EXPEDITION'
	and PrereqGovernorPromotion = 'GOVERNOR_PROMOTION_RESOURCE_MANAGER_GROUNDBREAKER';

delete from GovernorPromotionPrereqs where GovernorPromotionType = 'GOVERNOR_PROMOTION_RESOURCE_MANAGER_INDUSTRIALIST';

insert or replace into GovernorPromotionPrereqs	(GovernorPromotionType, 			PrereqGovernorPromotion) values
	('GOVERNOR_PROMOTION_RESOURCE_MANAGER_BLACK_MARKETEER',	'GOVERNOR_PROMOTION_RESOURCE_MANAGER_SURPLUS_LOGISTICS'),
	('GOVERNOR_PROMOTION_RESOURCE_MANAGER_INDUSTRIALIST',	'GOVERNOR_PROMOTION_RESOURCE_MANAGER_BLACK_MARKETEER');

delete from GovernorPromotionSets where GovernorType = 'GOVERNOR_THE_RESOURCE_MANAGER';
insert or replace into GovernorPromotionSets (GovernorType, GovernorPromotion) values
	('GOVERNOR_THE_RESOURCE_MANAGER', 	'GOVERNOR_PROMOTION_RESOURCE_MANAGER_EXPEDITION'),
	('GOVERNOR_THE_RESOURCE_MANAGER', 	'GOVERNOR_PROMOTION_RESOURCE_MANAGER_SURPLUS_LOGISTICS'),
	('GOVERNOR_THE_RESOURCE_MANAGER', 	'GOVERNOR_PROMOTION_RESOURCE_MANAGER_GROUNDBREAKER'),
	('GOVERNOR_THE_RESOURCE_MANAGER', 	'GOVERNOR_PROMOTION_RESOURCE_MANAGER_BLACK_MARKETEER'),
	('GOVERNOR_THE_RESOURCE_MANAGER', 	'GOVERNOR_PROMOTION_RESOURCE_MANAGER_INDUSTRIALIST'),
	('GOVERNOR_THE_RESOURCE_MANAGER', 	'GOVERNOR_PROMOTION_RESOURCE_MANAGER_VERTICAL_INTEGRATION');

-- 删除原效果
delete from GovernorPromotionModifiers where GovernorPromotionType = 'GOVERNOR_PROMOTION_RESOURCE_MANAGER_GROUNDBREAKER';
delete from GovernorPromotionModifiers where GovernorPromotionType = 'GOVERNOR_PROMOTION_RESOURCE_MANAGER_BLACK_MARKETEER';

-- 新增效果
insert or replace into GovernorPromotionModifiers
	(GovernorPromotionType,											ModifierId)
values
	('GOVERNOR_PROMOTION_RESOURCE_MANAGER_GROUNDBREAKER',			'MAGNUS_WONDERS_BOOST'),
	('GOVERNOR_PROMOTION_RESOURCE_MANAGER_BLACK_MARKETEER',			'MAGNUS_ADJUST_CITY_YIELD'),
	('GOVERNOR_PROMOTION_RESOURCE_MANAGER_VERTICAL_INTEGRATION',	'VERTICAL_INTEGRATION_FOOD_REGIONAL_STACKING'),
	('GOVERNOR_PROMOTION_RESOURCE_MANAGER_VERTICAL_INTEGRATION',	'VERTICAL_INTEGRATION_GOLD_REGIONAL_STACKING'),
	('GOVERNOR_PROMOTION_RESOURCE_MANAGER_VERTICAL_INTEGRATION',	'VERTICAL_INTEGRATION_SCIENCE_REGIONAL_STACKING'),
	('GOVERNOR_PROMOTION_RESOURCE_MANAGER_VERTICAL_INTEGRATION',	'VERTICAL_INTEGRATION_CULTURE_REGIONAL_STACKING'),
	('GOVERNOR_PROMOTION_RESOURCE_MANAGER_VERTICAL_INTEGRATION',	'VERTICAL_INTEGRATION_FAITH_REGIONAL_STACKING');

insert or replace into Modifiers
	(ModifierId,													ModifierType)
values
	('MAGNUS_WONDERS_BOOST',										'MODIFIER_SINGLE_CITY_ADJUST_WONDER_PRODUCTION'),
	('MAGNUS_ADJUST_CITY_YIELD',									'MODIFIER_SINGLE_CITY_ADJUST_CITY_YIELD_MODIFIER'),
	('VERTICAL_INTEGRATION_FOOD_REGIONAL_STACKING',					'MODIFIER_CITY_ADJUST_ALLOWED_INCOMING_REGIONAL_STACKING'),
	('VERTICAL_INTEGRATION_GOLD_REGIONAL_STACKING',					'MODIFIER_CITY_ADJUST_ALLOWED_INCOMING_REGIONAL_STACKING'),
	('VERTICAL_INTEGRATION_SCIENCE_REGIONAL_STACKING',				'MODIFIER_CITY_ADJUST_ALLOWED_INCOMING_REGIONAL_STACKING'),
	('VERTICAL_INTEGRATION_CULTURE_REGIONAL_STACKING',				'MODIFIER_CITY_ADJUST_ALLOWED_INCOMING_REGIONAL_STACKING'),
	('VERTICAL_INTEGRATION_FAITH_REGIONAL_STACKING',				'MODIFIER_CITY_ADJUST_ALLOWED_INCOMING_REGIONAL_STACKING');

insert or replace into ModifierArguments
	(ModifierId,													Name,														Value)
values
	('MAGNUS_WONDERS_BOOST',										'Amount',													20),
	('MAGNUS_ADJUST_CITY_YIELD',									'YieldType',												'YIELD_FOOD, YIELD_PRODUCTION'),
	('MAGNUS_ADJUST_CITY_YIELD',									'Amount',													'15,15'),
	('VERTICAL_INTEGRATION_FOOD_REGIONAL_STACKING',					'YieldType',												'YIELD_FOOD'),
	('VERTICAL_INTEGRATION_GOLD_REGIONAL_STACKING',					'YieldType',												'YIELD_GOLD'),
	('VERTICAL_INTEGRATION_SCIENCE_REGIONAL_STACKING',				'YieldType',												'YIELD_SCIENCE'),
	('VERTICAL_INTEGRATION_CULTURE_REGIONAL_STACKING',				'YieldType',												'YIELD_CULTURE'),
	('VERTICAL_INTEGRATION_FAITH_REGIONAL_STACKING',				'YieldType',												'YIELD_FAITH');

-----------------------------------------------------------------------------------------------------------------------------------

-- Reyna
-- 删除原效果
-- 土地征用
delete from GovernorPromotionModifiers where ModifierId = 'LAND_ACQUISITION_FASTER_PLOT_ANNEXING';
delete from GovernorPromotionModifiers where ModifierId = 'FOREIGN_EXCHANGE_GOLD_FROM_FOREIGN_TRADE_PASSING_THROUGH';
-- 发包人
delete from GovernorPromotionModifiers where ModifierId = 'CONTRACTOR_ENABLE_DISTRICT_PURCHASE';

-- 新增效果
-- 单城区域产出
-- insert or replace into Types
-- 	(Type,												Kind)
-- values
-- 	('MODIFIER_REYNA_ADJUST_DISTRICTS_YIELD_CHANGE',	'KIND_MODIFIER');
-- insert or replace into DynamicModifiers
-- 	(ModifierType,										CollectionType,										EffectType)
-- values
-- 	('MODIFIER_REYNA_ADJUST_DISTRICTS_YIELD_CHANGE',	'COLLECTION_CITY_DISTRICTS',						'EFFECT_ADJUST_DISTRICT_YIELD_CHANGE');

insert or replace into GovernorPromotionModifiers
	(GovernorPromotionType,								ModifierId)
values
-- 地产商人
	('GOVERNOR_PROMOTION_MERCHANT_LAND_ACQUISITION',	'REAL_ESTATE_DEVELOPER_DISTRICT'),
	('GOVERNOR_PROMOTION_MERCHANT_LAND_ACQUISITION',	'REAL_ESTATE_DEVELOPER_IMPROVEMENT'),
-- 金融中心
	('GOVERNOR_PROMOTION_MERCHANT_CONTRACTOR',			'REYNA_MARKET_PERCENTAGE_BOOST'),
	('GOVERNOR_PROMOTION_MERCHANT_CONTRACTOR',			'REYNA_BANK_PERCENTAGE_BOOST'),
	('GOVERNOR_PROMOTION_MERCHANT_CONTRACTOR',			'REYNA_STOCK_EXCHANGE_PERCENTAGE_BOOST'),
	('GOVERNOR_PROMOTION_MERCHANT_CONTRACTOR',			'REYNA_LIGHTHOUSE_PERCENTAGE_BOOST'),
	('GOVERNOR_PROMOTION_MERCHANT_CONTRACTOR',			'REYNA_SHIPYARD_PERCENTAGE_BOOST'),
	('GOVERNOR_PROMOTION_MERCHANT_CONTRACTOR',			'REYNA_SEAPORT_PERCENTAGE_BOOST');

insert or replace into Modifiers
	(ModifierId,										ModifierType,										SubjectRequirementSetId)
values
-- 地产商人
	('REAL_ESTATE_DEVELOPER_DISTRICT',					'MODIFIER_REYNA_ADJUST_DISTRICTS_YIELD_CHANGE',		Null),
	('REAL_ESTATE_DEVELOPER_IMPROVEMENT',				'MODIFIER_CITY_PLOT_YIELDS_ADJUST_PLOT_YIELD',		'PLOT_IS_IMPROVED'),
-- 金融中心
	('REYNA_MARKET',									'MODIFIER_SINGLE_CITY_ATTACH_MODIFIER',				Null),
	('REYNA_BANK',										'MODIFIER_SINGLE_CITY_ATTACH_MODIFIER',				Null),
	('REYNA_STOCK',										'MODIFIER_SINGLE_CITY_ATTACH_MODIFIER',				Null),
	('REYNA_LIGHTHOUSE',								'MODIFIER_SINGLE_CITY_ATTACH_MODIFIER',				Null),
	('REYNA_SHIPYARD',									'MODIFIER_SINGLE_CITY_ATTACH_MODIFIER',				Null),
	('REYNA_SEAPORT',									'MODIFIER_SINGLE_CITY_ATTACH_MODIFIER',				Null),
	('REYNA_MARKET_PERCENTAGE_BOOST',					'MODIFIER_SINGLE_CITY_ADJUST_CITY_YIELD_MODIFIER',	'BUILDING_IS_MARKET'),
	('REYNA_BANK_PERCENTAGE_BOOST',						'MODIFIER_SINGLE_CITY_ADJUST_CITY_YIELD_MODIFIER',	'BUILDING_IS_BANK'),
	('REYNA_STOCK_EXCHANGE_PERCENTAGE_BOOST',			'MODIFIER_SINGLE_CITY_ADJUST_CITY_YIELD_MODIFIER',	'BUILDING_IS_STOCK_EXCHANGE'),
	('REYNA_LIGHTHOUSE_PERCENTAGE_BOOST',				'MODIFIER_SINGLE_CITY_ADJUST_CITY_YIELD_MODIFIER',	'BUILDING_IS_LIGHTHOUSE'),
	('REYNA_SHIPYARD_PERCENTAGE_BOOST',					'MODIFIER_SINGLE_CITY_ADJUST_CITY_YIELD_MODIFIER',	'BUILDING_IS_SHIPYARD'),
	('REYNA_SEAPORT_PERCENTAGE_BOOST',					'MODIFIER_SINGLE_CITY_ADJUST_CITY_YIELD_MODIFIER',	'BUILDING_IS_SEAPORT');

insert or replace into ModifierArguments
	(ModifierId,										Name,												Value)
values
-- 地产商人
	('REAL_ESTATE_DEVELOPER_DISTRICT',					'YieldType',										'YIELD_GOLD'),
	('REAL_ESTATE_DEVELOPER_DISTRICT',					'Amount',											3),
-- 金融中心
	('REYNA_MARKET',									'ModifierId',										'REYNA_MARKET_PERCENTAGE_BOOST'),
	('REYNA_BANK',										'ModifierId',										'REYNA_BANK_PERCENTAGE_BOOST'),
	('REYNA_STOCK',										'ModifierId',										'REYNA_STOCK_EXCHANGE_PERCENTAGE_BOOST'),
	('REYNA_LIGHTHOUSE',								'ModifierId',										'REYNA_LIGHTHOUSE_PERCENTAGE_BOOST'),
	('REYNA_SHIPYARD',									'ModifierId',										'REYNA_SHIPYARD_PERCENTAGE_BOOST'),
	('REYNA_SEAPORT',									'ModifierId',										'REYNA_SEAPORT_PERCENTAGE_BOOST'),
	('REYNA_MARKET_PERCENTAGE_BOOST',					'YieldType',										'YIELD_GOLD'),
	('REYNA_MARKET_PERCENTAGE_BOOST',					'Amount',											10),
	('REYNA_BANK_PERCENTAGE_BOOST',						'YieldType',										'YIELD_GOLD'),
	('REYNA_BANK_PERCENTAGE_BOOST',						'Amount',											10),
	('REYNA_STOCK_EXCHANGE_PERCENTAGE_BOOST',			'YieldType',										'YIELD_GOLD'),
	('REYNA_STOCK_EXCHANGE_PERCENTAGE_BOOST',			'Amount',											10),
	('REYNA_LIGHTHOUSE_PERCENTAGE_BOOST',				'YieldType',										'YIELD_GOLD'),
	('REYNA_LIGHTHOUSE_PERCENTAGE_BOOST',				'Amount',											10),
	('REYNA_SHIPYARD_PERCENTAGE_BOOST',					'YieldType',										'YIELD_GOLD'),
	('REYNA_SHIPYARD_PERCENTAGE_BOOST',					'Amount',											10),
	('REYNA_SEAPORT_PERCENTAGE_BOOST',					'YieldType',										'YIELD_GOLD'),
	('REYNA_SEAPORT_PERCENTAGE_BOOST',					'Amount',											10);

-- 调整效果
-- 税务员
update ModifierArguments set Value = 4 where ModifierId = 'TAX_COLLECTOR_ADJUST_CITIZEN_GPT' and Name = 'Amount';
-- 港务局长
update ModifierArguments set Value = 150 where ModifierId = 'HARBORMASTER_BONUS_COMMERCIAL_HUB_ADJACENCY' and Name = 'Amount';
update ModifierArguments set Value = 150 where ModifierId = 'HARBORMASTER_BONUS_HARBOR_ADJACENCY' and Name = 'Amount';

-- 林业管理
update ModifierArguments set Value = 4 where ModifierId = 'FORESTRY_MANAGEMENT_FEATURE_NO_IMPROVEMENT_GOLD' and Name = 'Amount';

-----------------------------------------------------------------------------------------------------------------------------------

--Victor
--delete from GovernorPromotions where GovernorPromotionType = 'GOVERNOR_PROMOTION_DEFENSE_LOGISTICS';
delete from GovernorPromotions where GovernorPromotionType = 'GOVERNOR_PROMOTION_AIR_DEFENSE_INITIATIVE';

insert or replace into GovernorPromotions
	(GovernorPromotionType,Name,Description,Level,Column,BaseAbility)
values
	('GOVERNOR_PROMOTION_REDOUBT','LOC_GOVERNOR_PROMOTION_REDOUBT_NAME',
'LOC_GOVERNOR_PROMOTION_REDOUBT_DESCRIPTION',0,1,1),
	('GOVERNOR_PROMOTION_DEFENSE_LOGISTICS','LOC_GOVERNOR_PROMOTION_DEFENSE_LOGISTICS_NAME',
'LOC_GOVERNOR_PROMOTION_DEFENSE_LOGISTICS_DESCRIPTION',1,2,0),
	('GOVERNOR_PROMOTION_EMBRASURE','LOC_GOVERNOR_PROMOTION_EMBRASURE_NAME',
'LOC_GOVERNOR_PROMOTION_EMBRASURE_DESCRIPTION',2,0,0),
	('GOVERNOR_PROMOTION_CONSCRIPTION','LOC_GOVERNOR_PROMOTION_CONSCRIPTION_NAME',
'LOC_GOVERNOR_PROMOTION_CONSCRIPTION_DESCRIPTION',2,2,0),
	('GOVERNOR_PROMOTION_GARRISON_COMMANDER','LOC_GOVERNOR_PROMOTION_GARRISON_COMMANDER_NAME',
'LOC_GOVERNOR_PROMOTION_GARRISON_COMMANDER_DESCRIPTION',1,0,0),
	('GOVERNOR_PROMOTION_EDUCATOR_ARMS_RACE_PROPONENT','LOC_GOVERNOR_PROMOTION_EDUCATOR_ARMS_RACE_PROPONENT_NAME',
'LOC_GOVERNOR_PROMOTION_EDUCATOR_ARMS_RACE_PROPONENT_DESCRIPTION',3,1,0)
	;
--level 0 promotion GOVERNOR_PROMOTION_REDOUBT
insert or replace into GovernorPromotionModifiers (GovernorPromotionType,ModifierId) values
	('GOVERNOR_PROMOTION_REDOUBT','DEFENDER_ADJUST_CITY_DEFENSE_STRENGTH'),
	('GOVERNOR_PROMOTION_REDOUBT','PRESTIGE_IDENTITY_PRESSURE_TO_DOMESTIC_CITIES');

--level 1 promotion GOVERNOR_PROMOTION_GARRISON_COMMANDER
delete from GovernorPromotionModifiers where ModifierId = 'PRESTIGE_IDENTITY_PRESSURE_TO_DOMESTIC_CITIES' and GovernorPromotionType = 'GOVERNOR_PROMOTION_GARRISON_COMMANDER';
insert or replace into GovernorPromotionModifiers (GovernorPromotionType,ModifierId) values
	('GOVERNOR_PROMOTION_GARRISON_COMMANDER','GARRISON_COMMANDER_ADJUST_CITY_COMBAT_BONUS'),
	('GOVERNOR_PROMOTION_GARRISON_COMMANDER','DEFENSE_LOGISTICS_SIEGE_PROTECTION');

--level 1 promotion GOVERNOR_PROMOTION_DEFENSE_LOGISTICS
insert or replace into GovernorPromotionModifiers (GovernorPromotionType,ModifierId) values
	('GOVERNOR_PROMOTION_DEFENSE_LOGISTICS','DEFENSE_LOGISTICS_BONUS_STRATEGICS'),
	('GOVERNOR_PROMOTION_DEFENSE_LOGISTICS','BLACK_MARKETEER_STRATEGIC_RESOURCE_COST_DISCOUNT');
update ModifierArguments set Value = 60 where ModifierId = 'BLACK_MARKETEER_STRATEGIC_RESOURCE_COST_DISCOUNT';

--level 2 promotion GOVERNOR_PROMOTION_EMBRASURE
delete from GovernorPromotionModifiers where ModifierId = 'CITY_DEFENDER_FREE_PROMOTIONS';
insert or replace into GovernorPromotionModifiers (GovernorPromotionType,ModifierId) values
	('GOVERNOR_PROMOTION_EMBRASURE','CITY_DEFENDER_ADJUST_ATTACKS_PER_TURN'),
	('GOVERNOR_PROMOTION_EMBRASURE','EMBRASURE_MILLITARY_ENGINEER_CHARGES'),
	('GOVERNOR_PROMOTION_EMBRASURE','EMBRASURE_ADJUST_MILITARY_ENGINEER_PRODUCTION_MODIFIER'),
	('GOVERNOR_PROMOTION_EMBRASURE','EMBRASURE_ADJUST_MILITARY_ENGINEER_PRODUCTION');

insert or replace into Modifiers	
	(ModifierId,												ModifierType,							SubjectRequirementSetId)
values
	('EMBRASURE_MILLITARY_ENGINEER_CHARGES',					'MODIFIER_SINGLE_CITY_BUILDER_CHARGES','UNIT_IS_MILITARY_ENGINEER'),
	--('EMBRASURE_ADJUST_MILITARY_ENGINEER_PRODUCTION_MODIFIER',	'MODIFIER_PLAYER_UNITS_ADJUST_UNIT_PRODUCTION',NULL),
	('EMBRASURE_ADJUST_MILITARY_ENGINEER_PRODUCTION',			'MODIFIER_SINGLE_CITY_ATTACH_MODIFIER',NULL);

insert or replace into ModifierArguments
	(ModifierId,										Name,		Value)
values
	('EMBRASURE_MILLITARY_ENGINEER_CHARGES',			'Amount',	2),
	('EMBRASURE_ADJUST_MILITARY_ENGINEER_PRODUCTION',	'ModifierId','TRAIT_ADJUST_MILITARY_ENGINEER_PRODUCTION');

--level 2 promotion GOVERNOR_PROMOTION_CONSCRIPTION
insert or replace into GovernorPromotionModifiers (GovernorPromotionType,ModifierId) values
	('GOVERNOR_PROMOTION_CONSCRIPTION','CITY_DEFENDER_FREE_PROMOTIONS'),
	('GOVERNOR_PROMOTION_CONSCRIPTION','VICTOR_TRAINED_EXP'),
	('GOVERNOR_PROMOTION_CONSCRIPTION','VICTOR_TRAINED_EXP_MODIFIER'),
	('GOVERNOR_PROMOTION_CONSCRIPTION','CONSCRIPTION_GRANTS_UNIT_ABILITY'),
	('GOVERNOR_PROMOTION_CONSCRIPTION','CONSCRIPTION_GRANTS_UNIT_ABILITY_MODIFIER');

insert or replace into Modifiers	
	(ModifierId,									ModifierType,						Permanent)
values
	('VICTOR_TRAINED_EXP',							'MODIFIER_SINGLE_CITY_ATTACH_MODIFIER',1),
	('VICTOR_TRAINED_EXP_MODIFIER',					'MODIFIER_SINGLE_CITY_GRANT_ABILITY_FOR_TRAINED_UNITS',1),
	('CONSCRIPTION_GRANTS_UNIT_ABILITY',			'MODIFIER_SINGLE_CITY_ATTACH_MODIFIER',1),
	('CONSCRIPTION_GRANTS_UNIT_ABILITY_MODIFIER',	'MODIFIER_SINGLE_CITY_GRANT_ABILITY_FOR_TRAINED_UNITS',1);

insert or replace into ModifierArguments
	(ModifierId,									Name,			Value)
values
	('VICTOR_TRAINED_EXP',							'ModifierId',	'VICTOR_TRAINED_EXP_MODIFIER'),
	('VICTOR_TRAINED_EXP_MODIFIER',					'AbilityType',	'ABILITY_VICTOR_TRAINED_UNIT_EXP'),
	('CONSCRIPTION_GRANTS_UNIT_ABILITY',			'ModifierId',	'CONSCRIPTION_GRANTS_UNIT_ABILITY_MODIFIER'),
	('CONSCRIPTION_GRANTS_UNIT_ABILITY_MODIFIER',	'AbilityType',	'ABILITY_VICTOR_TRAINED_UNIT_STRENGTH');

--level 3 promotion GOVERNOR_PROMOTION_EDUCATOR_ARMS_RACE_PROPONENT
update ModifierArguments set value = 100 where ModifierId = 'EDUCATOR_FASTER_MANHATTAN_PROJECT_RESEARCH' and Name = 'Amount';
update ModifierArguments set value = 100 where ModifierId = 'EDUCATOR_FASTER_OPERATION_IVY_RESEARCH' and Name = 'Amount';	
update ModifierArguments set value = 100 where ModifierId = 'EDUCATOR_FASTER_NUCLEAR_DEVICE_PRODUCTION' and Name = 'Amount';
update ModifierArguments set value = 100 where ModifierId = 'EDUCATOR_FASTER_THERMONUCLEAR_DEVICE_PRODUCTION' and Name = 'Amount';	

insert or replace into GovernorPromotionModifiers (GovernorPromotionType,ModifierId) values
	('GOVERNOR_PROMOTION_EDUCATOR_ARMS_RACE_PROPONENT',	'EDUCATOR_FASTER_MANHATTAN_PROJECT_RESEARCH'),
	('GOVERNOR_PROMOTION_EDUCATOR_ARMS_RACE_PROPONENT',	'EDUCATOR_FASTER_OPERATION_IVY_RESEARCH'),
	('GOVERNOR_PROMOTION_EDUCATOR_ARMS_RACE_PROPONENT',	'EDUCATOR_FASTER_NUCLEAR_DEVICE_PRODUCTION'),
	('GOVERNOR_PROMOTION_EDUCATOR_ARMS_RACE_PROPONENT',	'EDUCATOR_FASTER_THERMONUCLEAR_DEVICE_PRODUCTION'),
	('GOVERNOR_PROMOTION_EDUCATOR_ARMS_RACE_PROPONENT',	'VICTOR_AIR_UNITS_PRODUCTION'),
	('GOVERNOR_PROMOTION_EDUCATOR_ARMS_RACE_PROPONENT',	'VICTOR_LAND_UNITS_PRODUCTION'),
	('GOVERNOR_PROMOTION_EDUCATOR_ARMS_RACE_PROPONENT',	'VICTOR_SEA_UNITS_PRODUCTION'),
	--('GOVERNOR_PROMOTION_EDUCATOR_ARMS_RACE_PROPONENT',	'VICTOR_AIR_FIGHTER_PRODUCTION'),
	--('GOVERNOR_PROMOTION_EDUCATOR_ARMS_RACE_PROPONENT',	'VICTOR_AIR_BOMBER_PRODUCTION'),
	('GOVERNOR_PROMOTION_EDUCATOR_ARMS_RACE_PROPONENT',	'VICTOR_GDR_PRODUCTION');
	--('GOVERNOR_PROMOTION_EDUCATOR_ARMS_RACE_PROPONENT',	'VICTOR_ALL_MILLITARY_UNITS_PRODUCTION');


insert or replace into Modifiers	
	(ModifierId,									ModifierType)
values
	('VICTOR_AIR_UNITS_PRODUCTION',					'MODIFIER_CITY_ADJUST_UNIT_DOMAIN_PRODUCTION'),
	('VICTOR_LAND_UNITS_PRODUCTION',				'MODIFIER_CITY_ADJUST_UNIT_DOMAIN_PRODUCTION'),
	('VICTOR_SEA_UNITS_PRODUCTION',					'MODIFIER_CITY_ADJUST_UNIT_DOMAIN_PRODUCTION'),
	--('VICTOR_AIR_FIGHTER_PRODUCTION',				'MODIFIER_SINGLE_CITY_ADJUST_UNIT_TAG_ERA_PRODUCTION'),
	--('VICTOR_AIR_BOMBER_PRODUCTION',				'MODIFIER_SINGLE_CITY_ADJUST_UNIT_TAG_ERA_PRODUCTION'),
	('VICTOR_GDR_PRODUCTION',						'MODIFIER_SINGLE_CITY_ADJUST_UNIT_TAG_ERA_PRODUCTION');
	--('VICTOR_ALL_MILLITARY_UNITS_PRODUCTION',		'MODIFIER_SINGLE_CITY_ADJUST_UNIT_TAG_ERA_PRODUCTION');

insert or replace into ModifierArguments
	(ModifierId,								Name,					Value)
values
	('VICTOR_AIR_UNITS_PRODUCTION',				'Domain',				'DOMAIN_AIR'),
	('VICTOR_AIR_UNITS_PRODUCTION',				'Amount',				100),
	('VICTOR_LAND_UNITS_PRODUCTION',			'Domain',				'DOMAIN_LAND'),
	('VICTOR_LAND_UNITS_PRODUCTION',			'Amount',				50),
	('VICTOR_SEA_UNITS_PRODUCTION',				'Domain',				'DOMAIN_SEA'),
	('VICTOR_SEA_UNITS_PRODUCTION',				'Amount',				50),
	('VICTOR_GDR_PRODUCTION',					'UnitPromotionClass',	'PROMOTION_CLASS_GIANT_DEATH_ROBOT'),
	('VICTOR_GDR_PRODUCTION',					'EraType',				'ERA_INFORMATION'),
	('VICTOR_GDR_PRODUCTION',					'Amount',				50);
	-- ('VICTOR_AIR_BOMBER_PRODUCTION',			'UnitPromotionClass',	'PROMOTION_CLASS_AIR_BOMBER',-1),
	-- ('VICTOR_AIR_BOMBER_PRODUCTION',			'EraType',				'ERA_INFORMATION',-1),
	-- ('VICTOR_AIR_BOMBER_PRODUCTION',			'Amount',				50,-1),
	-- ('VICTOR_AIR_FIGHTER_PRODUCTION',			'UnitPromotionClass',	'PROMOTION_CLASS_AIR_FIGHTER',-1),
	-- ('VICTOR_AIR_FIGHTER_PRODUCTION',			'EraType',				'ERA_INFORMATION',-1),
	-- ('VICTOR_AIR_FIGHTER_PRODUCTION',			'Amount',				50,-1),
	-- ('VICTOR_ALL_MILLITARY_UNITS_PRODUCTION',	'UnitPromotionClass',	'PROMOTION_CLASS_ALL_MILLITARY_UNITS',-1),
	-- ('VICTOR_ALL_MILLITARY_UNITS_PRODUCTION',	'EraType',				'ERA_INFORMATION',-1),
	-- ('VICTOR_ALL_MILLITARY_UNITS_PRODUCTION',	'Amount',				50,-1);

insert or replace into GovernorPromotionSets
	(GovernorType,				GovernorPromotion)
values
	('GOVERNOR_THE_DEFENDER',	'GOVERNOR_PROMOTION_REDOUBT'),
	('GOVERNOR_THE_DEFENDER',	'GOVERNOR_PROMOTION_EMBRASURE'),
	('GOVERNOR_THE_DEFENDER',	'GOVERNOR_PROMOTION_CONSCRIPTION'),
	('GOVERNOR_THE_DEFENDER',	'GOVERNOR_PROMOTION_EDUCATOR_ARMS_RACE_PROPONENT'),
	('GOVERNOR_THE_DEFENDER',	'GOVERNOR_PROMOTION_DEFENSE_LOGISTICS'),
	('GOVERNOR_THE_DEFENDER',	'GOVERNOR_PROMOTION_GARRISON_COMMANDER');

insert or replace into Types (Type,Kind) values
	('GOVERNOR_PROMOTION_DEFENSE_LOGISTICS','KIND_GOVERNOR_PROMOTION'),
	('GOVERNOR_PROMOTION_CONSCRIPTION','KIND_GOVERNOR_PROMOTION');

insert or replace into GovernorPromotionPrereqs
	(GovernorPromotionType,						PrereqGovernorPromotion)
values
	('GOVERNOR_PROMOTION_DEFENSE_LOGISTICS',	'GOVERNOR_PROMOTION_REDOUBT'),
	('GOVERNOR_PROMOTION_GARRISON_COMMANDER',	'GOVERNOR_PROMOTION_REDOUBT'),
	('GOVERNOR_PROMOTION_EMBRASURE',			'GOVERNOR_PROMOTION_GARRISON_COMMANDER'),
	('GOVERNOR_PROMOTION_CONSCRIPTION',			'GOVERNOR_PROMOTION_DEFENSE_LOGISTICS'),
	('GOVERNOR_PROMOTION_EDUCATOR_ARMS_RACE_PROPONENT','GOVERNOR_PROMOTION_EMBRASURE'),
	('GOVERNOR_PROMOTION_EDUCATOR_ARMS_RACE_PROPONENT','GOVERNOR_PROMOTION_CONSCRIPTION');
