-------------------------------------
--      Governors Adjustments      --
-------------------------------------
-----------------------------------------------------------------------------------------------------------------------------------

-- Magnus
-- 调整顺序
update GovernorPromotions set Level = 1, column = 2, BaseAbility = 0 where GovernorPromotionType = 'GOVERNOR_PROMOTION_RESOURCE_MANAGER_GROUNDBREAKER';
update GovernorPromotions set Level = 0, column = 1, BaseAbility = 1 where GovernorPromotionType = 'GOVERNOR_PROMOTION_RESOURCE_MANAGER_EXPEDITION';
update GovernorPromotions set Level = 2, column = 1, BaseAbility = 0 where GovernorPromotionType = 'GOVERNOR_PROMOTION_RESOURCE_MANAGER_BLACK_MARKETEER';
update GovernorPromotions set Level = 3, column = 0, BaseAbility = 0 where GovernorPromotionType = 'GOVERNOR_PROMOTION_RESOURCE_MANAGER_INDUSTRIALIST';
update GovernorPromotions set Level = 3, column = 2, BaseAbility = 0 where GovernorPromotionType = 'GOVERNOR_PROMOTION_RESOURCE_MANAGER_VERTICAL_INTEGRATION';

update GovernorPromotionPrereqs set PrereqGovernorPromotion = 'GOVERNOR_PROMOTION_RESOURCE_MANAGER_EXPEDITION'
	where GovernorPromotionType = 'GOVERNOR_PROMOTION_RESOURCE_MANAGER_SURPLUS_LOGISTICS';
update GovernorPromotionPrereqs set PrereqGovernorPromotion = 'GOVERNOR_PROMOTION_RESOURCE_MANAGER_GROUNDBREAKER'
	where GovernorPromotionType = 'GOVERNOR_PROMOTION_RESOURCE_MANAGER_BLACK_MARKETEER';
update GovernorPromotionPrereqs set
	GovernorPromotionType = 'GOVERNOR_PROMOTION_RESOURCE_MANAGER_GROUNDBREAKER',
	PrereqGovernorPromotion = 'GOVERNOR_PROMOTION_RESOURCE_MANAGER_EXPEDITION'
	where GovernorPromotionType = 'GOVERNOR_PROMOTION_RESOURCE_MANAGER_EXPEDITION'
	and PrereqGovernorPromotion = 'GOVERNOR_PROMOTION_RESOURCE_MANAGER_GROUNDBREAKER';

delete from GovernorPromotionPrereqs where GovernorPromotionType = 'GOVERNOR_PROMOTION_RESOURCE_MANAGER_INDUSTRIALIST';

insert or replace into GovernorPromotionPrereqs	(GovernorPromotionType, 			PrereqGovernorPromotion) values
	('GOVERNOR_PROMOTION_RESOURCE_MANAGER_BLACK_MARKETEER',	'GOVERNOR_PROMOTION_RESOURCE_MANAGER_SURPLUS_LOGISTICS'),
	('GOVERNOR_PROMOTION_RESOURCE_MANAGER_INDUSTRIALIST',	'GOVERNOR_PROMOTION_RESOURCE_MANAGER_BLACK_MARKETEER');

delete from GovernorPromotionSets where GovernorType = 'GOVERNOR_THE_RESOURCE_MANAGER';
insert or replace into GovernorPromotionSets (GovernorType, GovernorPromotion) values
	('GOVERNOR_THE_RESOURCE_MANAGER', 	'GOVERNOR_PROMOTION_RESOURCE_MANAGER_EXPEDITION'),
	('GOVERNOR_THE_RESOURCE_MANAGER', 	'GOVERNOR_PROMOTION_RESOURCE_MANAGER_SURPLUS_LOGISTICS'),
	('GOVERNOR_THE_RESOURCE_MANAGER', 	'GOVERNOR_PROMOTION_RESOURCE_MANAGER_GROUNDBREAKER'),
	('GOVERNOR_THE_RESOURCE_MANAGER', 	'GOVERNOR_PROMOTION_RESOURCE_MANAGER_BLACK_MARKETEER'),
	('GOVERNOR_THE_RESOURCE_MANAGER', 	'GOVERNOR_PROMOTION_RESOURCE_MANAGER_INDUSTRIALIST'),
	('GOVERNOR_THE_RESOURCE_MANAGER', 	'GOVERNOR_PROMOTION_RESOURCE_MANAGER_VERTICAL_INTEGRATION');

-- 删除原效果
delete from GovernorPromotionModifiers where GovernorPromotionType = 'GOVERNOR_PROMOTION_RESOURCE_MANAGER_GROUNDBREAKER';
-- delete from GovernorPromotionModifiers where GovernorPromotionType = 'GOVERNOR_PROMOTION_RESOURCE_MANAGER_SURPLUS_LOGISTICS';
delete from GovernorPromotionModifiers where GovernorPromotionType = 'GOVERNOR_PROMOTION_RESOURCE_MANAGER_BLACK_MARKETEER';

-- update ModifierArguments set Value = 30 where ModifierId = 'SURPLUS_LOGISTICS_EXTRA_GROWTH' and Name = 'Amount';
update ModifierArguments set Value = 5 where ModifierId = 'SURPLUS_LOGISTICS_TRADE_ROUTE_FOOD' and Name = 'Amount';

-- 新增效果
insert or replace into GovernorPromotionModifiers
	(GovernorPromotionType,											ModifierId)
values
	-- ('GOVERNOR_PROMOTION_RESOURCE_MANAGER_GROUNDBREAKER',			'MAGNUS_WONDERS_BOOST'),
	('GOVERNOR_PROMOTION_RESOURCE_MANAGER_GROUNDBREAKER',			'MAGNUS_EXTRA_DISTRICT'),
	('GOVERNOR_PROMOTION_RESOURCE_MANAGER_GROUNDBREAKER',			'MAGNUS_FASTER_DISTRICT_CONSTRUCTION'),
	('GOVERNOR_PROMOTION_RESOURCE_MANAGER_GROUNDBREAKER',			'MAGNUS_FASTER_BUILDING_CONSTRUCTION'),
	-- ('GOVERNOR_PROMOTION_RESOURCE_MANAGER_SURPLUS_LOGISTICS',		'SURPLUS_LOGISTICS_TRADE_ROUTE_GOLD'),
	('GOVERNOR_PROMOTION_RESOURCE_MANAGER_BLACK_MARKETEER',			'MAGNUS_ADJUST_CITY_YIELD'),
	('GOVERNOR_PROMOTION_RESOURCE_MANAGER_VERTICAL_INTEGRATION',	'VERTICAL_INTEGRATION_FOOD_REGIONAL_STACKING'),
	('GOVERNOR_PROMOTION_RESOURCE_MANAGER_VERTICAL_INTEGRATION',	'VERTICAL_INTEGRATION_GOLD_REGIONAL_STACKING'),
	('GOVERNOR_PROMOTION_RESOURCE_MANAGER_VERTICAL_INTEGRATION',	'VERTICAL_INTEGRATION_SCIENCE_REGIONAL_STACKING'),
	('GOVERNOR_PROMOTION_RESOURCE_MANAGER_VERTICAL_INTEGRATION',	'VERTICAL_INTEGRATION_CULTURE_REGIONAL_STACKING'),
	('GOVERNOR_PROMOTION_RESOURCE_MANAGER_VERTICAL_INTEGRATION',	'VERTICAL_INTEGRATION_FAITH_REGIONAL_STACKING');

insert or replace into Modifiers
	(ModifierId,													ModifierType)
values
	-- ('MAGNUS_WONDERS_BOOST',										'MODIFIER_SINGLE_CITY_ADJUST_WONDER_PRODUCTION'),
	('MAGNUS_EXTRA_DISTRICT',										'MODIFIER_SINGLE_CITY_EXTRA_DISTRICT'),
	('MAGNUS_FASTER_DISTRICT_CONSTRUCTION',							'MODIFIER_CITY_INCREASE_DISTRICT_PRODUCTION_RATE'),
	('MAGNUS_FASTER_BUILDING_CONSTRUCTION',							'MODIFIER_SINGLE_CITY_ADJUST_ALLBUILDING_PRODUCTION_MODIFIER'),
	-- ('SURPLUS_LOGISTICS_TRADE_ROUTE_GOLD',							'MODIFIER_SINGLE_CITY_ADJUST_TRADE_ROUTE_YIELD_FROM_OTHERS'),
	('MAGNUS_ADJUST_CITY_YIELD',									'MODIFIER_SINGLE_CITY_ADJUST_CITY_YIELD_MODIFIER'),
	('VERTICAL_INTEGRATION_FOOD_REGIONAL_STACKING',					'MODIFIER_CITY_ADJUST_ALLOWED_INCOMING_REGIONAL_STACKING'),
	('VERTICAL_INTEGRATION_GOLD_REGIONAL_STACKING',					'MODIFIER_CITY_ADJUST_ALLOWED_INCOMING_REGIONAL_STACKING'),
	('VERTICAL_INTEGRATION_SCIENCE_REGIONAL_STACKING',				'MODIFIER_CITY_ADJUST_ALLOWED_INCOMING_REGIONAL_STACKING'),
	('VERTICAL_INTEGRATION_CULTURE_REGIONAL_STACKING',				'MODIFIER_CITY_ADJUST_ALLOWED_INCOMING_REGIONAL_STACKING'),
	('VERTICAL_INTEGRATION_FAITH_REGIONAL_STACKING',				'MODIFIER_CITY_ADJUST_ALLOWED_INCOMING_REGIONAL_STACKING');

insert or replace into ModifierArguments
	(ModifierId,													Name,														Value)
values
	-- ('MAGNUS_WONDERS_BOOST',										'Amount',													20),
	('MAGNUS_EXTRA_DISTRICT',										'Amount',													1),
	('MAGNUS_FASTER_DISTRICT_CONSTRUCTION',							'Amount',													50),
	('MAGNUS_FASTER_BUILDING_CONSTRUCTION',							'Amount',													50),
	('MAGNUS_FASTER_BUILDING_CONSTRUCTION',							'IsWonder',													0),
	-- ('SURPLUS_LOGISTICS_TRADE_ROUTE_GOLD',							'YieldType',												'YIELD_GOLD'),
	-- ('SURPLUS_LOGISTICS_TRADE_ROUTE_GOLD',							'Amount',													4),
	-- ('SURPLUS_LOGISTICS_TRADE_ROUTE_GOLD',							'Domestic',													1),
	('MAGNUS_ADJUST_CITY_YIELD',									'YieldType',												'YIELD_FOOD, YIELD_PRODUCTION'),
	('MAGNUS_ADJUST_CITY_YIELD',									'Amount',													'15,15'),
	('VERTICAL_INTEGRATION_FOOD_REGIONAL_STACKING',					'YieldType',												'YIELD_FOOD'),
	('VERTICAL_INTEGRATION_GOLD_REGIONAL_STACKING',					'YieldType',												'YIELD_GOLD'),
	('VERTICAL_INTEGRATION_SCIENCE_REGIONAL_STACKING',				'YieldType',												'YIELD_SCIENCE'),
	('VERTICAL_INTEGRATION_CULTURE_REGIONAL_STACKING',				'YieldType',												'YIELD_CULTURE'),
	('VERTICAL_INTEGRATION_FAITH_REGIONAL_STACKING',				'YieldType',												'YIELD_FAITH');

-----------------------------------------------------------------------------------------------------------------------------------

-- Reyna
-- 删除原效果
-- 土地征用
delete from GovernorPromotionModifiers where ModifierId = 'LAND_ACQUISITION_FASTER_PLOT_ANNEXING';
delete from GovernorPromotionModifiers where ModifierId = 'FOREIGN_EXCHANGE_GOLD_FROM_FOREIGN_TRADE_PASSING_THROUGH';
-- 发包人
delete from GovernorPromotionModifiers where ModifierId = 'CONTRACTOR_ENABLE_DISTRICT_PURCHASE';

-- 新增效果
-- 单城区域产出
-- insert or replace into Types
-- 	(Type,												Kind)
-- values
-- 	('MODIFIER_REYNA_ADJUST_DISTRICTS_YIELD_CHANGE',	'KIND_MODIFIER');
-- insert or replace into DynamicModifiers
-- 	(ModifierType,										CollectionType,										EffectType)
-- values
-- 	('MODIFIER_REYNA_ADJUST_DISTRICTS_YIELD_CHANGE',	'COLLECTION_CITY_DISTRICTS',						'EFFECT_ADJUST_DISTRICT_YIELD_CHANGE');

insert or replace into GovernorPromotionModifiers
	(GovernorPromotionType,								ModifierId)
values
-- 地产商人
	('GOVERNOR_PROMOTION_MERCHANT_LAND_ACQUISITION',	'REAL_ESTATE_DEVELOPER_DISTRICT'),
	('GOVERNOR_PROMOTION_MERCHANT_LAND_ACQUISITION',	'REAL_ESTATE_DEVELOPER_IMPROVEMENT'),
-- 金融中心
	('GOVERNOR_PROMOTION_MERCHANT_CONTRACTOR',			'REYNA_MARKET_PERCENTAGE_BOOST'),
	('GOVERNOR_PROMOTION_MERCHANT_CONTRACTOR',			'REYNA_BANK_PERCENTAGE_BOOST'),
	('GOVERNOR_PROMOTION_MERCHANT_CONTRACTOR',			'REYNA_STOCK_EXCHANGE_PERCENTAGE_BOOST'),
	('GOVERNOR_PROMOTION_MERCHANT_CONTRACTOR',			'REYNA_LIGHTHOUSE_PERCENTAGE_BOOST'),
	('GOVERNOR_PROMOTION_MERCHANT_CONTRACTOR',			'REYNA_SHIPYARD_PERCENTAGE_BOOST'),
	('GOVERNOR_PROMOTION_MERCHANT_CONTRACTOR',			'REYNA_SEAPORT_PERCENTAGE_BOOST');

insert or replace into Modifiers
	(ModifierId,										ModifierType,										SubjectRequirementSetId)
values
-- 地产商人
	('REAL_ESTATE_DEVELOPER_DISTRICT',					'MODIFIER_REYNA_ADJUST_DISTRICTS_YIELD_CHANGE',		Null),
	('REAL_ESTATE_DEVELOPER_IMPROVEMENT',				'MODIFIER_CITY_PLOT_YIELDS_ADJUST_PLOT_YIELD',		'PLOT_IS_IMPROVED'),
-- 金融中心
	('REYNA_MARKET',									'MODIFIER_SINGLE_CITY_ATTACH_MODIFIER',				Null),
	('REYNA_BANK',										'MODIFIER_SINGLE_CITY_ATTACH_MODIFIER',				Null),
	('REYNA_STOCK',										'MODIFIER_SINGLE_CITY_ATTACH_MODIFIER',				Null),
	('REYNA_LIGHTHOUSE',								'MODIFIER_SINGLE_CITY_ATTACH_MODIFIER',				Null),
	('REYNA_SHIPYARD',									'MODIFIER_SINGLE_CITY_ATTACH_MODIFIER',				Null),
	('REYNA_SEAPORT',									'MODIFIER_SINGLE_CITY_ATTACH_MODIFIER',				Null),
	('REYNA_MARKET_PERCENTAGE_BOOST',					'MODIFIER_SINGLE_CITY_ADJUST_CITY_YIELD_MODIFIER',	'BUILDING_IS_MARKET'),
	('REYNA_BANK_PERCENTAGE_BOOST',						'MODIFIER_SINGLE_CITY_ADJUST_CITY_YIELD_MODIFIER',	'BUILDING_IS_BANK'),
	('REYNA_STOCK_EXCHANGE_PERCENTAGE_BOOST',			'MODIFIER_SINGLE_CITY_ADJUST_CITY_YIELD_MODIFIER',	'BUILDING_IS_STOCK_EXCHANGE'),
	('REYNA_LIGHTHOUSE_PERCENTAGE_BOOST',				'MODIFIER_SINGLE_CITY_ADJUST_CITY_YIELD_MODIFIER',	'BUILDING_IS_LIGHTHOUSE'),
	('REYNA_SHIPYARD_PERCENTAGE_BOOST',					'MODIFIER_SINGLE_CITY_ADJUST_CITY_YIELD_MODIFIER',	'BUILDING_IS_SHIPYARD'),
	('REYNA_SEAPORT_PERCENTAGE_BOOST',					'MODIFIER_SINGLE_CITY_ADJUST_CITY_YIELD_MODIFIER',	'BUILDING_IS_SEAPORT');

insert or replace into ModifierArguments
	(ModifierId,										Name,												Value)
values
-- 地产商人
	('REAL_ESTATE_DEVELOPER_DISTRICT',					'YieldType',										'YIELD_GOLD'),
	('REAL_ESTATE_DEVELOPER_DISTRICT',					'Amount',											3),
	('REAL_ESTATE_DEVELOPER_IMPROVEMENT',				'YieldType',										'YIELD_GOLD'),
	('REAL_ESTATE_DEVELOPER_IMPROVEMENT',				'Amount',											1),
-- 金融中心
	('REYNA_MARKET',									'ModifierId',										'REYNA_MARKET_PERCENTAGE_BOOST'),
	('REYNA_BANK',										'ModifierId',										'REYNA_BANK_PERCENTAGE_BOOST'),
	('REYNA_STOCK',										'ModifierId',										'REYNA_STOCK_EXCHANGE_PERCENTAGE_BOOST'),
	('REYNA_LIGHTHOUSE',								'ModifierId',										'REYNA_LIGHTHOUSE_PERCENTAGE_BOOST'),
	('REYNA_SHIPYARD',									'ModifierId',										'REYNA_SHIPYARD_PERCENTAGE_BOOST'),
	('REYNA_SEAPORT',									'ModifierId',										'REYNA_SEAPORT_PERCENTAGE_BOOST'),
	('REYNA_MARKET_PERCENTAGE_BOOST',					'YieldType',										'YIELD_GOLD'),
	('REYNA_MARKET_PERCENTAGE_BOOST',					'Amount',											10),
	('REYNA_BANK_PERCENTAGE_BOOST',						'YieldType',										'YIELD_GOLD'),
	('REYNA_BANK_PERCENTAGE_BOOST',						'Amount',											10),
	('REYNA_STOCK_EXCHANGE_PERCENTAGE_BOOST',			'YieldType',										'YIELD_GOLD'),
	('REYNA_STOCK_EXCHANGE_PERCENTAGE_BOOST',			'Amount',											10),
	('REYNA_LIGHTHOUSE_PERCENTAGE_BOOST',				'YieldType',										'YIELD_GOLD'),
	('REYNA_LIGHTHOUSE_PERCENTAGE_BOOST',				'Amount',											10),
	('REYNA_SHIPYARD_PERCENTAGE_BOOST',					'YieldType',										'YIELD_GOLD'),
	('REYNA_SHIPYARD_PERCENTAGE_BOOST',					'Amount',											10),
	('REYNA_SEAPORT_PERCENTAGE_BOOST',					'YieldType',										'YIELD_GOLD'),
	('REYNA_SEAPORT_PERCENTAGE_BOOST',					'Amount',											10);

-- 调整效果
-- 税务员
update ModifierArguments set Value = 4 where ModifierId = 'TAX_COLLECTOR_ADJUST_CITIZEN_GPT' and Name = 'Amount';
-- 港务局长
update ModifierArguments set Value = 150 where ModifierId = 'HARBORMASTER_BONUS_COMMERCIAL_HUB_ADJACENCY' and Name = 'Amount';
update ModifierArguments set Value = 150 where ModifierId = 'HARBORMASTER_BONUS_HARBOR_ADJACENCY' and Name = 'Amount';

-- 林业管理
update ModifierArguments set Value = 4 where ModifierId = 'FORESTRY_MANAGEMENT_FEATURE_NO_IMPROVEMENT_GOLD' and Name = 'Amount';

-----------------------------------------------------------------------------------------------------------------------------------

--Victor
--delete from GovernorPromotions where GovernorPromotionType = 'GOVERNOR_PROMOTION_DEFENSE_LOGISTICS';
delete from GovernorPromotions where GovernorPromotionType = 'GOVERNOR_PROMOTION_AIR_DEFENSE_INITIATIVE';

insert or replace into GovernorPromotions
	(GovernorPromotionType,Name,Description,Level,Column,BaseAbility)
values
	('GOVERNOR_PROMOTION_REDOUBT','LOC_GOVERNOR_PROMOTION_REDOUBT_NAME',
'LOC_GOVERNOR_PROMOTION_REDOUBT_DESCRIPTION',0,1,1),
	('GOVERNOR_PROMOTION_DEFENSE_LOGISTICS','LOC_GOVERNOR_PROMOTION_DEFENSE_LOGISTICS_NAME',
'LOC_GOVERNOR_PROMOTION_DEFENSE_LOGISTICS_DESCRIPTION',1,2,0),
	('GOVERNOR_PROMOTION_EMBRASURE','LOC_GOVERNOR_PROMOTION_EMBRASURE_NAME',
'LOC_GOVERNOR_PROMOTION_EMBRASURE_DESCRIPTION',2,0,0),
	('GOVERNOR_PROMOTION_CONSCRIPTION','LOC_GOVERNOR_PROMOTION_CONSCRIPTION_NAME',
'LOC_GOVERNOR_PROMOTION_CONSCRIPTION_DESCRIPTION',2,2,0),
	('GOVERNOR_PROMOTION_GARRISON_COMMANDER','LOC_GOVERNOR_PROMOTION_GARRISON_COMMANDER_NAME',
'LOC_GOVERNOR_PROMOTION_GARRISON_COMMANDER_DESCRIPTION',1,0,0),
	('GOVERNOR_PROMOTION_EDUCATOR_ARMS_RACE_PROPONENT','LOC_GOVERNOR_PROMOTION_EDUCATOR_ARMS_RACE_PROPONENT_NAME',
'LOC_GOVERNOR_PROMOTION_EDUCATOR_ARMS_RACE_PROPONENT_DESCRIPTION',3,1,0)
	;
--level 0 promotion GOVERNOR_PROMOTION_REDOUBT
insert or replace into GovernorPromotionModifiers (GovernorPromotionType,ModifierId) values
	('GOVERNOR_PROMOTION_REDOUBT','DEFENDER_ADJUST_CITY_DEFENSE_STRENGTH'),
	('GOVERNOR_PROMOTION_REDOUBT','PRESTIGE_IDENTITY_PRESSURE_TO_DOMESTIC_CITIES');

--level 1 promotion GOVERNOR_PROMOTION_GARRISON_COMMANDER
delete from GovernorPromotionModifiers where ModifierId = 'PRESTIGE_IDENTITY_PRESSURE_TO_DOMESTIC_CITIES' and GovernorPromotionType = 'GOVERNOR_PROMOTION_GARRISON_COMMANDER';
insert or replace into GovernorPromotionModifiers (GovernorPromotionType,ModifierId) values
	('GOVERNOR_PROMOTION_GARRISON_COMMANDER','GARRISON_COMMANDER_ADJUST_CITY_COMBAT_BONUS'),
	('GOVERNOR_PROMOTION_GARRISON_COMMANDER','DEFENSE_LOGISTICS_SIEGE_PROTECTION');

--level 1 promotion GOVERNOR_PROMOTION_DEFENSE_LOGISTICS
insert or replace into GovernorPromotionModifiers (GovernorPromotionType,ModifierId) values
	('GOVERNOR_PROMOTION_DEFENSE_LOGISTICS','DEFENSE_LOGISTICS_BONUS_STRATEGICS'),
	('GOVERNOR_PROMOTION_DEFENSE_LOGISTICS','BLACK_MARKETEER_STRATEGIC_RESOURCE_COST_DISCOUNT');
update ModifierArguments set Value = 60 where ModifierId = 'BLACK_MARKETEER_STRATEGIC_RESOURCE_COST_DISCOUNT';

--level 2 promotion GOVERNOR_PROMOTION_EMBRASURE
delete from GovernorPromotionModifiers where ModifierId = 'CITY_DEFENDER_FREE_PROMOTIONS';
insert or replace into GovernorPromotionModifiers (GovernorPromotionType,ModifierId) values
	('GOVERNOR_PROMOTION_EMBRASURE','CITY_DEFENDER_ADJUST_ATTACKS_PER_TURN'),
	('GOVERNOR_PROMOTION_EMBRASURE','EMBRASURE_MILLITARY_ENGINEER_CHARGES'),
	('GOVERNOR_PROMOTION_EMBRASURE','EMBRASURE_ADJUST_MILITARY_ENGINEER_PRODUCTION_MODIFIER'),
	('GOVERNOR_PROMOTION_EMBRASURE','EMBRASURE_ADJUST_MILITARY_ENGINEER_PRODUCTION');

insert or replace into Modifiers	
	(ModifierId,												ModifierType,							SubjectRequirementSetId)
values
	('EMBRASURE_MILLITARY_ENGINEER_CHARGES',					'MODIFIER_SINGLE_CITY_BUILDER_CHARGES','UNIT_IS_MILITARY_ENGINEER'),
	--('EMBRASURE_ADJUST_MILITARY_ENGINEER_PRODUCTION_MODIFIER',	'MODIFIER_PLAYER_UNITS_ADJUST_UNIT_PRODUCTION',NULL),
	('EMBRASURE_ADJUST_MILITARY_ENGINEER_PRODUCTION',			'MODIFIER_SINGLE_CITY_ATTACH_MODIFIER',NULL);

insert or replace into ModifierArguments
	(ModifierId,										Name,		Value)
values
	('EMBRASURE_MILLITARY_ENGINEER_CHARGES',			'Amount',	2),
	('EMBRASURE_ADJUST_MILITARY_ENGINEER_PRODUCTION',	'ModifierId','TRAIT_ADJUST_MILITARY_ENGINEER_PRODUCTION');

--level 2 promotion GOVERNOR_PROMOTION_CONSCRIPTION
insert or replace into GovernorPromotionModifiers (GovernorPromotionType,ModifierId) values
	('GOVERNOR_PROMOTION_CONSCRIPTION','CITY_DEFENDER_FREE_PROMOTIONS'),
	('GOVERNOR_PROMOTION_CONSCRIPTION','VICTOR_TRAINED_EXP'),
	('GOVERNOR_PROMOTION_CONSCRIPTION','VICTOR_TRAINED_EXP_MODIFIER'),
	('GOVERNOR_PROMOTION_CONSCRIPTION','CONSCRIPTION_GRANTS_UNIT_ABILITY'),
	('GOVERNOR_PROMOTION_CONSCRIPTION','CONSCRIPTION_GRANTS_UNIT_ABILITY_MODIFIER');

insert or replace into Modifiers	
	(ModifierId,									ModifierType,						Permanent)
values
	('VICTOR_TRAINED_EXP',							'MODIFIER_SINGLE_CITY_ATTACH_MODIFIER',1),
	('VICTOR_TRAINED_EXP_MODIFIER',					'MODIFIER_SINGLE_CITY_GRANT_ABILITY_FOR_TRAINED_UNITS',1),
	('CONSCRIPTION_GRANTS_UNIT_ABILITY',			'MODIFIER_SINGLE_CITY_ATTACH_MODIFIER',1),
	('CONSCRIPTION_GRANTS_UNIT_ABILITY_MODIFIER',	'MODIFIER_SINGLE_CITY_GRANT_ABILITY_FOR_TRAINED_UNITS',1);

insert or replace into ModifierArguments
	(ModifierId,									Name,			Value)
values
	('VICTOR_TRAINED_EXP',							'ModifierId',	'VICTOR_TRAINED_EXP_MODIFIER'),
	('VICTOR_TRAINED_EXP_MODIFIER',					'AbilityType',	'ABILITY_VICTOR_TRAINED_UNIT_EXP'),
	('CONSCRIPTION_GRANTS_UNIT_ABILITY',			'ModifierId',	'CONSCRIPTION_GRANTS_UNIT_ABILITY_MODIFIER'),
	('CONSCRIPTION_GRANTS_UNIT_ABILITY_MODIFIER',	'AbilityType',	'ABILITY_VICTOR_TRAINED_UNIT_STRENGTH');

--level 3 promotion GOVERNOR_PROMOTION_EDUCATOR_ARMS_RACE_PROPONENT
update ModifierArguments set Value = 100 where ModifierId = 'EDUCATOR_FASTER_MANHATTAN_PROJECT_RESEARCH' and Name = 'Amount';
update ModifierArguments set Value = 100 where ModifierId = 'EDUCATOR_FASTER_OPERATION_IVY_RESEARCH' and Name = 'Amount';	
update ModifierArguments set Value = 100 where ModifierId = 'EDUCATOR_FASTER_NUCLEAR_DEVICE_PRODUCTION' and Name = 'Amount';
update ModifierArguments set Value = 100 where ModifierId = 'EDUCATOR_FASTER_THERMONUCLEAR_DEVICE_PRODUCTION' and Name = 'Amount';	

insert or replace into GovernorPromotionModifiers (GovernorPromotionType,ModifierId) values
	('GOVERNOR_PROMOTION_EDUCATOR_ARMS_RACE_PROPONENT',	'EDUCATOR_FASTER_MANHATTAN_PROJECT_RESEARCH'),
	('GOVERNOR_PROMOTION_EDUCATOR_ARMS_RACE_PROPONENT',	'EDUCATOR_FASTER_OPERATION_IVY_RESEARCH'),
	('GOVERNOR_PROMOTION_EDUCATOR_ARMS_RACE_PROPONENT',	'EDUCATOR_FASTER_NUCLEAR_DEVICE_PRODUCTION'),
	('GOVERNOR_PROMOTION_EDUCATOR_ARMS_RACE_PROPONENT',	'EDUCATOR_FASTER_THERMONUCLEAR_DEVICE_PRODUCTION'),
	('GOVERNOR_PROMOTION_EDUCATOR_ARMS_RACE_PROPONENT',	'VICTOR_AIR_UNITS_PRODUCTION'),
	-- ('GOVERNOR_PROMOTION_EDUCATOR_ARMS_RACE_PROPONENT',	'VICTOR_LAND_UNITS_PRODUCTION'),
	-- ('GOVERNOR_PROMOTION_EDUCATOR_ARMS_RACE_PROPONENT',	'VICTOR_SEA_UNITS_PRODUCTION'),
	--('GOVERNOR_PROMOTION_EDUCATOR_ARMS_RACE_PROPONENT',	'VICTOR_AIR_FIGHTER_PRODUCTION'),
	--('GOVERNOR_PROMOTION_EDUCATOR_ARMS_RACE_PROPONENT',	'VICTOR_AIR_BOMBER_PRODUCTION'),
	('GOVERNOR_PROMOTION_EDUCATOR_ARMS_RACE_PROPONENT',	'VICTOR_GDR_PRODUCTION'),
	('GOVERNOR_PROMOTION_EDUCATOR_ARMS_RACE_PROPONENT',	'VICTOR_ALL_MILITARY_UNITS_PRODUCTION');


insert or replace into Modifiers	
	(ModifierId,									ModifierType)
values
	('VICTOR_AIR_UNITS_PRODUCTION',					'MODIFIER_CITY_ADJUST_UNIT_DOMAIN_PRODUCTION'),
	-- ('VICTOR_LAND_UNITS_PRODUCTION',				'MODIFIER_CITY_ADJUST_UNIT_DOMAIN_PRODUCTION'),
	-- ('VICTOR_SEA_UNITS_PRODUCTION',					'MODIFIER_CITY_ADJUST_UNIT_DOMAIN_PRODUCTION'),
	--('VICTOR_AIR_FIGHTER_PRODUCTION',				'MODIFIER_SINGLE_CITY_ADJUST_UNIT_TAG_ERA_PRODUCTION'),
	--('VICTOR_AIR_BOMBER_PRODUCTION',				'MODIFIER_SINGLE_CITY_ADJUST_UNIT_TAG_ERA_PRODUCTION'),
	('VICTOR_GDR_PRODUCTION',						'MODIFIER_SINGLE_CITY_ADJUST_UNIT_TAG_ERA_PRODUCTION'),
	('VICTOR_ALL_MILITARY_UNITS_PRODUCTION',		'MODIFIER_SINGLE_CITY_ADJUST_MILITARY_UNITS_PRODUCTION');

insert or replace into ModifierArguments
	(ModifierId,								Name,					Value)
values
	('VICTOR_AIR_UNITS_PRODUCTION',				'Domain',				'DOMAIN_AIR'),
	('VICTOR_AIR_UNITS_PRODUCTION',				'Amount',				50),
	-- ('VICTOR_LAND_UNITS_PRODUCTION',			'Domain',				'DOMAIN_LAND'),
	-- ('VICTOR_LAND_UNITS_PRODUCTION',			'Amount',				50),
	-- ('VICTOR_SEA_UNITS_PRODUCTION',				'Domain',				'DOMAIN_SEA'),
	-- ('VICTOR_SEA_UNITS_PRODUCTION',				'Amount',				50),
	('VICTOR_ALL_MILITARY_UNITS_PRODUCTION',	'Amount',				50),
	('VICTOR_GDR_PRODUCTION',					'UnitPromotionClass',	'PROMOTION_CLASS_GIANT_DEATH_ROBOT'),
	('VICTOR_GDR_PRODUCTION',					'EraType',				'ERA_INFORMATION'),
	('VICTOR_GDR_PRODUCTION',					'Amount',				50);
	-- ('VICTOR_AIR_BOMBER_PRODUCTION',			'UnitPromotionClass',	'PROMOTION_CLASS_AIR_BOMBER',-1),
	-- ('VICTOR_AIR_BOMBER_PRODUCTION',			'EraType',				'ERA_INFORMATION',-1),
	-- ('VICTOR_AIR_BOMBER_PRODUCTION',			'Amount',				50,-1),
	-- ('VICTOR_AIR_FIGHTER_PRODUCTION',			'UnitPromotionClass',	'PROMOTION_CLASS_AIR_FIGHTER',-1),
	-- ('VICTOR_AIR_FIGHTER_PRODUCTION',			'EraType',				'ERA_INFORMATION',-1),
	-- ('VICTOR_AIR_FIGHTER_PRODUCTION',			'Amount',				50,-1),
	-- ('VICTOR_ALL_MILLITARY_UNITS_PRODUCTION',	'UnitPromotionClass',	'PROMOTION_CLASS_ALL_MILLITARY_UNITS',-1),
	-- ('VICTOR_ALL_MILLITARY_UNITS_PRODUCTION',	'EraType',				'ERA_INFORMATION',-1),
	-- ('VICTOR_ALL_MILLITARY_UNITS_PRODUCTION',	'Amount',				50,-1);

insert or replace into GovernorPromotionSets
	(GovernorType,				GovernorPromotion)
values
	('GOVERNOR_THE_DEFENDER',	'GOVERNOR_PROMOTION_REDOUBT'),
	('GOVERNOR_THE_DEFENDER',	'GOVERNOR_PROMOTION_EMBRASURE'),
	('GOVERNOR_THE_DEFENDER',	'GOVERNOR_PROMOTION_CONSCRIPTION'),
	('GOVERNOR_THE_DEFENDER',	'GOVERNOR_PROMOTION_EDUCATOR_ARMS_RACE_PROPONENT'),
	('GOVERNOR_THE_DEFENDER',	'GOVERNOR_PROMOTION_DEFENSE_LOGISTICS'),
	('GOVERNOR_THE_DEFENDER',	'GOVERNOR_PROMOTION_GARRISON_COMMANDER');

insert or replace into Types (Type,Kind) values
	('GOVERNOR_PROMOTION_DEFENSE_LOGISTICS','KIND_GOVERNOR_PROMOTION'),
	('GOVERNOR_PROMOTION_CONSCRIPTION','KIND_GOVERNOR_PROMOTION');

insert or replace into GovernorPromotionPrereqs
	(GovernorPromotionType,						PrereqGovernorPromotion)
values
	('GOVERNOR_PROMOTION_DEFENSE_LOGISTICS',	'GOVERNOR_PROMOTION_REDOUBT'),
	('GOVERNOR_PROMOTION_GARRISON_COMMANDER',	'GOVERNOR_PROMOTION_REDOUBT'),
	('GOVERNOR_PROMOTION_EMBRASURE',			'GOVERNOR_PROMOTION_GARRISON_COMMANDER'),
	('GOVERNOR_PROMOTION_CONSCRIPTION',			'GOVERNOR_PROMOTION_DEFENSE_LOGISTICS'),
	('GOVERNOR_PROMOTION_EDUCATOR_ARMS_RACE_PROPONENT','GOVERNOR_PROMOTION_EMBRASURE'),
	('GOVERNOR_PROMOTION_EDUCATOR_ARMS_RACE_PROPONENT','GOVERNOR_PROMOTION_CONSCRIPTION');

-- 梁总督修改 by PineApple

update GovernorPromotionModifiers set ModifierId = 'AQUACULTURE_ADDITIONAL_PRODUCTION' where GovernorPromotionType = 'GOVERNOR_PROMOTION_AQUACULTURE';
delete from GovernorPromotionModifiers where GovernorPromotionType = 'GOVERNOR_PROMOTION_WATER_WORKS';
delete from GovernorPromotionModifiers where GovernorPromotionType = 'GOVERNOR_PROMOTION_ZONING_COMMISSIONER';

insert or replace into GovernorPromotionModifiers
	(GovernorPromotionType, 									ModifierId)
values
	('GOVERNOR_PROMOTION_BUILDER_GUILDMASTER',					'GUILDMASTER_TRAINED_BUILDER_MOVEMENT'),
	-- ('GOVERNOR_PROMOTION_ZONING_COMMISSIONER',					'ZONING_COMMISSIONER_FASTER_BUILDING_CONSTRUCTION'),
	('GOVERNOR_PROMOTION_ZONING_COMMISSIONER',					'ARCHITECTURE_MASTER_WONDERS_BOOST'),
	('GOVERNOR_PROMOTION_REINFORCED_INFRASTRUCTURE',			'REINFORCED_INFRASTRUCTURE_ENCAMPMENT_ADJACENCY'),
	('GOVERNOR_PROMOTION_REINFORCED_INFRASTRUCTURE',			'REINFORCED_INFRASTRUCTURE_HOLY_SITE_ADJACENCY'),
	('GOVERNOR_PROMOTION_REINFORCED_INFRASTRUCTURE',			'REINFORCED_INFRASTRUCTURE_CAMPUS_ADJACENCY'),
	('GOVERNOR_PROMOTION_REINFORCED_INFRASTRUCTURE',			'REINFORCED_INFRASTRUCTURE_THEATER_ADJACENCY'),
	('GOVERNOR_PROMOTION_REINFORCED_INFRASTRUCTURE',			'REINFORCED_INFRASTRUCTURE_INDUSTRIAL_ZONE_ADJACENCY'),
	('GOVERNOR_PROMOTION_REINFORCED_INFRASTRUCTURE',			'REINFORCED_INFRASTRUCTURE_COMMERCIAL_HUB_ADJACENCY'),
	('GOVERNOR_PROMOTION_REINFORCED_INFRASTRUCTURE',			'REINFORCED_INFRASTRUCTURE_HARBOR_ADJACENCY'),
	('GOVERNOR_PROMOTION_WATER_WORKS',							'WATER_WORKS_IMPROVEMENT_TOURISM'),
	('GOVERNOR_PROMOTION_WATER_WORKS',							'WATER_WORKS_NATIONAL_PARK_TOURISM');

-- 总督升级连线修改
update GovernorPromotions set column = 1 where GovernorPromotionType = 'GOVERNOR_PROMOTION_REINFORCED_INFRASTRUCTURE';
update GovernorPromotions set level = 3, column = 0 where GovernorPromotionType = 'GOVERNOR_PROMOTION_WATER_WORKS';
update GovernorPromotions set column = 2 where GovernorPromotionType = 'GOVERNOR_PROMOTION_PARKS_RECREATION';

delete from GovernorPromotionPrereqs where PrereqGovernorPromotion ='GOVERNOR_PROMOTION_WATER_WORKS';
delete from GovernorPromotionPrereqs where PrereqGovernorPromotion ='GOVERNOR_PROMOTION_AQUACULTURE';

insert or replace into GovernorPromotionPrereqs 
	(GovernorPromotionType, 									PrereqGovernorPromotion) 
values
	('GOVERNOR_PROMOTION_REINFORCED_INFRASTRUCTURE',			'GOVERNOR_PROMOTION_AQUACULTURE'),
	('GOVERNOR_PROMOTION_WATER_WORKS',							'GOVERNOR_PROMOTION_REINFORCED_INFRASTRUCTURE');

-- 工会首领: 工人额外+1速
-- insert or replace into Modifiers
-- 	(ModifierId,												ModifierType,									Permanent,		SubjectRequirementSetId)
-- values
-- 	('GUILDMASTER_ADDITIONAL_BUILDER_MOVEMENT',					'MODIFIER_SINGLE_CITY_ATTACH_MODIFIER',			0,				NULL),
-- 	('GUILDMASTER_ADDITIONAL_BUILDER_MOVEMENT_UNIT_MODIFIER',	'MODIFIER_PLAYER_UNITS_ADJUST_MOVEMENT',		1,				'UNIT_IS_BUILDER');

-- insert or replace into ModifierArguments
-- 	(ModifierId,												Name,											Value)
-- values
-- 	('GUILDMASTER_ADDITIONAL_BUILDER_MOVEMENT',					'ModifierId',									'GUILDMASTER_ADDITIONAL_BUILDER_MOVEMENT_UNIT_MODIFIER'),
-- 	('GUILDMASTER_ADDITIONAL_BUILDER_MOVEMENT_UNIT_MODIFIER',	'Amount',										1);

insert or replace into Modifiers
	(ModifierId,										ModifierType,					Permanent,	SubjectRequirementSetId)
values
	('GUILDMASTER_TRAINED_BUILDER_MOVEMENT',			'MODIFIER_SINGLE_CITY_ATTACH_MODIFIER',	1,	NULL),
	('GUILDMASTER_TRAINED_BUILDER_MOVEMENT_MODIFIER',	'MODIFIER_SINGLE_CITY_GRANT_ABILITY_FOR_TRAINED_UNITS',1,'UNIT_IS_BUILDER');

insert or replace into ModifierArguments
 	(ModifierId,										Name,			Value)
values
 	('GUILDMASTER_TRAINED_BUILDER_MOVEMENT',			'ModifierId',	'GUILDMASTER_TRAINED_BUILDER_MOVEMENT_MODIFIER'),
 	('GUILDMASTER_TRAINED_BUILDER_MOVEMENT_MODIFIER',	'AbilityType',	'ABILITY_GUILDMASTER_TRAINED_BUILDER_MOVEMENT');

-- 耕樵渔猎（原水产养殖）：改良地块+1锤
insert or replace into Modifiers
	(ModifierId,												ModifierType,									SubjectRequirementSetId)
values
	('AQUACULTURE_ADDITIONAL_PRODUCTION',						'MODIFIER_CITY_PLOT_YIELDS_ADJUST_PLOT_YIELD',	'PLOT_IS_IMPROVED');

insert or replace into ModifierArguments
	(ModifierId,												Name,											Value)
values
	('AQUACULTURE_ADDITIONAL_PRODUCTION',						'YieldType',									'YIELD_PRODUCTION'),
	('AQUACULTURE_ADDITIONAL_PRODUCTION',						'Amount',										1);

-- 规划委员：建造区域、建筑+30%面板锤
-- update Modifiers set ModifierType = 'MODIFIER_SINGLE_CITY_ADJUST_DISTRICT_PRODUCTION_MODIFIER' 
-- 	where ModifierId = 'ZONING_COMMISSIONER_FASTER_DISTRICT_CONSTRUCTION';

-- insert or replace into Modifiers
-- 	(ModifierId,												ModifierType)
-- values
-- 	('ZONING_COMMISSIONER_FASTER_BUILDING_CONSTRUCTION',		'MODIFIER_SINGLE_CITY_ADJUST_BUILDING_PRODUCTION_MODIFIER');

-- insert or replace into ModifierArguments
-- 	(ModifierId,												Name,											Value)
-- values
-- 	('ZONING_COMMISSIONER_FASTER_DISTRICT_CONSTRUCTION',		'Amount',										30),
-- 	('ZONING_COMMISSIONER_FASTER_BUILDING_CONSTRUCTION',		'Amount',										30);

--改为加速
-- update ModifierArguments set Value = 30 where ModifierId = 'ZONING_COMMISSIONER_FASTER_DISTRICT_CONSTRUCTION';
-- insert or replace into Modifiers
-- 	(ModifierId,												ModifierType)
-- values
-- 	('ZONING_COMMISSIONER_FASTER_BUILDING_CONSTRUCTION',		'MODIFIER_SINGLE_CITY_ADJUST_ALLBUILDING_PRODUCTION_MODIFIER');
-- insert or replace into ModifierArguments
--  	(ModifierId,											Name,		Value)
-- values
-- 	('ZONING_COMMISSIONER_FASTER_BUILDING_CONSTRUCTION',	'Amount',	30),
-- 	('ZONING_COMMISSIONER_FASTER_BUILDING_CONSTRUCTION',	'IsWonder',	0);

-- 梁左一：建筑大师，奇观加速20%，奇观完成返10%大工点数（lua实现）
insert or replace into Modifiers
	(ModifierId,									ModifierType)
values
	('ARCHITECTURE_MASTER_WONDERS_BOOST',			'MODIFIER_SINGLE_CITY_ADJUST_WONDER_PRODUCTION');

insert or replace into ModifierArguments
	(ModifierId,									Name,			Value)
values
	('ARCHITECTURE_MASTER_WONDERS_BOOST',			'Amount',		20);

-- 自来水工程：增加区域相邻额外150%
insert or replace into Modifiers
	(ModifierId,												ModifierType,										SubjectRequirementSetId)
values
	('REINFORCED_INFRASTRUCTURE_ENCAMPMENT_ADJACENCY',			'MODIFIER_CITY_DISTRICTS_ADJUST_YIELD_MODIFIER',	'DISTRICT_IS_ENCAMPMENT'),
	('REINFORCED_INFRASTRUCTURE_HOLY_SITE_ADJACENCY',			'MODIFIER_CITY_DISTRICTS_ADJUST_YIELD_MODIFIER',	'DISTRICT_IS_HOLY_SITE'),
	('REINFORCED_INFRASTRUCTURE_CAMPUS_ADJACENCY',				'MODIFIER_CITY_DISTRICTS_ADJUST_YIELD_MODIFIER',	'DISTRICT_IS_CAMPUS'),
	('REINFORCED_INFRASTRUCTURE_THEATER_ADJACENCY',				'MODIFIER_CITY_DISTRICTS_ADJUST_YIELD_MODIFIER',	'DISTRICT_IS_THEATER'),
	('REINFORCED_INFRASTRUCTURE_INDUSTRIAL_ZONE_ADJACENCY',		'MODIFIER_CITY_DISTRICTS_ADJUST_YIELD_MODIFIER',	'DISTRICT_IS_INDUSTRIAL_ZONE'),
	('REINFORCED_INFRASTRUCTURE_COMMERCIAL_HUB_ADJACENCY',		'MODIFIER_CITY_DISTRICTS_ADJUST_YIELD_MODIFIER',	'DISTRICT_IS_COMMERCIAL_HUB'),
	('REINFORCED_INFRASTRUCTURE_HARBOR_ADJACENCY',				'MODIFIER_CITY_DISTRICTS_ADJUST_YIELD_MODIFIER',	'DISTRICT_IS_HARBOR');

insert or replace into ModifierArguments
	(ModifierId,												Name,											Value)
values
	('REINFORCED_INFRASTRUCTURE_ENCAMPMENT_ADJACENCY',			'YieldType',									'YIELD_CULTURE'),
	('REINFORCED_INFRASTRUCTURE_ENCAMPMENT_ADJACENCY',			'Amount',										150),
	('REINFORCED_INFRASTRUCTURE_HOLY_SITE_ADJACENCY',			'YieldType',									'YIELD_FAITH'),
	('REINFORCED_INFRASTRUCTURE_HOLY_SITE_ADJACENCY',			'Amount',										150),
	('REINFORCED_INFRASTRUCTURE_CAMPUS_ADJACENCY',				'YieldType',									'YIELD_SCIENCE'),
	('REINFORCED_INFRASTRUCTURE_CAMPUS_ADJACENCY',				'Amount',										150),
	('REINFORCED_INFRASTRUCTURE_THEATER_ADJACENCY',				'YieldType',									'YIELD_CULTURE'),
	('REINFORCED_INFRASTRUCTURE_THEATER_ADJACENCY',				'Amount',										150),
	('REINFORCED_INFRASTRUCTURE_INDUSTRIAL_ZONE_ADJACENCY',		'YieldType',									'YIELD_PRODUCTION'),
	('REINFORCED_INFRASTRUCTURE_INDUSTRIAL_ZONE_ADJACENCY',		'Amount',										150),
	('REINFORCED_INFRASTRUCTURE_COMMERCIAL_HUB_ADJACENCY',		'YieldType',									'YIELD_GOLD'),
	('REINFORCED_INFRASTRUCTURE_COMMERCIAL_HUB_ADJACENCY',		'Amount',										150),
	('REINFORCED_INFRASTRUCTURE_HARBOR_ADJACENCY',				'YieldType',									'YIELD_GOLD'),
	('REINFORCED_INFRASTRUCTURE_HARBOR_ADJACENCY',				'Amount',										150);

-- 市立公园：就职时一环全产出+1，可以修在泛滥平原上。
delete from ImprovementModifiers where ModifierId = 'CITY_PARK_WATER_AMENITY';
delete from ImprovementModifiers where ModifierId = 'CITY_PARK_GOVERNOR_CULTURE';

insert or replace into ImprovementModifiers
	(ImprovementType,											ModifierID)
values
	('IMPROVEMENT_CITY_PARK',									'CITY_PARK_GOVERNOR_FOOD'),
	('IMPROVEMENT_CITY_PARK',									'CITY_PARK_GOVERNOR_PRODUCTION'),
	('IMPROVEMENT_CITY_PARK',									'CITY_PARK_GOVERNOR_SCIENCE'),
	('IMPROVEMENT_CITY_PARK',									'CITY_PARK_GOVERNOR_CULTURE_NEW'),
	('IMPROVEMENT_CITY_PARK',									'CITY_PARK_GOVERNOR_FAITH'),
	('IMPROVEMENT_CITY_PARK',									'CITY_PARK_GOVERNOR_GOLD');

insert or replace into Modifiers
	(ModifierId,												ModifierType,									SubjectRequirementSetId)
values
	('CITY_PARK_GOVERNOR_FOOD',									'MODIFIER_PLAYER_ADJUST_PLOT_YIELD',			'CITY_HAS_GOVERNOR_PROMOTION_PARKS_RECREATION_AND_ADJACENT'),
	('CITY_PARK_GOVERNOR_PRODUCTION',							'MODIFIER_PLAYER_ADJUST_PLOT_YIELD',			'CITY_HAS_GOVERNOR_PROMOTION_PARKS_RECREATION_AND_ADJACENT'),
	('CITY_PARK_GOVERNOR_SCIENCE',								'MODIFIER_PLAYER_ADJUST_PLOT_YIELD',			'CITY_HAS_GOVERNOR_PROMOTION_PARKS_RECREATION_AND_ADJACENT'),
	('CITY_PARK_GOVERNOR_CULTURE_NEW',							'MODIFIER_PLAYER_ADJUST_PLOT_YIELD',			'CITY_HAS_GOVERNOR_PROMOTION_PARKS_RECREATION_AND_ADJACENT'),
	('CITY_PARK_GOVERNOR_FAITH',								'MODIFIER_PLAYER_ADJUST_PLOT_YIELD',			'CITY_HAS_GOVERNOR_PROMOTION_PARKS_RECREATION_AND_ADJACENT'),
	('CITY_PARK_GOVERNOR_GOLD',									'MODIFIER_PLAYER_ADJUST_PLOT_YIELD',			'CITY_HAS_GOVERNOR_PROMOTION_PARKS_RECREATION_AND_ADJACENT');

insert or replace into ModifierArguments
	(ModifierId,												Name,											Value)
values
	('CITY_PARK_GOVERNOR_FOOD',									'YieldType',									'YIELD_FOOD'),
	('CITY_PARK_GOVERNOR_FOOD',									'Amount',										1),
	('CITY_PARK_GOVERNOR_PRODUCTION',							'YieldType',									'YIELD_PRODUCTION'),
	('CITY_PARK_GOVERNOR_PRODUCTION',							'Amount',										1),
	('CITY_PARK_GOVERNOR_SCIENCE',								'YieldType',									'YIELD_SCIENCE'),
	('CITY_PARK_GOVERNOR_SCIENCE',								'Amount',										1),
	('CITY_PARK_GOVERNOR_CULTURE_NEW',							'YieldType',									'YIELD_CULTURE'),
	('CITY_PARK_GOVERNOR_CULTURE_NEW',							'Amount',										1),
	('CITY_PARK_GOVERNOR_FAITH',								'YieldType',									'YIELD_FAITH'),
	('CITY_PARK_GOVERNOR_FAITH',								'Amount',										1),
	('CITY_PARK_GOVERNOR_GOLD',									'YieldType',									'YIELD_GOLD'),
	('CITY_PARK_GOVERNOR_GOLD',									'Amount',										1);

insert or replace into Improvement_ValidFeatures
	(ImprovementType,											FeatureType)
values
	('IMPROVEMENT_CITY_PARK',									'FEATURE_FLOODPLAINS'),
	('IMPROVEMENT_CITY_PARK',									'FEATURE_FLOODPLAINS_GRASSLAND'),
	('IMPROVEMENT_CITY_PARK',									'FEATURE_FLOODPLAINS_PLAINS');

-- 世外天堂：代替自来水工程，本城所有改良设施和国家公园旅游业绩+200%
insert or replace into Modifiers
	(ModifierId,												ModifierType)
values
	('WATER_WORKS_IMPROVEMENT_TOURISM',							'MODIFIER_SINGLE_CITY_ADJUST_IMPROVEMENT_TOURISM'),
	('WATER_WORKS_NATIONAL_PARK_TOURISM',						'MODIFIER_SINGLE_CITY_ADJUST_NATIONAL_PARK_TOURISM');

insert or replace into ModifierArguments
	(ModifierId,												Name,											Value)
values
	('WATER_WORKS_IMPROVEMENT_TOURISM',							'Amount',										200),
	('WATER_WORKS_NATIONAL_PARK_TOURISM',						'Amount',										200);

--bishop
--level 0 GOVERNOR_PROMOTION_CARDINAL_BISHOP
--LEVEL 1-0 GOVERNOR_PROMOTION_CARDINAL_GRAND_INQUISITOR
--LEVEL 1-2 GOVERNOR_PROMOTION_CARDINAL_LAYING_ON_OF_HANDS
--LEVEL 2-1 GOVERNOR_PROMOTION_CARDINAL_CITADEL_OF_GOD
--LEVEL 3-0 GOVERNOR_PROMOTION_CARDINAL_PATRON_SAINT
--LEVEL 3-2 GOVERNOR_PROMOTION_CARDINAL_DIVINE_ARCHITECT

delete from GovernorPromotionModifiers where ModifierId = 'CARDINAL_CITADEL_OF_GOD_PRESSURE';
delete from GovernorPromotionModifiers where ModifierId = 'CARDINAL_CITADEL_OF_GOD_COMBAT';
delete from GovernorPromotionModifiers where ModifierId = 'CARDINAL_CITADEL_OF_GOD_FAITH_FINISH_BUILDINGS';
delete from GovernorPromotionModifiers where ModifierId = 'CARDINAL_GRAND_INQUISITOR_COMBAT';
delete from GovernorPromotionModifiers where ModifierId = 'CARDINAL_LAYING_ON_OF_HANDS_RELIGIOUS_HEAL';
delete from GovernorPromotionModifiers where ModifierId = 'CARDINAL_LAYING_ON_OF_HANDS_HEAL';

insert or replace into GovernorPromotionModifiers 
	(GovernorPromotionType,								ModifierId) 
values
	('GOVERNOR_PROMOTION_CARDINAL_BISHOP',				'BISHOP_TRAINED_RELIGIOUS_UNIT_EXTRA_CHARGES'),
	('GOVERNOR_PROMOTION_CARDINAL_GRAND_INQUISITOR',	'BISHOP_TRAINED_RELIGIOUS_UNIT_EXTRA_MOVEMENT'),
	('GOVERNOR_PROMOTION_CARDINAL_GRAND_INQUISITOR',	'BISHOP_APOSTLE_PURCHASE_DISCOUNT'),
	('GOVERNOR_PROMOTION_CARDINAL_GRAND_INQUISITOR',	'BISHOP_MISSIONARY_PURCHASE_DISCOUNT'),
	('GOVERNOR_PROMOTION_CARDINAL_GRAND_INQUISITOR',	'BISHOP_GURU_PURCHASE_DISCOUNT'),
	('GOVERNOR_PROMOTION_CARDINAL_GRAND_INQUISITOR',	'BISHOP_MONK_PURCHASE_DISCOUNT'),
	('GOVERNOR_PROMOTION_CARDINAL_GRAND_INQUISITOR',	'BISHOP_INQUISITOR_PURCHASE_DISCOUNT'),
	('GOVERNOR_PROMOTION_CARDINAL_LAYING_ON_OF_HANDS',	'BISHOP_RELIC_FAITH1'),
	('GOVERNOR_PROMOTION_CARDINAL_LAYING_ON_OF_HANDS',	'BISHOP_RELIC_TOURISM1'),
	('GOVERNOR_PROMOTION_CARDINAL_LAYING_ON_OF_HANDS',	'BISHOP_PERCENTAGE_FAITH'),
	('GOVERNOR_PROMOTION_CARDINAL_CITADEL_OF_GOD',		'BISHOP_CAMPUS_CONVERT_FAITH'),
	('GOVERNOR_PROMOTION_CARDINAL_CITADEL_OF_GOD',		'BISHOP_THEATER_CONVERT_FAITH'),
	('GOVERNOR_PROMOTION_CARDINAL_CITADEL_OF_GOD',		'BISHOP_INDUSTRIAL_ZONE_CONVERT_FAITH'),
	('GOVERNOR_PROMOTION_CARDINAL_CITADEL_OF_GOD',		'BISHOP_COMMERCIAL_HUB_CONVERT_FAITH'),
	('GOVERNOR_PROMOTION_CARDINAL_CITADEL_OF_GOD',		'BISHOP_HARBOR_CONVERT_FAITH'),
	('GOVERNOR_PROMOTION_CARDINAL_CITADEL_OF_GOD',		'BISHOP_THANH_CONVERT_FAITH'),
	('GOVERNOR_PROMOTION_CARDINAL_CITADEL_OF_GOD',		'BISHOP_HOLY_SITE_ADJACENCY_CONVERT_TOURISM'),
	('GOVERNOR_PROMOTION_CARDINAL_CITADEL_OF_GOD',		'BISHOP_FAITH_POP'),
	('GOVERNOR_PROMOTION_CARDINAL_PATRON_SAINT',		'BISHOP_TRAINED_MONK_EXTRA_COMBAT_STRENGTH'),
	('GOVERNOR_PROMOTION_CARDINAL_PATRON_SAINT',		'BISHOP_TRAINED_MONK_FASTER_EXP'),
	('GOVERNOR_PROMOTION_CARDINAL_DIVINE_ARCHITECT',	'BISHOP_RELIC_TOURISM2');

insert or replace into Modifiers	
	(ModifierId,												ModifierType,						Permanent,	SubjectRequirementSetId)
values
	('BISHOP_TRAINED_RELIGIOUS_UNIT_EXTRA_CHARGES',				'MODIFIER_SINGLE_CITY_ATTACH_MODIFIER',1,		NULL),
	('BISHOP_TRAINED_RELIGIOUS_UNIT_EXTRA_CHARGES_MODIFIER',	'MODIFIER_SINGLE_CITY_RELIGIOUS_SPREADS',1,		'UNIT_IS_RELIGOUS_ALL'),
	('BISHOP_TRAINED_RELIGIOUS_UNIT_EXTRA_MOVEMENT',			'MODIFIER_SINGLE_CITY_ATTACH_MODIFIER',1,		NULL),
	('BISHOP_TRAINED_RELIGIOUS_UNIT_EXTRA_MOVEMENT_MODIFIER',	'MODIFIER_SINGLE_CITY_GRANT_ABILITY_FOR_TRAINED_UNITS',1,		'UNIT_IS_RELIGOUS_ALL_AND_MONK'),
	('BISHOP_APOSTLE_PURCHASE_DISCOUNT',						'MODIFIER_SINGLE_CITY_ADJUST_UNIT_PURCHASE_COST',0,NULL),
	('BISHOP_MISSIONARY_PURCHASE_DISCOUNT',						'MODIFIER_SINGLE_CITY_ADJUST_UNIT_PURCHASE_COST',0,NULL),
	('BISHOP_GURU_PURCHASE_DISCOUNT',							'MODIFIER_SINGLE_CITY_ADJUST_UNIT_PURCHASE_COST',0,NULL),
	('BISHOP_MONK_PURCHASE_DISCOUNT',							'MODIFIER_SINGLE_CITY_ADJUST_UNIT_PURCHASE_COST',0,NULL),
	('BISHOP_INQUISITOR_PURCHASE_DISCOUNT',						'MODIFIER_SINGLE_CITY_ADJUST_UNIT_PURCHASE_COST',0,NULL),
	('BISHOP_RELIC_FAITH1',										'MODIFIER_SINGLE_CITY_ADJUST_GREATWORK_YIELD',	0,NULL),
	('BISHOP_RELIC_TOURISM1',									'MODIFIER_SINGLE_CITY_ADJUST_TOURISM',			0,NULL),
	('BISHOP_PERCENTAGE_FAITH',									'MODIFIER_SINGLE_CITY_ADJUST_CITY_YIELD_MODIFIER',0,NULL),
	('BISHOP_CAMPUS_CONVERT_FAITH',								'MODIFIER_SINGLE_CIYT_DISTRICT_ADJUST_YIELD_BASED_ON_ADJACENCY_BONUS',0,		NULL),
	('BISHOP_THEATER_CONVERT_FAITH',							'MODIFIER_SINGLE_CIYT_DISTRICT_ADJUST_YIELD_BASED_ON_ADJACENCY_BONUS',0,		NULL),
	('BISHOP_INDUSTRIAL_ZONE_CONVERT_FAITH',					'MODIFIER_SINGLE_CIYT_DISTRICT_ADJUST_YIELD_BASED_ON_ADJACENCY_BONUS',0,		NULL),
	('BISHOP_COMMERCIAL_HUB_CONVERT_FAITH',						'MODIFIER_SINGLE_CIYT_DISTRICT_ADJUST_YIELD_BASED_ON_ADJACENCY_BONUS',0,		NULL),
	('BISHOP_HARBOR_CONVERT_FAITH',								'MODIFIER_SINGLE_CIYT_DISTRICT_ADJUST_YIELD_BASED_ON_ADJACENCY_BONUS',0,		NULL),
	('BISHOP_THANH_CONVERT_FAITH',								'MODIFIER_SINGLE_CIYT_DISTRICT_ADJUST_YIELD_BASED_ON_ADJACENCY_BONUS',0,		NULL),
	('BISHOP_HOLY_SITE_ADJACENCY_CONVERT_TOURISM',				'MODIFIER_SINGLE_CITY_ADJUST_TOURISM_ADJACENCY_YIELD_MOFIFIER',			0,		NULL),
	('BISHOP_FAITH_POP',										'MODIFIER_SINGLE_CITY_ADJUST_CITY_YIELD_PER_POPULATION',				0,		NULL),
	('BISHOP_TRAINED_MONK_EXTRA_COMBAT_STRENGTH',				'MODIFIER_SINGLE_CITY_ATTACH_MODIFIER',									1,		NULL),
	('BISHOP_TRAINED_MONK_FASTER_EXP',							'MODIFIER_SINGLE_CITY_ATTACH_MODIFIER',									1,		NULL),
	('BISHOP_TRAINED_MONK_EXTRA_COMBAT_STRENGTH_MODIFIER',		'MODIFIER_SINGLE_CITY_GRANT_ABILITY_FOR_TRAINED_UNITS',					1,		NULL),
	('BISHOP_TRAINED_MONK_FASTER_EXP_MODIFIER',					'MODIFIER_SINGLE_CITY_GRANT_ABILITY_FOR_TRAINED_UNITS',					1,		NULL),
	('BISHOP_RELIC_TOURISM2',									'MODIFIER_SINGLE_CITY_ADJUST_TOURISM',									0,		NULL);

insert or replace into ModifierArguments
	(ModifierId,											Name,					Value)
values
	('BISHOP_TRAINED_RELIGIOUS_UNIT_EXTRA_CHARGES',			'ModifierId',			'BISHOP_TRAINED_RELIGIOUS_UNIT_EXTRA_CHARGES_MODIFIER'),
	('BISHOP_TRAINED_RELIGIOUS_UNIT_EXTRA_CHARGES_MODIFIER','Amount',				1),
	('BISHOP_TRAINED_RELIGIOUS_UNIT_EXTRA_MOVEMENT',		'ModifierId',			'BISHOP_TRAINED_RELIGIOUS_UNIT_EXTRA_MOVEMENT_MODIFIER'),
	('BISHOP_TRAINED_RELIGIOUS_UNIT_EXTRA_MOVEMENT_MODIFIER','AbilityType',			'ABILITY_BISHOP_EXTRA_MOVEMENT'),
	('BISHOP_APOSTLE_PURCHASE_DISCOUNT',					'UnitType',				'UNIT_APOSTLE'),
	('BISHOP_APOSTLE_PURCHASE_DISCOUNT',					'Amount',				10),
	('BISHOP_MISSIONARY_PURCHASE_DISCOUNT',					'UnitType',				'UNIT_MISSIONARY'),
	('BISHOP_MISSIONARY_PURCHASE_DISCOUNT',					'Amount',				10),
	('BISHOP_GURU_PURCHASE_DISCOUNT',						'UnitType',				'UNIT_GURU'),
	('BISHOP_GURU_PURCHASE_DISCOUNT',						'Amount',				10),
	('BISHOP_MONK_PURCHASE_DISCOUNT',						'UnitType',				'UNIT_WARRIOR_MONK'),
	('BISHOP_MONK_PURCHASE_DISCOUNT',						'Amount',				10),
	('BISHOP_INQUISITOR_PURCHASE_DISCOUNT',					'UnitType',				'UNIT_INQUISITOR'),
	('BISHOP_INQUISITOR_PURCHASE_DISCOUNT',					'Amount',				10),
	('BISHOP_RELIC_FAITH1',									'GreatWorkObjectType',	'GREATWORKOBJECT_RELIC'),
	('BISHOP_RELIC_FAITH1',									'YieldType',			'YIELD_FAITH'),
	('BISHOP_RELIC_FAITH1',									'ScalingFactor',		150),
	('BISHOP_RELIC_TOURISM1',								'GreatWorkObjectType',	'GREATWORKOBJECT_RELIC'),
	('BISHOP_RELIC_TOURISM1',								'ScalingFactor',		200),
	('BISHOP_PERCENTAGE_FAITH',								'YieldType',			'YIELD_FAITH'),
	('BISHOP_PERCENTAGE_FAITH',								'Amount',				15),
	('BISHOP_CAMPUS_CONVERT_FAITH',							'YieldTypeToMirror',	'YIELD_SCIENCE'),
	('BISHOP_CAMPUS_CONVERT_FAITH',							'YieldTypeToGrant',		'YIELD_FAITH'),
	('BISHOP_THEATER_CONVERT_FAITH',						'YieldTypeToMirror',	'YIELD_CULTURE'),
	('BISHOP_THEATER_CONVERT_FAITH',						'YieldTypeToGrant',		'YIELD_FAITH'),
	('BISHOP_COMMERCIAL_HUB_CONVERT_FAITH',					'YieldTypeToMirror',	'YIELD_GOLD'),
	('BISHOP_COMMERCIAL_HUB_CONVERT_FAITH',					'YieldTypeToGrant',		'YIELD_FAITH'),
	('BISHOP_INDUSTRIAL_ZONE_CONVERT_FAITH',				'YieldTypeToMirror',	'YIELD_PRODUCTION'),
	('BISHOP_INDUSTRIAL_ZONE_CONVERT_FAITH',				'YieldTypeToGrant',		'YIELD_FAITH'),
	('BISHOP_HARBOR_CONVERT_FAITH',							'YieldTypeToMirror',	'YIELD_GOLD'),
	('BISHOP_HARBOR_CONVERT_FAITH',							'YieldTypeToGrant',		'YIELD_FAITH'),
	('BISHOP_THANH_CONVERT_FAITH',							'YieldTypeToMirror',	'YIELD_CULTURE'),
	('BISHOP_THANH_CONVERT_FAITH',							'YieldTypeToGrant',		'YIELD_FAITH'),
	('BISHOP_HOLY_SITE_ADJACENCY_CONVERT_TOURISM',			'YieldType',			'YIELD_FAITH'),
	('BISHOP_HOLY_SITE_ADJACENCY_CONVERT_TOURISM',			'Amount',				100),
	('BISHOP_FAITH_POP',									'YieldType',			'YIELD_FAITH'),
	('BISHOP_FAITH_POP',									'Amount',				1),
	('BISHOP_TRAINED_MONK_EXTRA_COMBAT_STRENGTH',			'ModifierId',			'BISHOP_TRAINED_MONK_EXTRA_COMBAT_STRENGTH_MODIFIER'),
	('BISHOP_TRAINED_MONK_EXTRA_COMBAT_STRENGTH_MODIFIER',	'AbilityType',			'ABILITY_BISHOP_TRAINED_UNIT_STRENGTH'),	
	('BISHOP_TRAINED_MONK_FASTER_EXP',						'ModifierId',			'BISHOP_TRAINED_MONK_FASTER_EXP_MODIFIER'),
	('BISHOP_TRAINED_MONK_FASTER_EXP_MODIFIER',				'AbilityType',			'ABILITY_BISHOP_TRAINED_UNIT_EXP'),
	('BISHOP_RELIC_TOURISM2',								'GreatWorkObjectType',	'GREATWORKOBJECT_RELIC'),
	('BISHOP_RELIC_TOURISM2',								'ScalingFactor',		400);

--------------------------------------------------------------------------------------------------------------------------------
--Educator
update ModifierArguments set Value = 300 where ModifierId = 'CURATOR_DOUBLE_SCULPTURE_TOURISM' and Name = 'ScalingFactor';
update ModifierArguments set Value = 300 where ModifierId = 'CURATOR_DOUBLE_PORTRAIT_TOURISM' and Name = 'ScalingFactor';
update ModifierArguments set Value = 300 where ModifierId = 'CURATOR_DOUBLE_LANDSCAPE_TOURISM' and Name = 'ScalingFactor';
update ModifierArguments set Value = 300 where ModifierId = 'CURATOR_DOUBLE_RELIGIOUS_TOURISM' and Name = 'ScalingFactor';
update ModifierArguments set Value = 300 where ModifierId = 'CURATOR_DOUBLE_MUSIC_TOURISM' and Name = 'ScalingFactor';
update ModifierArguments set Value = 300 where ModifierId = 'CURATOR_DOUBLE_WRITING_TOURISM' and Name = 'ScalingFactor';	

-----------------------------------------------------------------------------------------------------------------------------------
-- Amani
update ModifierArguments set Value = 5 where ModifierId = 'EMISSARY_IDENTITY_PRESSURE_TO_FOREIGN_CITIES' and Name = 'Amount';
--LEVEL 0 GOVERNOR_PROMOTION_AMBASSADOR_MESSENGER
--level 1-0 GOVERNOR_PROMOTION_AMBASSADOR_EMISSARY
--level 1-2 GOVERNOR_PROMOTION_AMBASSADOR_AFFLUENCE
--level 2-0 GOVERNOR_PROMOTION_LOCAL_INFORMANTS
--level 2-2 GOVERNOR_PROMOTION_AMBASSADOR_FOREIGN_INVESTOR
--level 3 GOVERNOR_PROMOTION_AMBASSADOR_PUPPETEER

