-------------------------------------
--    Newly added Requirements     --
-------------------------------------

-- River
insert or ignore into Requirements (RequirementId, RequirementType, Inverse) values 
	('REQUIRES_PLOT_NOT_ADJACENT_TO_RIVER', 'REQUIREMENT_PLOT_ADJACENT_TO_RIVER', 1);

-- Units
insert or ignore into Requirements (RequirementId, RequirementType) values 
	('REQUIREMENT_UNIT_IS_SETTLER', 'REQUIREMENT_UNIT_TYPE_MATCHES');
insert or ignore into RequirementArguments (RequirementId, Name, Value) values
	('REQUIREMENT_UNIT_IS_SETTLER', 'UnitType', 'UNIT_SETTLER');
insert or ignore into Requirements (RequirementId, RequirementType) values 
	('REQUIREMENT_UNIT_IS_LAND_COMBAT', 'REQUIREMENT_UNIT_TAG_MATCHES');
insert or ignore into RequirementArguments (RequirementId, Name, Value) values
	('REQUIREMENT_UNIT_IS_LAND_COMBAT', 'Tag', 'CLASS_LAND_COMBAT');
insert or ignore into Requirements (RequirementId, RequirementType)
	select 'REQUIRES_UNIT_IS_' || UnitType , 'REQUIREMENT_UNIT_TYPE_MATCHES' from Units;
insert or ignore into RequirementArguments (RequirementId, Name, Value) 
	select 'REQUIRES_UNIT_IS_' || UnitType , 'UnitType', UnitType from Units;
insert or ignore into Requirements (RequirementId, RequirementType, Inverse)
	select 'HD_REQUIRES_UNIT_IS_NOT_' || UnitType , 'REQUIREMENT_UNIT_TYPE_MATCHES', 1 from Units;
insert or ignore into RequirementArguments (RequirementId, Name, Value) 	
	select 'HD_REQUIRES_UNIT_IS_NOT_' || UnitType , 'UnitType', UnitType from Units;
insert or ignore into Requirements (RequirementId, RequirementType)
	select 'HD_REQUIRES_UNIT_IS_' || PromotionClassType , 'REQUIREMENT_UNIT_PROMOTION_CLASS_MATCHES' from UnitPromotionClasses;
insert or ignore into RequirementArguments (RequirementId, Name, Value) 	
	select 'HD_REQUIRES_UNIT_IS_' || PromotionClassType , 'UnitPromotionClass', PromotionClassType from UnitPromotionClasses;

-- Resource
insert or ignore into RequirementArguments (RequirementId, Name, Value)
	select 'REQUIRES_' || ResourceType || '_IN_PLOT', 'ResourceType', ResourceType from Resources;
insert or ignore into Requirements (RequirementId, RequirementType)
	select 'REQUIRES_' || ResourceType || '_IN_PLOT', 'REQUIREMENT_PLOT_RESOURCE_TYPE_MATCHES' from Resources;

insert or ignore into RequirementArguments (RequirementId, Name, Value)
	select 'HD_REQUIRES_CITY_HAS_IMPROVED_' || ResourceType, 'ResourceType', ResourceType from Resources;
insert or ignore into Requirements (RequirementId, RequirementType)
	select 'HD_REQUIRES_CITY_HAS_IMPROVED_' || ResourceType, 'REQUIREMENT_CITY_HAS_RESOURCE_TYPE_IMPROVED' from Resources;

insert or ignore into RequirementArguments (RequirementId, Name, Value)
	select 'HD_REQUIRES_PLAYER_CAN_SEE_' || ResourceType, 'ResourceType', ResourceType
from Resources where ResourceClassType = 'RESOURCECLASS_STRATEGIC';
insert or ignore into Requirements (RequirementId, RequirementType)
	select 'HD_REQUIRES_PLAYER_CAN_SEE_' || ResourceType, 'REQUIREMENT_PLAYER_HAS_RESOURCE_VISIBILITY'
from Resources where ResourceClassType = 'RESOURCECLASS_STRATEGIC';

-- Techs
insert or ignore into RequirementArguments (RequirementId, Name, Value)
	select 'HD_REQUIRES_PLAYER_HAS_' || TechnologyType, 'TechnologyType', TechnologyType from Technologies;
insert or ignore into Requirements (RequirementId, RequirementType)
	select 'HD_REQUIRES_PLAYER_HAS_' || TechnologyType, 'REQUIREMENT_PLAYER_HAS_TECHNOLOGY' from Technologies;

insert or ignore into RequirementArguments (RequirementId, Name, Value)
	select 'HD_REQUIRES_PLAYER_HAS_NO_' || TechnologyType, 'TechnologyType', TechnologyType from Technologies;
insert or ignore into Requirements (RequirementId, RequirementType, Inverse)
	select 'HD_REQUIRES_PLAYER_HAS_NO_' || TechnologyType, 'REQUIREMENT_PLAYER_HAS_TECHNOLOGY', 1 from Technologies;

-- Civic
insert or ignore into RequirementArguments (RequirementId, Name, Value)
	select 'REQUIRES_PLAYER_HAS_' || CivicType, 'CivicType', CivicType from Civics;
insert or ignore into Requirements (RequirementId, RequirementType)
	select 'REQUIRES_PLAYER_HAS_' || CivicType, 'REQUIREMENT_PLAYER_HAS_CIVIC' from Civics;

insert or ignore into RequirementArguments (RequirementId, Name, Value)
	select 'HD_REQUIRES_PLAYER_HAS_NO_' || CivicType, 'CivicType', CivicType from Civics;
insert or ignore into Requirements (RequirementId, RequirementType, Inverse)
	select 'HD_REQUIRES_PLAYER_HAS_NO_' || CivicType, 'REQUIREMENT_PLAYER_HAS_CIVIC', 1 from Civics;

insert or ignore into RequirementSets (RequirementSetId, RequirementSetType)
	select 'PLAYER_HAS_' || CivicType || '_REQUIREMENTS', 'REQUIREMENTSET_TEST_ALL' from Civics;
insert or ignore into RequirementSetRequirements (RequirementSetId, RequirementId)
	select 'PLAYER_HAS_' || CivicType || '_REQUIREMENTS', 'REQUIRES_PLAYER_HAS_' || CivicType from Civics;

-- Districts plots
insert or ignore into RequirementArguments (RequirementId, Name, Value)
	select 'REQUIRES_PLOT_ADJACENT_TO_' || DistrictType, 'DistrictType', DistrictType from Districts;
insert or ignore into Requirements (RequirementId, RequirementType)
	select 'REQUIRES_PLOT_ADJACENT_TO_' || DistrictType, 'REQUIREMENT_PLOT_ADJACENT_DISTRICT_TYPE_MATCHES' from Districts;

-- Improvements plots
insert or ignore into RequirementArguments (RequirementId, Name, Value)
	select 'REQUIRES_PLOT_ADJACENT_TO_' || ImprovementType, 'ImprovementType', ImprovementType from Improvements;
insert or ignore into Requirements (RequirementId, RequirementType)
	select 'REQUIRES_PLOT_ADJACENT_TO_' || ImprovementType, 'REQUIREMENT_PLOT_ADJACENT_IMPROVEMENT_TYPE_MATCHES' from Improvements;

-- District 
insert or ignore into RequirementArguments (RequirementId, Name, Value)
	select 'REQUIRES_DISTRICT_IS_' || DistrictType, 'DistrictType', DistrictType from Districts;
insert or ignore into Requirements (RequirementId, RequirementType)
	select 'REQUIRES_DISTRICT_IS_' || DistrictType,	'REQUIREMENT_DISTRICT_TYPE_MATCHES' from Districts;

insert or ignore into RequirementArguments (RequirementId, Name, Value)
	select 'HD_REQUIRES_DISTRICT_IS_NOT_' || DistrictType, 'DistrictType', DistrictType from Districts;
insert or ignore into Requirements (RequirementId, RequirementType, Inverse)
	select 'HD_REQUIRES_DISTRICT_IS_NOT_' || DistrictType,	'REQUIREMENT_DISTRICT_TYPE_MATCHES',	1 from Districts;

insert or ignore into RequirementArguments (RequirementId, Name, Value)
	select 'REQUIRES_CITY_HAS_' || DistrictType || '_RAW', 'DistrictType', DistrictType from Districts;
insert or ignore into Requirements (RequirementId, RequirementType)
	select 'REQUIRES_CITY_HAS_' || DistrictType || '_RAW', 'REQUIREMENT_CITY_HAS_DISTRICT' from Districts;

insert or ignore into RequirementSets (RequirementSetId, RequirementSetType)
	select 'REQUIRES_CITY_HAS_' || DistrictType || '_UDMET', 'REQUIREMENTSET_TEST_ANY' from Districts;
insert or ignore into RequirementSetRequirements (RequirementSetId, RequirementId)
	select 'REQUIRES_CITY_HAS_' || DistrictType || '_UDMET', 'REQUIRES_CITY_HAS_' || DistrictType || '_RAW' from Districts;
insert or ignore into RequirementSetRequirements (RequirementSetId, RequirementId)
	select 'REQUIRES_CITY_HAS_' || ReplacesDistrictType || '_UDMET', 'REQUIRES_CITY_HAS_' || CivUniqueDistrictType || '_RAW' from DistrictReplaces;

insert or ignore into RequirementArguments (RequirementId, Name, Value)
	select 'REQUIRES_CITY_HAS_' || DistrictType, 'RequirementSetId', 'REQUIRES_CITY_HAS_' || DistrictType || '_UDMET' from Districts;
insert or ignore into Requirements (RequirementId, RequirementType)
	select 'REQUIRES_CITY_HAS_' || DistrictType, 'REQUIREMENT_REQUIREMENTSET_IS_MET' from Districts;
	
-- Buildings
insert or ignore into RequirementArguments (RequirementId, Name, Value)
	select 'REQUIRES_CITY_HAS_' || BuildingType, 'BuildingType', BuildingType from Buildings;
insert or ignore into Requirements (RequirementId, RequirementType)
	select 'REQUIRES_CITY_HAS_' || BuildingType, 'REQUIREMENT_CITY_HAS_BUILDING' from Buildings;

-- Player Eras
insert or ignore into RequirementArguments (RequirementId, Name, Value)
	select 'REQUIRES_PLAYER_IS_' || EraType, 'EraType', EraType from Eras;
insert or ignore into Requirements (RequirementId, RequirementType)
	select 'REQUIRES_PLAYER_IS_' || EraType, 'REQUIREMENT_PLAYER_ERA_AT_LEAST' from Eras;
-- Opponent Eras Less than
insert or ignore into RequirementArguments (RequirementId, Name, Value)
	select 'REQUIRES_OPPONENT_LESSTHAN_' || EraType, 'EraType', EraType from Eras;
insert or ignore into Requirements (RequirementId, RequirementType, Inverse)
	select 'REQUIRES_OPPONENT_LESSTHAN_' || EraType, 'REQUIREMENT_OPPONENT_ERA_AT_LEAST', 1 from Eras;

--Game Eras
insert or ignore into RequirementArguments (RequirementId, Name, Value)
	select 'REQUIRES_ERA_IS_' || EraType, 'EraType', EraType from Eras;
insert or ignore into Requirements (RequirementId, RequirementType)
	select 'REQUIRES_ERA_IS_' || EraType, 'REQUIREMENT_GAME_ERA_IS' from Eras;

-- City Has Features & Natural Wonders
insert or ignore into RequirementArguments (RequirementId, Name, Value)
	select 'REQUIRES_CITY_HAS_' || FeatureType, 'FeatureType', FeatureType from Features;
insert or ignore into Requirements (RequirementId, RequirementType)
	select 'REQUIRES_CITY_HAS_' || FeatureType, 'REQUIREMENT_CITY_HAS_FEATURE' from Features;

-- Plot Has Features & Natural Wonders -- by xhh
insert or ignore into RequirementArguments (RequirementId, Name, Value)
	select 'HD_REQUIRES_PLOT_HAS_' || FeatureType, 'FeatureType', FeatureType from Features where NaturalWonder = 0;
insert or ignore into Requirements (RequirementId, RequirementType)
	select 'HD_REQUIRES_PLOT_HAS_' || FeatureType, 'REQUIREMENT_PLOT_FEATURE_TYPE_MATCHES' from Features where NaturalWonder = 0;

--civlization
insert or ignore into RequirementArguments (RequirementId, Name, Value)
	select 'PLAYER_IS_' || CivilizationType, 'CivilizationType'	, CivilizationType from Civilizations;
insert or ignore into Requirements (RequirementId, RequirementType)
	select 'PLAYER_IS_' || CivilizationType, 'REQUIREMENT_PLAYER_TYPE_MATCHES' from Civilizations;

-- City has X Pop
insert or ignore into RequirementArguments (RequirementId, Name, Value)
	select 'REQUIRES_CITY_HAS_'  || Pop || '_POPULATION', 'Amount', Pop from PopulationMaintenance;
insert or ignore into Requirements (RequirementId, RequirementType)
	select 'REQUIRES_CITY_HAS_'  || Pop || '_POPULATION', 'REQUIREMENT_CITY_HAS_X_POPULATION' from PopulationMaintenance;
insert or ignore into RequirementSets (RequirementSetId, RequirementSetType)
	select 'CITY_HAS_' || Pop || '_POPULATION', 'REQUIREMENTSET_TEST_ALL' from PopulationMaintenance;
insert or ignore into RequirementSetRequirements (RequirementSetId, RequirementId)
	select 'CITY_HAS_' || Pop || '_POPULATION', 'REQUIRES_CITY_HAS_'  || Pop || '_POPULATION' from PopulationMaintenance;

-- Use insert or ignore to support the missing DLC case.
insert or ignore into Requirements
	(RequirementId,									RequirementType)
values
	('REQUIRES_PLOT_IS_LAKE',						'REQUIREMENT_PLOT_IS_LAKE'),
	('REQUIRES_CITY_HAS_WONDER',					'REQUIREMENT_CITY_HAS_ANY_WONDER'),
	('REQUIRES_PLOT_ADJACENT_TO_AQUEDUCT',			'REQUIREMENT_PLOT_ADJACENT_DISTRICT_TYPE_MATCHES'),
	('REQUIRES_PLOT_ADJACENT_FOREST_ROOSEVELT',		'REQUIREMENT_PLOT_ADJACENT_FEATURE_TYPE_MATCHES');

insert or ignore into Requirements
	(RequirementId,									RequirementType,				Inverse)
values
	('PLOT_IS_NOT_LAKE_REQUIREMENTS',				'REQUIREMENT_PLOT_IS_LAKE',		1);

insert or ignore into RequirementArguments
	(RequirementId,									Name,				Value)
values
	('REQUIRES_PLOT_ADJACENT_TO_AQUEDUCT',			'DistrictType',		'DISTRICT_AQUEDUCT'),
	('REQUIRES_PLOT_ADJACENT_FOREST_ROOSEVELT',		'FeatureType',		'FEATURE_FOREST');

-- Misc

-- new Terrain class
insert or ignore into TerrainClasses
	(TerrainClassType,					Name)
values
	('TERRAIN_CLASS_TUNDRA_OR_SNOW',	'LOC_TERRAIN_CLASS_TUNDRA_OR_SNOW_NAME'),
	('TERRAIN_CLASS_FLATTEN',			'LOC_TERRAIN_CLASS_FLATTEN_NAME'),
	('TERRAIN_CLASS_HILLS',				'LOC_TERRAIN_CLASS_HILLS_NAME');

insert or ignore into TerrainClass_Terrains
	(TerrainClassType,					TerrainType)
values
	('TERRAIN_CLASS_TUNDRA_OR_SNOW',	'TERRAIN_TUNDRA'),
	('TERRAIN_CLASS_TUNDRA_OR_SNOW',	'TERRAIN_TUNDRA_HILLS'),
	('TERRAIN_CLASS_TUNDRA_OR_SNOW',	'TERRAIN_SNOW'),
	('TERRAIN_CLASS_TUNDRA_OR_SNOW',	'TERRAIN_SNOW_HILLS'),
	('TERRAIN_CLASS_FLATTEN',			'TERRAIN_GRASS'),
	('TERRAIN_CLASS_FLATTEN',			'TERRAIN_PLAINS'),
	('TERRAIN_CLASS_FLATTEN',			'TERRAIN_DESERT'),
	('TERRAIN_CLASS_FLATTEN',			'TERRAIN_TUNDRA'),
	('TERRAIN_CLASS_FLATTEN',			'TERRAIN_SNOW'),
	('TERRAIN_CLASS_HILLS',				'TERRAIN_GRASS_HILLS'),
	('TERRAIN_CLASS_HILLS',				'TERRAIN_PLAINS_HILLS'),
	('TERRAIN_CLASS_HILLS',				'TERRAIN_DESERT_HILLS'),
	('TERRAIN_CLASS_HILLS',				'TERRAIN_TUNDRA_HILLS'),
	('TERRAIN_CLASS_HILLS',				'TERRAIN_SNOW_HILLS');

insert or ignore into Requirements
	(RequirementId,									RequirementType,							Inverse)
values
	-- ('REQUIRES_UNIT_NOT_BARBARIAN_GALLEY', 			'REQUIREMENT_UNIT_TYPE_MATCHES',			1),
	('REQUIRES_PLAYER_HAS_NO_DIPLOMATIC_QUARTER',	'REQUIREMENT_PLAYER_HAS_DISTRICT',			1),
	('REQUIRES_PLOT_HAS_NOT_OCEAN',					'REQUIREMENT_PLOT_TERRAIN_TYPE_MATCHES',	1),
	('REQUIRES_CITY_HAS_NO_FILM_STUDIO',			'REQUIREMENT_CITY_HAS_BUILDING',			1);

insert or ignore into Requirements
	(RequirementId,									RequirementType)
values
    ('REQUIRES_WITHIN_NINE_TILES_FROM_OWNER',       'REQUIREMENT_PLOT_ADJACENT_TO_OWNER'),
	('REQUIRES_WITHIN_FOUR_TILES_FROM_OWNER',		'REQUIREMENT_PLOT_ADJACENT_TO_OWNER'),
	('REQUIRES_CITY_HAS_1_DESERT',					'REQUIREMENT_CITY_HAS_X_TERRAIN_TYPE'),
	('REQUIRES_CITY_HAS_1_TUNDRA',					'REQUIREMENT_CITY_HAS_X_TERRAIN_TYPE'),
	('REQUIRES_PLOT_IS_TUNDRA_OR_SNOW',				'REQUIREMENT_PLOT_TERRAIN_CLASS_MATCHES'),
	('REQUIRES_PLOT_IS_FLATTEN',					'REQUIREMENT_PLOT_TERRAIN_CLASS_MATCHES'),
	('REQUIRES_PLOT_IS_HILLS',						'REQUIREMENT_PLOT_TERRAIN_CLASS_MATCHES'),
	('REQUIRES_PLOT_HAS_BASIC_PRODUCTION_IMPROVEMENTS',	'REQUIREMENT_REQUIREMENTSET_IS_MET'),
	('REQUIRES_PLOT_HAS_BASIC_FOOD_IMPROVEMENTS',	'REQUIREMENT_REQUIREMENTSET_IS_MET'),
	('REQUIRES_THIS_WONDER_IS_AT_LEAST_MIEDIVAL',	'REQUIREMENT_PLOT_WONDER_IS_ERA'),
	('REQUIRES_THIS_WONDER_IS_AT_LEAST_ANCIENT',	'REQUIREMENT_PLOT_WONDER_IS_ERA'),
	-- ('REQUIRES_GENERAL_SERVICE_AND_WITHIN_9TILES',	'REQUIREMENT_PLOT_ADJACENT_BUILDING_TYPE_MATCHES'),
	('REQUIRES_AIRPORT_AND_WITHIN_9TILES',			'REQUIREMENT_PLOT_ADJACENT_BUILDING_TYPE_MATCHES'),
	('REQUIRES_PLOT_WITHIN_EIGHT_CITY_CENTER',		'REQUIREMENT_PLOT_ADJACENT_DISTRICT_TYPE_MATCHES'),
	('PLOT_IS_COASTAL_LAND',						'REQUIREMENT_PLOT_IS_COASTAL_LAND'),
    ('HD_REQUIRES_PLOT_ADJACENT_TO_COAST',      	'REQUIREMENT_PLOT_ADJACENT_TERRAIN_TYPE_MATCHES'),
	-- ('REQUIRES_PLOT_HAS_WORKSHOP_IMPROVEMENTS',		'REQUIREMENT_REQUIREMENTSET_IS_MET'),
	-- ('REQUIRES_PLOT_HAS_MANU_IMPROVEMENTS',			'REQUIREMENT_REQUIREMENTSET_IS_MET'),
	('HD_PLOT_IS_COAST_NOT_LAKE_MET',				'REQUIREMENT_REQUIREMENTSET_IS_MET'),
	('HD_PLOT_ADJACENT_TO_COAST_NOT_LAKE_MET',		'REQUIREMENT_REQUIREMENTSET_IS_MET'),
	('HD_REQUIRES_PLAYER_HAS_HORSES_XHH',			'REQUIREMENT_PLAYER_HAS_RESOURCE_OWNED'),
	('HD_REQUIRES_PLAYER_HAS_IRON_XHH',				'REQUIREMENT_PLAYER_HAS_RESOURCE_OWNED'),
	('REQUIRES_OBJECT_WITHIN_8_TILES',				'REQUIREMENT_PLOT_ADJACENT_TO_OWNER'),
	('REQUIRES_OBJECT_WITHIN_9_TILES',				'REQUIREMENT_PLOT_ADJACENT_TO_OWNER'),
	('REQUIRES_OBJECT_WITHIN_10_TILES',				'REQUIREMENT_PLOT_ADJACENT_TO_OWNER'),
	('REQUIRES_OBJECT_WITHIN_12_TILES',				'REQUIREMENT_PLOT_ADJACENT_TO_OWNER'),
	('REQUIRES_OBJECT_WITHIN_1_TILE',				'REQUIREMENT_PLOT_ADJACENT_TO_OWNER'),
	('REQUIRES_OBJECT_WITHIN_4_TILES',				'REQUIREMENT_PLOT_ADJACENT_TO_OWNER');	

insert or ignore into RequirementArguments
	(RequirementId,									Name,				Value)
values
	-- it's actually checking is there are {Amount - 1} tiles
	('REQUIRES_CITY_HAS_1_DESERT',					'TerrainType',		'TERRAIN_DESERT'),
	('REQUIRES_CITY_HAS_1_DESERT',					'Hills',			1),
	('REQUIRES_CITY_HAS_1_DESERT',					'Amount',			2), 
	('REQUIRES_CITY_HAS_1_TUNDRA',					'TerrainType',		'TERRAIN_TUNDRA'),
	('REQUIRES_CITY_HAS_1_TUNDRA',					'Hills',			1),
	('REQUIRES_CITY_HAS_1_TUNDRA',					'Amount',			2),
	-- 
	('REQUIRES_PLOT_IS_TUNDRA_OR_SNOW',				'TerrainClass',		'TERRAIN_CLASS_TUNDRA_OR_SNOW'),
	('REQUIRES_PLOT_IS_FLATTEN',					'TerrainClass',		'TERRAIN_CLASS_FLATTEN'),
	('REQUIRES_PLOT_IS_HILLS',						'TerrainClass',		'TERRAIN_CLASS_HILLS'),
	('REQUIRES_PLOT_HAS_BASIC_PRODUCTION_IMPROVEMENTS',	'RequirementSetId',	'PLOT_HAS_BASIC_PRODUCTION_IMPROVEMENTS_REQUIREMENTS'),
	('REQUIRES_PLOT_HAS_BASIC_FOOD_IMPROVEMENTS',		'RequirementSetId',	'PLOT_HAS_BASIC_FOOD_IMPROVEMENTS_REQUIREMENTS'),
	('REQUIRES_THIS_WONDER_IS_AT_LEAST_MIEDIVAL',	'EarliestEra',		'ERA_MEDIEVAL'),
	('REQUIRES_THIS_WONDER_IS_AT_LEAST_MIEDIVAL',	'LatestEra',		'ERA_FUTURE'),
	('REQUIRES_THIS_WONDER_IS_AT_LEAST_ANCIENT',	'EarliestEra',		'ERA_ANCIENT'),
	('REQUIRES_THIS_WONDER_IS_AT_LEAST_ANCIENT',	'LatestEra',		'ERA_FUTURE'),
	-- ('REQUIRES_UNIT_NOT_BARBARIAN_GALLEY',			'UnitType',			'UNIT_HD_BARBARIAN_GALLEY'),
	('REQUIRES_PLAYER_HAS_NO_DIPLOMATIC_QUARTER',	'DistrictType',		'DISTRICT_DIPLOMATIC_QUARTER'),
	('REQUIRES_PLOT_HAS_NOT_OCEAN',					'TerrainType',		'TERRAIN_OCEAN'),
	('REQUIRES_CITY_HAS_NO_FILM_STUDIO',			'BuildingType',		'BUILDING_FILM_STUDIO'),
	('REQUIRES_CITY_HAS_NO_FILM_STUDIO',			'MustBeFunctioning',	1),	
	-- ('REQUIRES_GENERAL_SERVICE_AND_WITHIN_9TILES',	'BuildingType',		'BUILDING_GENERAL_SERVICE'),
	-- ('REQUIRES_GENERAL_SERVICE_AND_WITHIN_9TILES',	'MinRange',			0),
	-- ('REQUIRES_GENERAL_SERVICE_AND_WITHIN_9TILES',	'MaxRange',			9),
	('REQUIRES_WITHIN_NINE_TILES_FROM_OWNER',		'MinDistance',		0),
	('REQUIRES_WITHIN_NINE_TILES_FROM_OWNER',		'MaxDistance',		9),
	('REQUIRES_WITHIN_FOUR_TILES_FROM_OWNER',		'MinDistance',		0),
	('REQUIRES_WITHIN_FOUR_TILES_FROM_OWNER',		'MaxDistance',		4),
	('REQUIRES_AIRPORT_AND_WITHIN_9TILES',			'BuildingType',		'BUILDING_AIRPORT'),
	('REQUIRES_AIRPORT_AND_WITHIN_9TILES',			'MinRange',			0),
	('REQUIRES_AIRPORT_AND_WITHIN_9TILES',			'MaxRange',			9),
	('REQUIRES_PLOT_WITHIN_EIGHT_CITY_CENTER',		'DistrictType',		'DISTRICT_CITY_CENTER'),
	('REQUIRES_PLOT_WITHIN_EIGHT_CITY_CENTER',		'MinRange',			0),
	('REQUIRES_PLOT_WITHIN_EIGHT_CITY_CENTER',		'MaxRange',			8),
	-- ('REQUIRES_PLOT_HAS_WORKSHOP_IMPROVEMENTS',		'RequirementSetId',	'PLOT_HAS_WORKSHOP_IMPROVEMENTS_REQUIREMENTS'),
	-- ('REQUIRES_PLOT_HAS_MANU_IMPROVEMENTS',			'RequirementSetId',	'PLOT_HAS_MANU_IMPROVEMENTS_REQUIREMENTS'),
	('HD_PLOT_IS_COAST_NOT_LAKE_MET',				'RequirementSetId',	'PLOT_IS_COAST_NOT_LAKE_REQUIREMENTS'),
	('HD_PLOT_ADJACENT_TO_COAST_NOT_LAKE_MET',		'RequirementSetId',	'PLOT_IS_COASTAL_LAND_REQUIREMENTS'),
    ('HD_REQUIRES_PLOT_ADJACENT_TO_COAST', 			'TerrainType',		'TERRAIN_COAST'),
    ('HD_REQUIRES_PLOT_ADJACENT_TO_COAST', 			'MaxRange',		  	'1'),
	('HD_REQUIRES_PLAYER_HAS_HORSES_XHH',			'ResourceType',		'RESOURCE_HORSES'),
	('HD_REQUIRES_PLAYER_HAS_IRON_XHH',				'ResourceType',		'RESOURCE_IRON'),
	('REQUIRES_OBJECT_WITHIN_8_TILES',				'MaxDistance',		8),
	('REQUIRES_OBJECT_WITHIN_8_TILES',				'MinDistance',		0),
	('REQUIRES_OBJECT_WITHIN_9_TILES',				'MaxDistance',		9),
	('REQUIRES_OBJECT_WITHIN_9_TILES',				'MinDistance',		0),
	('REQUIRES_OBJECT_WITHIN_10_TILES',				'MaxDistance',		10),
	('REQUIRES_OBJECT_WITHIN_10_TILES',				'MinDistance',		0),
	('REQUIRES_OBJECT_WITHIN_12_TILES',				'MaxDistance',		12),
	('REQUIRES_OBJECT_WITHIN_12_TILES',				'MinDistance',		0),
	('REQUIRES_OBJECT_WITHIN_1_TILE',				'MaxDistance',		1),
	('REQUIRES_OBJECT_WITHIN_1_TILE',				'MinDistance',		0),
	('REQUIRES_OBJECT_WITHIN_4_TILES',				'MaxDistance',		4),
	('REQUIRES_OBJECT_WITHIN_4_TILES',				'MinDistance',		0);

insert or ignore into RequirementSets
	(RequirementSetId,												RequirementSetType)
values
	-- Improvements
	('PLOT_IS_COASTAL_LAND_REQUIREMENTS',							'REQUIREMENTSET_TEST_ALL'),
	('PLOT_IS_ADJACENT_TO_FRESH_WATER_NOT_AQUEDUCT_NO_FEUDALISM',	'REQUIREMENTSET_TEST_ALL'),
	('IS_ADJACENT_TO_AQUEDUCT_NO_FEUDALISM',						'REQUIREMENTSET_TEST_ALL'),
	('PLOT_ADJACENT_TO_MOUNTAIN_NO_APPRENTICESHIP',					'REQUIREMENTSET_TEST_ALL'),
	('PLOT_HAS_BASIC_PRODUCTION_IMPROVEMENTS_REQUIREMENTS',			'REQUIREMENTSET_TEST_ANY'),
	('PLOT_HAS_BASIC_FOOD_IMPROVEMENTS_REQUIREMENTS',				'REQUIREMENTSET_TEST_ANY'),
	('HD_IS_TUNDRA_SNOW_PRODUCTION_IMPROVEMENTS_REQUIREMENTS',		'REQUIREMENTSET_TEST_ALL'),
	('HD_IS_TUNDRA_SNOW_FOOD_IMPROVEMENTS_REQUIREMENTS',			'REQUIREMENTSET_TEST_ALL'),
	-- 
	-- ('PLAYER_IS_SUZERAIN_AND_FOUND_RELIGION',						'REQUIREMENTSET_TEST_ALL'),
	('IS_CAMPUS_ADJACENT_TO_MOUNTAIN_REQUIREMENTS',					'REQUIREMENTSET_TEST_ALL'),
	('HD_PLAYER_HAS_NO_CIVIC_COLONIALISM_REQUIRMENTS',				'REQUIREMENTSET_TEST_ALL'),
	('ADJACENT_TO_FOREST_REQUIREMENTS',								'REQUIREMENTSET_TEST_ALL'),
	('DL_PLOT_IS_LAKE_REQUIREMENTS',								'REQUIREMENTSET_TEST_ALL'),
	('DL_CITY_HAS_WONDER_REQUIREMENTS',								'REQUIREMENTSET_TEST_ALL'),
	('DL_PLOT_IS_WONDER_REQUIRMENTS',								'REQUIREMENTSET_TEST_ALL'),
	('DL_PLOT_IS_DISTRICT_IS_ENTERTAINMENT_REQUIRMENTS',			'REQUIREMENTSET_TEST_ALL'),
	('DL_THIS_WONDER_IS_AT_LEAST_MIEDIVAL_REQUIRMENTS',				'REQUIREMENTSET_TEST_ALL'),
	('DL_THIS_WONDER_IS_AT_LEAST_ANCIENT_REQUIRMENTS',				'REQUIREMENTSET_TEST_ALL'),
	('CITY_HAS_COLOSSUS',											'REQUIREMENTSET_TEST_ALL'),
	('CITY_HAS_THEATER_AND_COMMERCIAL_HUB_REQUIRMENTS',				'REQUIREMENTSET_TEST_ALL'),
	('HD_UNIT_IN_OWNER_TERRITORY_REQUIREMENTS',						'REQUIREMENTSET_TEST_ALL'),
	-- ('CITY_HAS_GOVERNOR_PROMOTION_RESOURCE_MANAGER_INDUSTRIALIST',	'REQUIREMENTSET_TEST_ALL'),
	('CITY_HAS_MAGNUS_WITHIN_RANGE',								'REQUIREMENTSET_TEST_ALL'),
	('HD_PLOT_IS_OR_ADJACENT_TO_COAST_NOT_LAKE',					'REQUIREMENTSET_TEST_ANY'),
	('PLAYER_NOT_HAS_GOLDEN_AGE',									'REQUIREMENTSET_TEST_ALL'),
	('NON_WONDER_PLOT_IS_OR_ADJACENT_TO_COAST',						'REQUIREMENTSET_TEST_ALL'),
	('DISTRICT_IS_HOLY_SITE_ADJACENT_TO_COAST',						'REQUIREMENTSET_TEST_ALL'),
	('HD_OBJECT_WITHIN_8_TILES',									'REQUIREMENTSET_TEST_ALL'),
	('HD_OBJECT_WITHIN_9_TILES',									'REQUIREMENTSET_TEST_ALL'),
	('HD_OBJECT_WITHIN_10_TILES',									'REQUIREMENTSET_TEST_ALL'),
	('HD_OBJECT_WITHIN_12_TILES',									'REQUIREMENTSET_TEST_ALL'),
	('HD_CITY_HAS_BROADCAST_AND_POWERED',							'REQUIREMENTSET_TEST_ALL'),
	('HD_PLAYER_HAS_CIVIC_CAPITALISM',								'REQUIREMENTSET_TEST_ALL'),
	('HD_DISTRICT_IS_ENTERTAINMENT_OR_WARTERPARK',					'REQUIREMENTSET_TEST_ANY'),
	('PLOT_IS_IMPROVED_ADJACENT',									'REQUIREMENTSET_TEST_ALL'),
	('OBJECT_IS_AT_OR_ADJACENT',									'REQUIREMENTSET_TEST_ALL'),
	('HD_OBJECT_WITHIN_4_TILES',									'REQUIREMENTSET_TEST_ALL'),
	('HD_CITY_CENTER_ADJACENT_TO_RIVER_REQUIREMENTS',				'REQUIREMENTSET_TEST_ALL');

insert or ignore into RequirementSetRequirements
	(RequirementSetId,												RequirementId)
values
	('PLOT_IS_COASTAL_LAND_REQUIREMENTS',							'PLOT_IS_COASTAL_LAND'),
	('PLOT_IS_ADJACENT_TO_FRESH_WATER_NOT_AQUEDUCT_NO_FEUDALISM',	'REQUIRES_PLOT_IS_FRESH_WATER'),
	('PLOT_IS_ADJACENT_TO_FRESH_WATER_NOT_AQUEDUCT_NO_FEUDALISM',	'REQUIRES_NOT_ADJACENT_TO_AQUEDUCT'),
	('PLOT_IS_ADJACENT_TO_FRESH_WATER_NOT_AQUEDUCT_NO_FEUDALISM',	'HD_REQUIRES_PLAYER_HAS_NO_CIVIC_FEUDALISM'),
	--('PLOT_IS_ADJACENT_TO_FRESH_WATER_NOT_AQUEDUCT_NO_FEUDALISM',	'HD_REQUIRES_PLAYER_HAS_TECH_CALENDAR_HD'),
	('IS_ADJACENT_TO_AQUEDUCT_NO_FEUDALISM',						'REQUIRES_PLOT_ADJACENT_TO_AQUEDUCT'),
	('IS_ADJACENT_TO_AQUEDUCT_NO_FEUDALISM',						'HD_REQUIRES_PLAYER_HAS_NO_CIVIC_FEUDALISM'),
	('PLOT_ADJACENT_TO_MOUNTAIN_NO_APPRENTICESHIP',					'REQUIRES_PLOT_ADJACENT_TO_MOUNTAIN'),
	('PLOT_ADJACENT_TO_MOUNTAIN_NO_APPRENTICESHIP',					'HD_REQUIRES_PLAYER_HAS_NO_TECH_APPRENTICESHIP'),
	('PLOT_ADJACENT_TO_MOUNTAIN_NO_APPRENTICESHIP',					'HD_REQUIRES_PLAYER_HAS_TECH_BRONZE_WORKING'),
	('PLOT_HAS_BASIC_PRODUCTION_IMPROVEMENTS_REQUIREMENTS',			'REQUIRES_PLOT_HAS_MINE'),
	('PLOT_HAS_BASIC_PRODUCTION_IMPROVEMENTS_REQUIREMENTS',			'REQUIRES_PLOT_HAS_LUMBER_MILL'),
	('PLOT_HAS_BASIC_PRODUCTION_IMPROVEMENTS_REQUIREMENTS',			'REQUIRES_PLOT_HAS_QUARRY'),
	('PLOT_HAS_BASIC_PRODUCTION_IMPROVEMENTS_REQUIREMENTS',			'REQUIRES_PLOT_HAS_PASTURE'),
	('PLOT_HAS_BASIC_FOOD_IMPROVEMENTS_REQUIREMENTS',				'REQUIRES_PLOT_HAS_CAMP'),
	('PLOT_HAS_BASIC_FOOD_IMPROVEMENTS_REQUIREMENTS',				'REQUIRES_PLOT_HAS_FARM'),
	('PLOT_HAS_BASIC_FOOD_IMPROVEMENTS_REQUIREMENTS',				'REQUIRES_PLOT_HAS_PLANTATION'),
	('HD_IS_TUNDRA_SNOW_PRODUCTION_IMPROVEMENTS_REQUIREMENTS',		'REQUIRES_PLOT_IS_TUNDRA_OR_SNOW'),
	('HD_IS_TUNDRA_SNOW_PRODUCTION_IMPROVEMENTS_REQUIREMENTS',		'REQUIRES_PLOT_HAS_BASIC_PRODUCTION_IMPROVEMENTS'),
	('HD_IS_TUNDRA_SNOW_FOOD_IMPROVEMENTS_REQUIREMENTS',			'REQUIRES_PLOT_IS_TUNDRA_OR_SNOW'),
	('HD_IS_TUNDRA_SNOW_FOOD_IMPROVEMENTS_REQUIREMENTS',			'REQUIRES_PLOT_HAS_BASIC_FOOD_IMPROVEMENTS'),
	-- 
	-- ('PLAYER_IS_SUZERAIN_AND_FOUND_RELIGION',						'REQUIRES_PLAYER_IS_SUZERAIN'),
	-- ('PLAYER_IS_SUZERAIN_AND_FOUND_RELIGION',						'REQUIRES_PLAYER_AT_PEACE'),
	-- ('PLAYER_IS_SUZERAIN_AND_FOUND_RELIGION',						'REQUIRES_PLAYER_IS_SUZERAIN_BONUS_ENABLED'),
	-- ('PLAYER_IS_SUZERAIN_AND_FOUND_RELIGION',						'REQUIRES_PLAYER_FOUNDED_RELIGION'),
	('IS_CAMPUS_ADJACENT_TO_MOUNTAIN_REQUIREMENTS',					'REQUIRES_PLOT_ADJACENT_TO_MOUNTAIN'),
	('IS_CAMPUS_ADJACENT_TO_MOUNTAIN_REQUIREMENTS',					'REQUIRES_DISTRICT_IS_CAMPUS'),
	('HD_PLAYER_HAS_NO_CIVIC_COLONIALISM_REQUIRMENTS',				'HD_REQUIRES_PLAYER_HAS_NO_CIVIC_COLONIALISM'),
	('ADJACENT_TO_FOREST_REQUIREMENTS',								'REQUIRES_PLOT_ADJACENT_FOREST_ROOSEVELT'),
	('DL_PLOT_IS_LAKE_REQUIREMENTS',								'REQUIRES_PLOT_IS_LAKE'),
	('DL_CITY_HAS_WONDER_REQUIREMENTS',								'REQUIRES_CITY_HAS_WONDER'),
	('DL_PLOT_IS_WONDER_REQUIRMENTS',								'REQUIRES_DISTRICT_IS_DISTRICT_WONDER'),
	('DL_PLOT_IS_DISTRICT_IS_ENTERTAINMENT_REQUIRMENTS',			'REQUIRES_DISTRICT_IS_ENTERTAINMENT_COMPLEX'),
	('DL_THIS_WONDER_IS_AT_LEAST_MIEDIVAL_REQUIRMENTS',				'REQUIRES_THIS_WONDER_IS_AT_LEAST_MIEDIVAL'),
	('DL_THIS_WONDER_IS_AT_LEAST_ANCIENT_REQUIRMENTS',				'REQUIRES_THIS_WONDER_IS_AT_LEAST_ANCIENT'),
	('CITY_HAS_COLOSSUS',											'REQUIRES_CITY_HAS_BUILDING_COLOSSUS'),
	('CITY_HAS_THEATER_AND_COMMERCIAL_HUB_REQUIRMENTS',				'REQUIRES_CITY_HAS_COMMERCIAL_HUB'),
	('CITY_HAS_THEATER_AND_COMMERCIAL_HUB_REQUIRMENTS',				'REQUIRES_CITY_HAS_THEATER_DISTRICT'),
	('HD_UNIT_IN_OWNER_TERRITORY_REQUIREMENTS',						'UNIT_IN_OWNER_TERRITORY_REQUIREMENT'),
	-- ('CITY_HAS_GOVERNOR_PROMOTION_RESOURCE_MANAGER_INDUSTRIALIST',	'REQUIRES_CITY_HAS_GOVERNOR_PROMOTION_RESOURCE_MANAGER_INDUSTRIALIST'),
	('CITY_HAS_MAGNUS_WITHIN_RANGE',								'REQUIRES_CITY_HAS_BUILDING_DUMMY_MAGNUS'),
	('HD_PLOT_IS_OR_ADJACENT_TO_COAST_NOT_LAKE',					'HD_PLOT_ADJACENT_TO_COAST_NOT_LAKE_MET'),
	('HD_PLOT_IS_OR_ADJACENT_TO_COAST_NOT_LAKE',					'HD_PLOT_IS_COAST_NOT_LAKE_MET'),
	('PLAYER_NOT_HAS_GOLDEN_AGE',									'REQUIRES_PLAYER_NOT_HAS_GOLDEN_AGE'),
	('NON_WONDER_PLOT_IS_OR_ADJACENT_TO_COAST',						'PLOT_IS_OR_ADJACENT_TO_COAST_REQUIREMENTS'),
	('NON_WONDER_PLOT_IS_OR_ADJACENT_TO_COAST',						'HD_REQUIRES_DISTRICT_IS_NOT_DISTRICT_WONDER'),
	('DISTRICT_IS_HOLY_SITE_ADJACENT_TO_COAST',						'PLOT_IS_OR_ADJACENT_TO_COAST_REQUIREMENTS'),
	('DISTRICT_IS_HOLY_SITE_ADJACENT_TO_COAST',						'REQUIRES_DISTRICT_IS_HOLY_SITE'),
	('HD_OBJECT_WITHIN_8_TILES',									'REQUIRES_OBJECT_WITHIN_8_TILES'),
	('HD_OBJECT_WITHIN_9_TILES',									'REQUIRES_OBJECT_WITHIN_9_TILES'),
	('HD_OBJECT_WITHIN_10_TILES',									'REQUIRES_OBJECT_WITHIN_10_TILES'),
	('HD_OBJECT_WITHIN_12_TILES',									'REQUIRES_OBJECT_WITHIN_12_TILES'),
	('HD_OBJECT_WITHIN_4_TILES',									'REQUIRES_OBJECT_WITHIN_4_TILES'),
	('HD_CITY_HAS_BROADCAST_AND_POWERED',							'REQUIRES_CITY_HAS_BUILDING_BROADCAST_CENTER'),
	('HD_CITY_HAS_BROADCAST_AND_POWERED',							'REQUIRES_CITY_IS_POWERED'),
	('HD_PLAYER_HAS_CIVIC_CAPITALISM',								'REQUIRES_PLAYER_HAS_CIVIC_CAPITALISM'),
	('HD_DISTRICT_IS_ENTERTAINMENT_OR_WARTERPARK',					'REQUIRES_DISTRICT_IS_DISTRICT_ENTERTAINMENT_COMPLEX'),
	('HD_DISTRICT_IS_ENTERTAINMENT_OR_WARTERPARK',					'REQUIRES_DISTRICT_IS_DISTRICT_WATER_ENTERTAINMENT_COMPLEX'),
	('PLOT_IS_IMPROVED_ADJACENT',									'REQUIRES_PLOT_IS_IMPROVED'),
	('PLOT_IS_IMPROVED_ADJACENT',									'ADJACENT_TO_OWNER'),
	('OBJECT_IS_AT_OR_ADJACENT',									'REQUIRES_OBJECT_WITHIN_1_TILE'),
	('HD_CITY_CENTER_ADJACENT_TO_RIVER_REQUIREMENTS',				'REQUIRES_DISTRICT_IS_CITY_CENTER'),
	('HD_CITY_CENTER_ADJACENT_TO_RIVER_REQUIREMENTS',				'REQUIRES_PLOT_ADJACENT_TO_RIVER');

insert or ignore into RequirementSets (RequirementSetId, RequirementSetType)
	select 'HD_CITY_HAS_IMPROVED_' || ResourceType || '_REQUIRMENTS', 'REQUIREMENTSET_TEST_ALL' from Resources;
insert or ignore into RequirementSetRequirements (RequirementSetId, RequirementId)
	select 'HD_CITY_HAS_IMPROVED_' || ResourceType || '_REQUIRMENTS', 'HD_REQUIRES_CITY_HAS_IMPROVED_' || ResourceType from Resources;

insert or ignore into RequirementSets
	(RequirementSetId,									RequirementSetType)
values
	('DISTRICT_IS_SPECIALTY_DISTRICT_REQUIREMENTS',		'REQUIREMENTSET_TEST_ANY');
insert or ignore into RequirementSetRequirements
	(RequirementSetId,									RequirementId)
select 
	'DISTRICT_IS_SPECIALTY_DISTRICT_REQUIREMENTS',		'REQUIRES_DISTRICT_IS_' || DistrictType
from Districts where RequiresPopulation = 1;

-- New city center buildings
insert or ignore into RequirementSets 
	(RequirementSetId, 						RequirementSetType) 
values
	('HD_PLOT_HAS_FARM_RESOURCE_REQUIREMENTS',	'REQUIREMENTSET_TEST_ANY'),
	('OFFICIAL_RUN_HANDCRAFT_REQUIREMENT',	'REQUIREMENTSET_TEST_ANY'),
	('BOOTCAMP_REQUIREMENT',				'REQUIREMENTSET_TEST_ANY'),
	('KAREZ_REQUIREMENT',					'REQUIREMENTSET_TEST_ANY'),
	('FAIR_REQUIREMENT',					'REQUIREMENTSET_TEST_ANY'),
	('TOTEMS_ADJACENT_REQUIREMENT',			'REQUIREMENTSET_TEST_ANY');

insert or ignore into RequirementSetRequirements
	(RequirementSetId,						RequirementId)
select
	'HD_PLOT_HAS_FARM_RESOURCE_REQUIREMENTS',	'REQUIRES_' || ResourceType || '_IN_PLOT'
from Improvement_ValidResources where ImprovementType = 'IMPROVEMENT_FARM';

insert or ignore into RequirementSetRequirements
	(RequirementSetId,						RequirementId)
select
	'OFFICIAL_RUN_HANDCRAFT_REQUIREMENT',	'HD_REQUIRES_CITY_HAS_IMPROVED_' || r.ResourceType
from Resources r, Improvement_ValidResources i
where r.ResourceType = i.ResourceType and (i.ImprovementType = 'IMPROVEMENT_MINE' or i.ImprovementType = 'IMPROVEMENT_QUARRY')
	and (r.ResourceClassType = 'RESOURCECLASS_LUXURY' or r.ResourceClassType = 'RESOURCECLASS_BONUS');

insert or ignore into RequirementSetRequirements
	(RequirementSetId,						RequirementId)
select
	'BOOTCAMP_REQUIREMENT',					'HD_REQUIRES_CITY_HAS_IMPROVED_' || r.ResourceType
from Resources r, Improvement_ValidResources i
where r.ResourceType = i.ResourceType and (i.ImprovementType = 'IMPROVEMENT_PASTURE' or i.ImprovementType = 'IMPROVEMENT_CAMP'
	or r.ResourceClassType = 'RESOURCECLASS_STRATEGIC');

insert or ignore into RequirementSetRequirements 
    (RequirementSetId,						RequirementId) 
values
	('KAREZ_REQUIREMENT',					'REQUIRES_PLOT_IS_HILLS'),
	('KAREZ_REQUIREMENT',					'REQUIRES_PLOT_ADJACENT_TO_MOUNTAIN'),
	('FAIR_REQUIREMENT',					'REQUIRES_PLOT_ADJACENT_TO_LUXURY'),
	('FAIR_REQUIREMENT',					'REQUIRES_PLOT_HAS_LUXURY'),
	('TOTEMS_ADJACENT_REQUIREMENT',			'REQUIRES_PLOT_ADJACENT_FOREST_ROOSEVELT'),
	('TOTEMS_ADJACENT_REQUIREMENT',			'REQUIRES_PLOT_ADJACENT_TO_MOUNTAIN'),
	('TOTEMS_ADJACENT_REQUIREMENT',			'REQUIRES_PLOT_ADJACENT_TO_JUNGLE');

-- RequirementSets
insert or ignore into RequirementSets
	(RequirementSetId,									RequirementSetType)
values
	('DISTRICT_IS_HOLY_SITE_WITHIN_FOUR_TILES_REQUIREMENTS',		'REQUIREMENTSET_TEST_ALL'),
	('DISTRICT_IS_THEATER_AND_PLAYER_HAS_CIVIC_SOCIAL_SCIENCE_HD',	'REQUIREMENTSET_TEST_ALL'),
	('UNIT_WITHIN_NINE_TILES_REQUIREMENTS', 			'REQUIREMENTSET_TEST_ALL'),
	('PLAYER_HAS_CIVIC_SOCIAL_SCIENCE_HD',				'REQUIREMENTSET_TEST_ALL'),
	('PLAYER_HAS_CIVIC_URBANIZATION',					'REQUIREMENTSET_TEST_ALL'),
	('PLAYER_HAS_TECH_CELESTIAL_NAVIGATION',			'REQUIREMENTSET_TEST_ALL'),
	('PLAYER_HAS_TECH_BUTTRESS',						'REQUIREMENTSET_TEST_ALL'),
	('PLAYER_HAS_CONSTRUCTION_REQUIREMENTS',			'REQUIREMENTSET_TEST_ALL'),
	('PLAYER_HAS_PRINTING_REQUIREMENTS',				'REQUIREMENTSET_TEST_ALL'),
	('PLAYER_HAS_ASTRONOMY_REQUIREMENTS',				'REQUIREMENTSET_TEST_ALL'),
	('PLAYER_HAS_SCIENTIFIC_THEORY_REQUIREMENTS',		'REQUIREMENTSET_TEST_ALL'),
	('PLAYER_HAS_CHEMISTRY_REQUIREMENTS',				'REQUIREMENTSET_TEST_ALL'),
	('ATTACKING_DISTRICTS_REQUIREMENTS',				'REQUIREMENTSET_TEST_ALL'),
	('PLOT_HAS_FOREST_REQUIREMENT',						'REQUIREMENTSET_TEST_ALL'),
	('PLOT_HAS_JUNGLE_REQUIREMENT',						'REQUIREMENTSET_TEST_ALL'),
	('PLOT_HAS_MARSH_REQUIREMENT',						'REQUIREMENTSET_TEST_ALL'),
	('HD_DISTRICT_IS_CITY_CENTER',						'REQUIREMENTSET_TEST_ALL'),
	('HD_PLAYER_HAS_TECH_WRITING',						'REQUIREMENTSET_TEST_ALL'),
	('HD_PLAYER_HAS_CIVIC_FOREIGN_TRADE',				'REQUIREMENTSET_TEST_ALL'),
	('HD_PLAYER_HAS_HORSES_REQUIREMENTS',     			'REQUIREMENTSET_TEST_ALL'),
	('HD_PLAYER_HAS_IRON_REQUIREMENTS',    				'REQUIREMENTSET_TEST_ALL'),
	('HD_PLAYER_HAS_HORSES_AND_IRON_REQUIREMENTS',		'REQUIREMENTSET_TEST_ALL'),
	('CITY_HAS_IMPROVED_LUXURY_RESOURCE',    			'REQUIREMENTSET_TEST_ANY'),
	('UNIT_IS_CIVILIAN_CLASS',    						'REQUIREMENTSET_TEST_ANY'),
	('NOT_WONDER_IS_OR_ADJACENT_TO_COAST',    			'REQUIREMENTSET_TEST_ALL'),
	('WONDER_IS_OR_ADJACENT_TO_COAST',    				'REQUIREMENTSET_TEST_ALL'),
    ('HD_DISTRICTS_IS_NOT_WONDERS_OR_CITY_CENTER_REQUIREMENTS',           'REQUIREMENTSET_TEST_ALL');

insert or ignore into RequirementSetRequirements
	(RequirementSetId,									RequirementId)
values
	('DISTRICT_IS_HOLY_SITE_WITHIN_FOUR_TILES_REQUIREMENTS', 		'REQUIRES_PLOT_HAS_HOLY_SITE'),
	('DISTRICT_IS_HOLY_SITE_WITHIN_FOUR_TILES_REQUIREMENTS', 		'REQUIRES_WITHIN_FOUR_TILES_FROM_OWNER'),
	('DISTRICT_IS_THEATER_AND_PLAYER_HAS_CIVIC_SOCIAL_SCIENCE_HD',	'REQUIRES_DISTRICT_IS_THEATER'),
	('DISTRICT_IS_THEATER_AND_PLAYER_HAS_CIVIC_SOCIAL_SCIENCE_HD',	'REQUIRES_PLAYER_HAS_CIVIC_SOCIAL_SCIENCE_HD'),
	('UNIT_WITHIN_NINE_TILES_REQUIREMENTS', 			'REQUIRES_WITHIN_NINE_TILES_FROM_OWNER'),
	('PLAYER_HAS_CIVIC_SOCIAL_SCIENCE_HD',				'REQUIRES_PLAYER_HAS_CIVIC_SOCIAL_SCIENCE_HD'),
	('PLAYER_HAS_CIVIC_URBANIZATION',					'REQUIRES_PLAYER_HAS_CIVIC_URBANIZATION'),
	('PLAYER_HAS_TECH_CELESTIAL_NAVIGATION',			'HD_REQUIRES_PLAYER_HAS_TECH_CELESTIAL_NAVIGATION'),
	('PLAYER_HAS_TECH_BUTTRESS',						'HD_REQUIRES_PLAYER_HAS_TECH_BUTTRESS'),
	('PLAYER_HAS_CONSTRUCTION_REQUIREMENTS',			'HD_REQUIRES_PLAYER_HAS_TECH_CONSTRUCTION'),
	('PLAYER_HAS_PRINTING_REQUIREMENTS',				'HD_REQUIRES_PLAYER_HAS_TECH_PRINTING'),
	('PLAYER_HAS_ASTRONOMY_REQUIREMENTS',				'HD_REQUIRES_PLAYER_HAS_TECH_ASTRONOMY'),
	('PLAYER_HAS_SCIENTIFIC_THEORY_REQUIREMENTS',		'HD_REQUIRES_PLAYER_HAS_TECH_SCIENTIFIC_THEORY'),
	('PLAYER_HAS_CHEMISTRY_REQUIREMENTS',				'HD_REQUIRES_PLAYER_HAS_TECH_CHEMISTRY'),
	('ATTACKING_DISTRICTS_REQUIREMENTS',				'PLAYER_IS_ATTACKER_REQUIREMENTS'),
	('ATTACKING_DISTRICTS_REQUIREMENTS',				'OPPONENT_IS_DISTRICT'),
	('PLOT_HAS_FOREST_REQUIREMENT',						'PLOT_IS_FOREST_REQUIREMENT'),
	('PLOT_HAS_JUNGLE_REQUIREMENT',						'PLOT_IS_JUNGLE_REQUIREMENT'),
	('PLOT_HAS_MARSH_REQUIREMENT',						'PLOT_IS_MARSH_REQUIREMENT'),
	('HD_DISTRICT_IS_CITY_CENTER',						'REQUIRES_DISTRICT_IS_DISTRICT_CITY_CENTER'),
	('HD_PLAYER_HAS_TECH_WRITING',						'HD_REQUIRES_PLAYER_HAS_TECH_WRITING'),
	('HD_PLAYER_HAS_CIVIC_FOREIGN_TRADE',				'REQUIRES_PLAYER_HAS_CIVIC_FOREIGN_TRADE'),
	('HD_PLAYER_HAS_HORSES_REQUIREMENTS',     			'HD_REQUIRES_PLAYER_HAS_HORSES_XHH'),
	('HD_PLAYER_HAS_IRON_REQUIREMENTS',    				'HD_REQUIRES_PLAYER_HAS_IRON_XHH'),
	('HD_PLAYER_HAS_HORSES_AND_IRON_REQUIREMENTS',		'HD_REQUIRES_PLAYER_HAS_HORSES_XHH'),
	('HD_PLAYER_HAS_HORSES_AND_IRON_REQUIREMENTS',		'HD_REQUIRES_PLAYER_HAS_IRON_XHH'),
	('NOT_WONDER_IS_OR_ADJACENT_TO_COAST',    			'PLOT_IS_OR_ADJACENT_TO_COAST_REQUIREMENTS'),
	('NOT_WONDER_IS_OR_ADJACENT_TO_COAST',    			'HD_REQUIRES_DISTRICT_IS_NOT_DISTRICT_WONDER'),
	('WONDER_IS_OR_ADJACENT_TO_COAST',    				'PLOT_IS_OR_ADJACENT_TO_COAST_REQUIREMENTS'),
	('WONDER_IS_OR_ADJACENT_TO_COAST',    				'REQUIRES_DISTRICT_IS_DISTRICT_WONDER'),
    ('HD_DISTRICTS_IS_NOT_WONDERS_OR_CITY_CENTER_REQUIREMENTS',             'HD_REQUIRES_DISTRICT_IS_NOT_DISTRICT_WONDER'),
    ('HD_DISTRICTS_IS_NOT_WONDERS_OR_CITY_CENTER_REQUIREMENTS',             'HD_REQUIRES_DISTRICT_IS_NOT_DISTRICT_CITY_CENTER');

-- RequirementSets
insert or ignore into RequirementSets
	(RequirementSetId,									RequirementSetType)
values
	-- Techs
	('HAS_COPPER_RESOURCE_AND_BRONZE_WORKING',			'REQUIREMENTSET_TEST_ALL'),
	('PLOT_ADJACENT_TO_MOUNTAIN',						'REQUIREMENTSET_TEST_ANY'),
	('HAS_APPRENTICESHIP_AND_PLOT_ADJACENT_TO_MOUNTAIN','REQUIREMENTSET_TEST_ALL'),
	('PLOT_ADJACENT_TO_INDUSTRIAL_ZONE',				'REQUIREMENTSET_TEST_ANY'),
	-- ('HAS_CONSTRUCTION_AND_PLOT_ADJACENT_TO_RIVER_REQUIREMENTS', 'REQUIREMENTSET_TEST_ALL'),
	('HD_PLOT_HAS_LUXURY_RESOURCE_REQUIREMENTS',		'REQUIREMENTSET_TEST_ALL'),
	('HD_PLOT_HAS_BONUS_RESOURCE_REQUIREMENTS',			'REQUIREMENTSET_TEST_ALL'),
	('HD_PLOT_HAS_STRATEGIC_RESOURCE_REQUIREMENTS',		'REQUIREMENTSET_TEST_ALL'),
	('HD_PLOT_HAS_LUXURY_OR_BONUS_RESOURCE_REQUIREMENTS', 'REQUIREMENTSET_TEST_ANY'),
	-- ('PLOT_HAS_WORKSHOP_RESOURCES_REQUIREMENTS',		'REQUIREMENTSET_TEST_ALL'),
	-- ('PLOT_HAS_WORKSHOP_IMPROVEMENTS_REQUIREMENTS',		'REQUIREMENTSET_TEST_ANY'),
	-- ('PLOT_HAS_MANU_RESOURCES_REQUIREMENTS',			'REQUIREMENTSET_TEST_ALL'),
	-- ('PLOT_HAS_MANU_IMPROVEMENTS_REQUIREMENTS',			'REQUIREMENTSET_TEST_ANY'),
	-- buildings
	('HD_PLOT_HAS_PLANTATION_OVER_BONUS_RESOURCES',		'REQUIREMENTSET_TEST_ALL'),
	('HD_PLOT_HAS_CAMP_OVER_BONUS_RESOURCES',			'REQUIREMENTSET_TEST_ALL'),
	('HD_PLOT_HAS_PASTURE_OVER_BONUS_RESOURCES',		'REQUIREMENTSET_TEST_ALL'),
	('HAS_IMPROVED_MINE_BONUS',							'REQUIREMENTSET_TEST_ALL'),
	('HAS_IMPROVED_QUARRY_BONUS',						'REQUIREMENTSET_TEST_ALL'),
	('HAS_IMPROVED_LUMBER_MILL_BONUS',					'REQUIREMENTSET_TEST_ALL'),
	('HAS_IMPROVED_HORSES',								'REQUIREMENTSET_TEST_ALL'),
	('HAS_IMPROVED_IRON',								'REQUIREMENTSET_TEST_ALL'),
	('HAS_IMPROVED_COAL',								'REQUIREMENTSET_TEST_ALL'),
	('HAS_ARMORY_RESOURCE',								'REQUIREMENTSET_TEST_ANY'),
	('HAS_FACTORY_RESOURCE',							'REQUIREMENTSET_TEST_ANY'),
	('HAS_MILITARY_ACADEMY_RESOURCE',					'REQUIREMENTSET_TEST_ANY'),
	-- 
	('IS_ADJACENT_TO_AQUEDUCT',							'REQUIREMENTSET_TEST_ALL'),
	('IS_FARM_ADJACENT_TO_FRESH_WATER',					'REQUIREMENTSET_TEST_ALL'),
	('IS_FARM_ADJACENT_TO_AQUEDUCT',					'REQUIREMENTSET_TEST_ALL'),
	('IS_FARM_ADJACENT_TO_FRESH_WATER_AND_AQUEDUCT',	'REQUIREMENTSET_TEST_ALL'),
	('UNIVERSITY_ADJACENCY_SCIENCE_JUNGLE_REQUIREMENTS','REQUIREMENTSET_TEST_ALL'),
	('HANSA_ADJACENT_PRODUCTION_RESOURCE_REQUIREMENTS',	'REQUIREMENTSET_TEST_ALL'),
	-- ('MBANZA_ADJACENCY_FOOD_JUNGLE_REQUIREMENTS',		'REQUIREMENTSET_TEST_ALL'),
	-- ('MBANZA_ADJACENCY_FOOD_FOREST_REQUIREMENTS',		'REQUIREMENTSET_TEST_ALL'),
	('PLOT_HAS_MINE_OR_QUARRY',							'REQUIREMENTSET_TEST_ANY'),
	-- Airport
	('HAS_AIRPORT_WITHIN_9_TILES',						'REQUIREMENTSET_TEST_ALL'),
	('CITY_HAS_NO_FILM_STUDIO',							'REQUIREMENTSET_TEST_ALL'),
	-- Hill
	('PLOT_IS_TERRAIN_HILL',							'REQUIREMENTSET_TEST_ANY'),
	-- Maori
	('PLOT_HAS_JUNGLE_CIVIL_SERVICE_REQUIREMENTS',		'REQUIREMENTSET_TEST_ALL'),
	('PLOT_HAS_FOREST_CIVIL_SERVICE_REQUIREMENTS',		'REQUIREMENTSET_TEST_ALL'),
	('PLOT_HAS_JUNGLE_ENVIRONMENTALISM_REQUIREMENTS',	'REQUIREMENTSET_TEST_ALL'),
	('PLOT_HAS_FOREST_ENVIRONMENTALISM_REQUIREMENTS',	'REQUIREMENTSET_TEST_ALL'),
	-- not used
	('IS_FARM_ADJACENT_TO_RIVER',						'REQUIREMENTSET_TEST_ALL'),
	('IS_FARM_NOT_ADJACENT_TO_RIVER',					'REQUIREMENTSET_TEST_ALL');

insert or ignore into RequirementSetRequirements
	(RequirementSetId,									RequirementId)
values
	-- Copper
	-- ('HAS_COPPER_RESOURCE_AND_BRONZE_WORKING',			'REQUIRES_RESOURCE_COPPER_IN_PLOT'),
	-- ('HAS_COPPER_RESOURCE_AND_BRONZE_WORKING',			'HD_REQUIRES_PLAYER_HAS_TECH_BRONZE_WORKING'),
	-- Mine
	('PLOT_ADJACENT_TO_MOUNTAIN',						'REQUIRES_PLOT_ADJACENT_TO_MOUNTAIN'),
	('HAS_APPRENTICESHIP_AND_PLOT_ADJACENT_TO_MOUNTAIN','REQUIRES_PLOT_ADJACENT_TO_MOUNTAIN'),
	('HAS_APPRENTICESHIP_AND_PLOT_ADJACENT_TO_MOUNTAIN','HD_REQUIRES_PLAYER_HAS_TECH_APPRENTICESHIP'),
	('PLOT_ADJACENT_TO_INDUSTRIAL_ZONE',				'REQUIRES_PLOT_ADJACENT_TO_DISTRICT_INDUSTRIAL_ZONE'),
	('PLOT_ADJACENT_TO_INDUSTRIAL_ZONE',				'REQUIRES_PLOT_ADJACENT_TO_DISTRICT_HANSA'),
	('HD_PLOT_HAS_LUXURY_RESOURCE_REQUIREMENTS',		'REQUIRES_PLOT_HAS_LUXURY'),
	('HD_PLOT_HAS_BONUS_RESOURCE_REQUIREMENTS',			'REQUIRES_PLOT_HAS_BONUS'),
	('HD_PLOT_HAS_STRATEGIC_RESOURCE_REQUIREMENTS',		'REQUIRES_PLOT_HAS_STRATEGIC'),
	('HD_PLOT_HAS_LUXURY_OR_BONUS_RESOURCE_REQUIREMENTS', 'REQUIRES_PLOT_HAS_LUXURY'),
	('HD_PLOT_HAS_LUXURY_OR_BONUS_RESOURCE_REQUIREMENTS', 'REQUIRES_PLOT_HAS_BONUS'),
	-- ('PLOT_HAS_WORKSHOP_RESOURCES_REQUIREMENTS',		'PLOT_HAS_RESOURCE_REQUIREMENTS'),
	-- ('PLOT_HAS_WORKSHOP_RESOURCES_REQUIREMENTS',		'REQUIRES_PLOT_HAS_WORKSHOP_IMPROVEMENTS'),
	-- ('PLOT_HAS_WORKSHOP_IMPROVEMENTS_REQUIREMENTS',		'REQUIRES_PLOT_HAS_MINE'),
	-- ('PLOT_HAS_WORKSHOP_IMPROVEMENTS_REQUIREMENTS',		'REQUIRES_PLOT_HAS_QUARRY'),
	-- ('PLOT_HAS_WORKSHOP_IMPROVEMENTS_REQUIREMENTS',		'REQUIRES_PLOT_HAS_LUMBER_MILL'),
	-- ('PLOT_HAS_MANU_RESOURCES_REQUIREMENTS',			'PLOT_HAS_RESOURCE_REQUIREMENTS'),
	-- ('PLOT_HAS_MANU_RESOURCES_REQUIREMENTS',			'REQUIRES_PLOT_HAS_MANU_IMPROVEMENTS'),
	-- ('PLOT_HAS_MANU_IMPROVEMENTS_REQUIREMENTS',			'REQUIRES_PLOT_HAS_FARM'),
	-- ('PLOT_HAS_MANU_IMPROVEMENTS_REQUIREMENTS',			'REQUIRES_PLOT_HAS_PLANTATION'),
	-- ('PLOT_HAS_MANU_IMPROVEMENTS_REQUIREMENTS',			'REQUIRES_PLOT_HAS_PASTURE'),
	-- ('PLOT_HAS_MANU_IMPROVEMENTS_REQUIREMENTS',			'REQUIRES_PLOT_HAS_CAMP'),
	-- Lumber mill
	-- ('HAS_CONSTRUCTION_AND_PLOT_ADJACENT_TO_RIVER_REQUIREMENTS',	'REQUIRES_PLOT_ADJACENT_TO_RIVER'),
	-- ('HAS_CONSTRUCTION_AND_PLOT_ADJACENT_TO_RIVER_REQUIREMENTS',	'HD_REQUIRES_PLAYER_HAS_TECH_CONSTRUCTION'),
	-- Granary
	('HD_PLOT_HAS_PLANTATION_OVER_BONUS_RESOURCES',		'REQUIRES_PLOT_HAS_BONUS'),
	('HD_PLOT_HAS_PLANTATION_OVER_BONUS_RESOURCES',		'REQUIRES_PLOT_HAS_PLANTATION'),
	('HD_PLOT_HAS_CAMP_OVER_BONUS_RESOURCES',			'REQUIRES_PLOT_HAS_BONUS'),
	('HD_PLOT_HAS_CAMP_OVER_BONUS_RESOURCES',			'REQUIRES_PLOT_HAS_CAMP'),
	-- Commercial hub
	('HD_PLOT_HAS_PASTURE_OVER_BONUS_RESOURCES',		'REQUIRES_PLOT_HAS_BONUS'),
	('HD_PLOT_HAS_PASTURE_OVER_BONUS_RESOURCES',		'REQUIRES_PLOT_HAS_PASTURE'),
	-- Encampment
	('HAS_IMPROVED_MINE_BONUS',							'REQUIRES_PLOT_HAS_BONUS'),
	('HAS_IMPROVED_MINE_BONUS',							'REQUIRES_PLOT_HAS_MINE'),
	-- Stable
	('HAS_IMPROVED_HORSES',								'REQUIRES_RESOURCE_HORSES_IN_PLOT'),
	('HAS_IMPROVED_HORSES',								'REQUIRES_PLOT_HAS_PASTURE'),
	-- Barracks
	('HAS_IMPROVED_IRON',								'REQUIRES_RESOURCE_IRON_IN_PLOT'),
	('HAS_IMPROVED_IRON',								'REQUIRES_PLOT_HAS_MINE'),
	-- Armory
	('HAS_ARMORY_RESOURCE',								'REQUIRES_RESOURCE_NITER_IN_PLOT'),
	('HAS_ARMORY_RESOURCE',								'REQUIRES_RESOURCE_OIL_IN_PLOT'),
	-- Factory
	('HAS_IMPROVED_COAL',								'REQUIRES_RESOURCE_COAL_IN_PLOT'),
	('HAS_IMPROVED_COAL',								'REQUIRES_PLOT_HAS_MINE'),
	('HAS_FACTORY_RESOURCE',							'REQUIRES_RESOURCE_COAL_IN_PLOT'),
	-- Military Academy
	('HAS_MILITARY_ACADEMY_RESOURCE',					'REQUIRES_RESOURCE_ALUMINUM_IN_PLOT'),
	('HAS_MILITARY_ACADEMY_RESOURCE',					'REQUIRES_RESOURCE_URANIUM_IN_PLOT'),
	-- 
	('IS_ADJACENT_TO_AQUEDUCT',							'REQUIRES_PLOT_ADJACENT_TO_AQUEDUCT'),
	-- Aqueduct
	('IS_FARM_ADJACENT_TO_AQUEDUCT',					'REQUIRES_PLOT_ADJACENT_TO_AQUEDUCT'),
	('IS_FARM_ADJACENT_TO_AQUEDUCT',					'REQUIRES_PLOT_HAS_FARM'),
	-- ('IS_FARM_ADJACENT_TO_AQUEDUCT',					'HD_REQUIRES_PLAYER_HAS_TECH_CALENDAR_HD'),
	('IS_FARM_ADJACENT_TO_FRESH_WATER',					'REQUIRES_PLOT_IS_FRESH_WATER'),
	('IS_FARM_ADJACENT_TO_FRESH_WATER',					'REQUIRES_PLOT_HAS_FARM'),
	-- ('IS_FARM_ADJACENT_TO_FRESH_WATER',					'HD_REQUIRES_PLAYER_HAS_TECH_CALENDAR_HD'),
	('IS_FARM_ADJACENT_TO_FRESH_WATER_AND_AQUEDUCT',	'REQUIRES_PLOT_ADJACENT_TO_AQUEDUCT'),
	('IS_FARM_ADJACENT_TO_FRESH_WATER_AND_AQUEDUCT',	'REQUIRES_PLOT_IS_FRESH_WATER'),
	('IS_FARM_ADJACENT_TO_FRESH_WATER_AND_AQUEDUCT',	'REQUIRES_PLOT_HAS_FARM'),
	-- ('IS_FARM_ADJACENT_TO_FRESH_WATER_AND_AQUEDUCT',	'HD_REQUIRES_PLAYER_HAS_TECH_CALENDAR_HD'),
	-- Industrial Zone
	('HAS_IMPROVED_QUARRY_BONUS',						'REQUIRES_PLOT_HAS_BONUS'),
	('HAS_IMPROVED_QUARRY_BONUS',						'REQUIRES_PLOT_HAS_QUARRY'),
	('HAS_IMPROVED_LUMBER_MILL_BONUS',					'REQUIRES_PLOT_HAS_BONUS'),
	('HAS_IMPROVED_LUMBER_MILL_BONUS',					'REQUIRES_PLOT_HAS_LUMBER_MILL'),
	-- Hansa, add production to adjacent resources.
	('HANSA_ADJACENT_PRODUCTION_RESOURCE_REQUIREMENTS',	'REQUIRES_PLOT_HAS_VISIBLE_RESOURCE'),
	('HANSA_ADJACENT_PRODUCTION_RESOURCE_REQUIREMENTS',	'ADJACENT_TO_OWNER'),
	-- Mbanza, add food to adjacent jungle or forest.
	-- ('MBANZA_ADJACENCY_FOOD_JUNGLE_REQUIREMENTS',		'REQUIRES_PLOT_HAS_JUNGLE'),
	-- ('MBANZA_ADJACENCY_FOOD_JUNGLE_REQUIREMENTS',		'ADJACENT_TO_OWNER'),
	-- ('MBANZA_ADJACENCY_FOOD_FOREST_REQUIREMENTS',		'PLOT_IS_FOREST_REQUIREMENT'),
	-- ('MBANZA_ADJACENCY_FOOD_FOREST_REQUIREMENTS',		'ADJACENT_TO_OWNER'),
	-- University add science to adjacent rainforest
	('UNIVERSITY_ADJACENCY_SCIENCE_JUNGLE_REQUIREMENTS','REQUIRES_PLOT_HAS_JUNGLE'),
	('UNIVERSITY_ADJACENCY_SCIENCE_JUNGLE_REQUIREMENTS','ADJACENT_TO_OWNER'),
	-- Workshop
	('PLOT_HAS_MINE_OR_QUARRY',							'REQUIRES_PLOT_HAS_MINE'),
	('PLOT_HAS_MINE_OR_QUARRY',							'REQUIRES_PLOT_HAS_QUARRY'),
	-- Airport vs film studio
	('HAS_AIRPORT_WITHIN_9_TILES',						'REQUIRES_AIRPORT_AND_WITHIN_9TILES'),
	-- ('HAS_AIRPORT_WITHIN_9_TILES',						'REQUIRES_CITY_HAS_NO_FILM_STUDIO'),
	('CITY_HAS_NO_FILM_STUDIO',							'REQUIRES_CITY_HAS_NO_FILM_STUDIO'),
	-- Hill
	('PLOT_IS_TERRAIN_HILL',							'PLOT_IS_GRASS_HILLS_TERRAIN_REQUIREMENT'),
	('PLOT_IS_TERRAIN_HILL',							'PLOT_IS_PLAINS_HILLS_TERRAIN_REQUIREMENT'),
	('PLOT_IS_TERRAIN_HILL',							'PLOT_IS_TUNDRA_HILLS_TERRAIN_REQUIREMENT'),
	('PLOT_IS_TERRAIN_HILL',							'PLOT_IS_DESERT_HILLS_TERRAIN_REQUIREMENT'),
	('PLOT_IS_TERRAIN_HILL',							'PLOT_IS_SNOW_HILLS_TERRAIN_REQUIREMENT'),
	-- Maori
	('PLOT_HAS_JUNGLE_CIVIL_SERVICE_REQUIREMENTS',		'REQUIRES_PLAYER_HAS_CIVIL_SERVICE'),
	('PLOT_HAS_JUNGLE_CIVIL_SERVICE_REQUIREMENTS',		'REQUIRES_PLOT_HAS_NO_IMPROVEMENT'),
	('PLOT_HAS_JUNGLE_CIVIL_SERVICE_REQUIREMENTS',		'PLOT_IS_JUNGLE_REQUIREMENT'),
	('PLOT_HAS_FOREST_CIVIL_SERVICE_REQUIREMENTS',		'REQUIRES_PLAYER_HAS_CIVIL_SERVICE'),
	('PLOT_HAS_FOREST_CIVIL_SERVICE_REQUIREMENTS',		'REQUIRES_PLOT_HAS_NO_IMPROVEMENT'),
	('PLOT_HAS_FOREST_CIVIL_SERVICE_REQUIREMENTS',		'PLOT_IS_FOREST_REQUIREMENT'),
	('PLOT_HAS_JUNGLE_ENVIRONMENTALISM_REQUIREMENTS',	'REQUIRES_PLAYER_HAS_CIVIC_ENVIRONMENTALISM'),
	('PLOT_HAS_JUNGLE_ENVIRONMENTALISM_REQUIREMENTS',	'REQUIRES_PLOT_HAS_NO_IMPROVEMENT'),
	('PLOT_HAS_JUNGLE_ENVIRONMENTALISM_REQUIREMENTS',	'PLOT_IS_JUNGLE_REQUIREMENT'),
	('PLOT_HAS_FOREST_ENVIRONMENTALISM_REQUIREMENTS',	'REQUIRES_PLAYER_HAS_CIVIC_ENVIRONMENTALISM'),
	('PLOT_HAS_FOREST_ENVIRONMENTALISM_REQUIREMENTS',	'REQUIRES_PLOT_HAS_NO_IMPROVEMENT'),
	('PLOT_HAS_FOREST_ENVIRONMENTALISM_REQUIREMENTS',	'PLOT_IS_FOREST_REQUIREMENT'),
	-- not used
	('IS_FARM_ADJACENT_TO_RIVER',						'REQUIRES_PLOT_ADJACENT_TO_RIVER'),
	('IS_FARM_ADJACENT_TO_RIVER',						'REQUIRES_PLOT_HAS_FARM'),
	('IS_FARM_NOT_ADJACENT_TO_RIVER',					'REQUIRES_PLOT_NOT_ADJACENT_TO_RIVER'),
	('IS_FARM_NOT_ADJACENT_TO_RIVER',					'REQUIRES_PLOT_HAS_FARM');

insert or ignore into RequirementSets
	(RequirementSetId,											RequirementSetType)
values
	('PLOT_HAS_LUMBER_MILL_REQUIREMENTS',			            'REQUIREMENTSET_TEST_ALL'),
	('PAN_CITY_HAS_IMPROVED_LUMBER_MILL_RESOURCE',			    'REQUIREMENTSET_TEST_ANY'),
	('PLOT_HAS_LUXURY_LUMBER_MILL_REQUIREMENTS',			    'REQUIREMENTSET_TEST_ALL'),
	('PLOT_HAS_BONUS_LUMBER_MILL_REQUIREMENTS',			    	'REQUIREMENTSET_TEST_ALL');
insert or ignore into RequirementSetRequirements
	(RequirementSetId,											RequirementId)
values
	('PLOT_HAS_LUMBER_MILL_REQUIREMENTS',			            'REQUIRES_PLOT_HAS_LUMBER_MILL'),
	('PLOT_HAS_LUXURY_LUMBER_MILL_REQUIREMENTS',			    'REQUIRES_PLOT_HAS_LUXURY'),
	('PLOT_HAS_LUXURY_LUMBER_MILL_REQUIREMENTS',			    'REQUIRES_PLOT_HAS_LUMBER_MILL'),
	('PLOT_HAS_BONUS_LUMBER_MILL_REQUIREMENTS',			        'REQUIRES_PLOT_HAS_BONUS'),
	('PLOT_HAS_BONUS_LUMBER_MILL_REQUIREMENTS',			        'REQUIRES_PLOT_HAS_LUMBER_MILL');

-- Policies (include Golden Age)
insert or ignore into RequirementSets
	(RequirementSetId,							RequirementSetType)
values
	('PLAYER_HAS_NO_DIPLOMATIC_QUARTER',		'REQUIREMENTSET_TEST_ALL'),
	('CITY_HAS_AQUEDUCT_REQUIREMENTS',			'REQUIREMENTSET_TEST_ALL'),
	('CITY_HAS_THEATER_REQUIREMENTS',			'REQUIREMENTSET_TEST_ALL'),
	('CITY_HAS_COMMERCIAL_HUB_REQUIREMENTS',	'REQUIREMENTSET_TEST_ALL'),
	('CITY_HAS_HARBOR_REQUIREMENTS',			'REQUIREMENTSET_TEST_ALL'),
	('HD_CITY_HAS_CAMPUS_REQUIREMENTS',			'REQUIREMENTSET_TEST_ALL'),
	('HD_CITY_HAS_INDUSTRIAL_ZONE_REQUIREMENTS', 'REQUIREMENTSET_TEST_ALL'),
	('HD_UNIT_IS_SETTLER',						'REQUIREMENTSET_TEST_ALL'),
	('UNIT_IS_GOLDEN_AGE_SETTLER',				'REQUIREMENTSET_TEST_ALL');

insert or ignore into RequirementSetRequirements
	(RequirementSetId,							RequirementId)
values
	('PLAYER_HAS_NO_DIPLOMATIC_QUARTER',		'REQUIRES_PLAYER_HAS_NO_DIPLOMATIC_QUARTER'),
	('CITY_HAS_AQUEDUCT_REQUIREMENTS',			'REQUIRES_CITY_HAS_DISTRICT_AQUEDUCT'),
	('CITY_HAS_THEATER_REQUIREMENTS',			'REQUIRES_CITY_HAS_DISTRICT_THEATER'),
	('CITY_HAS_COMMERCIAL_HUB_REQUIREMENTS',	'REQUIRES_CITY_HAS_DISTRICT_COMMERCIAL_HUB'),
	('CITY_HAS_HARBOR_REQUIREMENTS',			'REQUIRES_CITY_HAS_DISTRICT_HARBOR'),
	('HD_CITY_HAS_CAMPUS_REQUIREMENTS',			'REQUIRES_CITY_HAS_DISTRICT_CAMPUS'),
	('HD_CITY_HAS_INDUSTRIAL_ZONE_REQUIREMENTS', 'REQUIRES_CITY_HAS_DISTRICT_INDUSTRIAL_ZONE'),
	('HD_UNIT_IS_SETTLER',						'REQUIREMENT_UNIT_IS_SETTLER'),
	('UNIT_IS_GOLDEN_AGE_SETTLER',				'REQUIREMENT_UNIT_IS_SETTLER'),
	('UNIT_IS_GOLDEN_AGE_SETTLER',				'REQUIRES_PLAYER_HAS_GOLDEN_AGE');

-- Beliefs
insert or ignore into RequirementSets
	(RequirementSetId,											RequirementSetType)
values
	-- Pantheon
	('TENGRI_CITY_HAS_PASTURE',									'REQUIREMENTSET_TEST_ANY'),
	('GODDESS_OF_FESTIVALS_CITY_HAS_PLANTATION',				'REQUIREMENTSET_TEST_ANY'),
	('GOD_OF_THE_SEA_CITY_HAS_FISHINGBOATS',					'REQUIREMENTSET_TEST_ANY'),
	('CITY_FOLLOWS_PANTHEON_AND_CITY_HAS_HOLYSITE',				'REQUIREMENTSET_TEST_ALL'),
	('CITY_FOLLOWS_PANTHEON_AND_HOLYSITE_REQUIREMENTS',			'REQUIREMENTSET_TEST_ALL'),
	('CITY_FOLLOWS_RELIGION_AND_HOLYSITE_REQUIREMENTS',			'REQUIREMENTSET_TEST_ALL'),
	('HOLYSITE_TUNDRA_REQUIREMENTS',							'REQUIREMENTSET_TEST_ALL'),
	('HOLYSITE_TUNDRA_HILL_REQUIREMENTS',						'REQUIREMENTSET_TEST_ALL'),
	('HOLYSITE_DESERT_REQUIREMENTS',							'REQUIREMENTSET_TEST_ALL'),
	('HOLYSITE_DESERT_HILL_REQUIREMENTS',						'REQUIREMENTSET_TEST_ALL'),
	('HOLYSITE_JUNGLE_REQUIREMENTS',							'REQUIREMENTSET_TEST_ALL'),
	('CITY_HAS_1_DESERT',										'REQUIREMENTSET_TEST_ALL'),
	('CITY_HAS_1_TUNDRA',										'REQUIREMENTSET_TEST_ALL'),
	('PLOT_HAS_TUNDRA_OR_TUNDRA_HILL_REQUIREMENTS',				'REQUIREMENTSET_TEST_ANY'),
	('PLOT_HAS_DESERT_OR_DESERT_HILL_REQUIREMENTS',				'REQUIREMENTSET_TEST_ANY'),
	('GODDESS_OF_FIRE_CITY_HAS_VOLCANO',						'REQUIREMENTSET_TEST_ANY'),
	('RELIGIOUS_IDOLS_CITY_HAS_LUXURY_OR_BONUS_MINE',			'REQUIREMENTSET_TEST_ANY'),
	('STONE_CIRCLES_CITY_HAS_QUARRY',							'REQUIREMENTSET_TEST_ANY'),
	('ONE_WITH_NATURE_CITY_HAS_NATURAL_WONDER',					'REQUIREMENTSET_TEST_ANY'),
	('HOLYSITE_PLANTATION_REQUIREMENTS',						'REQUIREMENTSET_TEST_ALL'),
	('HOLYSITE_PASTURE_REQUIREMENTS',							'REQUIREMENTSET_TEST_ALL'),
	('PLOT_EIGHT_INCLUDE_CITY_CENTER',							'REQUIREMENTSET_TEST_ALL'),
	('CITY_HAS_GRANARY',										'REQUIREMENTSET_TEST_ALL'),
	('CITY_HAS_MONUMENT',										'REQUIREMENTSET_TEST_ALL'),
	-- ('PLOT_HAS_FARM_RESOURCE_REQUIREMENTS',						'REQUIREMENTSET_TEST_ANY'),
	('PLOT_IS_LAND_ADJACENT_TO_COAST',							'REQUIREMENTSET_TEST_ALL'),
	('PLOT_IS_COAST_NOT_LAKE_REQUIREMENTS',						'REQUIREMENTSET_TEST_ALL'),
	('PLOT_IS_OCEAN_REQUIREMENTS',								'REQUIREMENTSET_TEST_ALL'),
	('PLOT_HAS_IMPROVED_FOREST_REQUIREMENTS',					'REQUIREMENTSET_TEST_ALL'),
	('PLOT_HAS_IMPROVED_JUNGLE_REQUIREMENTS',					'REQUIREMENTSET_TEST_ALL'),
	('PLOT_HAS_CAMP_AND_RESOURCE_REQUIREMENTS',					'REQUIREMENTSET_TEST_ALL'),
	('PLOT_HAS_BONUS_FISHING_BOATS_REQUIREMENTS',				'REQUIREMENTSET_TEST_ALL'),
	('PLOT_HAS_LUXURY_FISHING_BOATS_REQUIREMENTS',				'REQUIREMENTSET_TEST_ALL'),
	--
	('HD_CITY_HAS_RESOURCE_CAMP',								'REQUIREMENTSET_TEST_ANY'),
	('HD_CITY_HAS_RESOURCE_FARM',								'REQUIREMENTSET_TEST_ANY'),
	-- , by xiaoxiao
	('HD_CITY_HAS_RESOURCE_FARM_OR_PLANTATION_REQUIREMENTS', 	'REQUIREMENTSET_TEST_ANY'),
	('HD_PLOT_HAS_RESOURCE_FARM_REQUIREMENTS',					'REQUIREMENTSET_TEST_ALL'),
	--
	('HD_PLOT_HAS_FARM_AND_BONUS_RESOURCE_REQUIREMENTS',		'REQUIREMENTSET_TEST_ALL'),
	('HD_PLOT_HAS_FARM_AND_LUXURY_RESOURCE_REQUIREMENTS',		'REQUIREMENTSET_TEST_ALL'),
	-- Follower
	('RELIGIOUS_ART_ADJACENCY_CULTURE_REQUIREMENTS',			'REQUIREMENTSET_TEST_ALL');

insert or ignore into RequirementSetRequirements
	(RequirementSetId,									RequirementId)
select
	'RELIGIOUS_IDOLS_CITY_HAS_LUXURY_OR_BONUS_MINE',	'HD_REQUIRES_CITY_HAS_IMPROVED_' || r.ResourceType
from Resources r, Improvement_ValidResources i
where r.ResourceType = i.ResourceType and i.ImprovementType = 'IMPROVEMENT_MINE'
	and (r.ResourceClassType = 'RESOURCECLASS_LUXURY' or r.ResourceClassType = 'RESOURCECLASS_BONUS');
insert or ignore into RequirementSetRequirements (RequirementSetId, RequirementId)
select	'STONE_CIRCLES_CITY_HAS_QUARRY', 'HD_REQUIRES_CITY_HAS_IMPROVED_' || ResourceType
from Improvement_ValidResources where ImprovementType = 'IMPROVEMENT_QUARRY';
insert or ignore into RequirementSetRequirements (RequirementSetId, RequirementId)
select	'TENGRI_CITY_HAS_PASTURE', 'HD_REQUIRES_CITY_HAS_IMPROVED_' || ResourceType
from Improvement_ValidResources where ImprovementType = 'IMPROVEMENT_PASTURE';
insert or ignore into RequirementSetRequirements (RequirementSetId, RequirementId)
select	'GODDESS_OF_FESTIVALS_CITY_HAS_PLANTATION', 'HD_REQUIRES_CITY_HAS_IMPROVED_' || ResourceType
from Improvement_ValidResources where ImprovementType = 'IMPROVEMENT_PLANTATION';
insert or ignore into RequirementSetRequirements (RequirementSetId, RequirementId)
select	'GOD_OF_THE_SEA_CITY_HAS_FISHINGBOATS', 'HD_REQUIRES_CITY_HAS_IMPROVED_' || ResourceType
from Improvement_ValidResources where ImprovementType = 'IMPROVEMENT_FISHING_BOATS';
insert or ignore into RequirementSetRequirements (RequirementSetId, RequirementId)
select	'HD_CITY_HAS_RESOURCE_CAMP', 'HD_REQUIRES_CITY_HAS_IMPROVED_' || ResourceType
from Improvement_ValidResources where ImprovementType = 'IMPROVEMENT_CAMP';
insert or ignore into RequirementSetRequirements (RequirementSetId, RequirementId)
select	'HD_CITY_HAS_RESOURCE_FARM', 'HD_REQUIRES_CITY_HAS_IMPROVED_' || ResourceType
from Improvement_ValidResources where ImprovementType = 'IMPROVEMENT_FARM';
-- , by xiaoxiao
insert or ignore into RequirementSetRequirements (RequirementSetId, RequirementId)
select 'HD_CITY_HAS_RESOURCE_FARM_OR_PLANTATION_REQUIREMENTS', 'HD_REQUIRES_CITY_HAS_IMPROVED_' || ResourceType
from Improvement_ValidResources where ImprovementType = 'IMPROVEMENT_FARM' or ImprovementType = 'IMPROVEMENT_PLANTATION';
--  xhh
insert or ignore into RequirementSetRequirements (RequirementSetId, RequirementId)
select 'CITY_HAS_IMPROVED_LUXURY_RESOURCE', 'HD_REQUIRES_CITY_HAS_IMPROVED_' || ResourceType
from Resources where ResourceClassType = 'RESOURCECLASS_LUXURY';
--  
insert or ignore into RequirementSetRequirements (RequirementSetId, RequirementId)
select 'UNIT_IS_CIVILIAN_CLASS', 'REQUIRES_UNIT_IS_' || UnitType
from Units where UnitType in ('UNIT_SETTLER','UNIT_BUILDER','UNIT_ARCHAEOLOGIST','UNIT_NATURALIST','UNIT_ROCK_BAND','UNIT_LEU_INVESTOR','UNIT_LEU_TYCOON');

insert or ignore into RequirementSetRequirements
	(RequirementSetId,											RequirementId)
values
	-- Pantheon
	('CITY_FOLLOWS_PANTHEON_AND_CITY_HAS_HOLYSITE',				'REQUIRES_CITY_FOLLOWS_PANTHEON'),
	('CITY_FOLLOWS_PANTHEON_AND_CITY_HAS_HOLYSITE',				'REQUIRES_CITY_HAS_HOLY_SITE'),
	('CITY_FOLLOWS_PANTHEON_AND_HOLYSITE_REQUIREMENTS',			'REQUIRES_CITY_FOLLOWS_PANTHEON'),
	('CITY_FOLLOWS_PANTHEON_AND_HOLYSITE_REQUIREMENTS',			'REQUIRES_DISTRICT_IS_HOLY_SITE'),
	('CITY_FOLLOWS_RELIGION_AND_HOLYSITE_REQUIREMENTS',			'REQUIRES_CITY_FOLLOWS_RELIGION'),
	('CITY_FOLLOWS_RELIGION_AND_HOLYSITE_REQUIREMENTS',			'REQUIRES_DISTRICT_IS_HOLY_SITE'),
	('HOLYSITE_TUNDRA_REQUIREMENTS',							'REQUIRES_PLOT_HAS_TUNDRA'),
	('HOLYSITE_TUNDRA_REQUIREMENTS',							'ADJACENT_TO_OWNER'),
	('HOLYSITE_TUNDRA_HILL_REQUIREMENTS',						'REQUIRES_PLOT_HAS_TUNDRA_HILLS'),
	('HOLYSITE_TUNDRA_HILL_REQUIREMENTS',						'ADJACENT_TO_OWNER'),
	('HOLYSITE_DESERT_REQUIREMENTS',							'REQUIRES_PLOT_HAS_DESERT'),
	('HOLYSITE_DESERT_REQUIREMENTS',							'ADJACENT_TO_OWNER'),
	('HOLYSITE_DESERT_HILL_REQUIREMENTS',						'REQUIRES_PLOT_HAS_DESERT_HILLS'),
	('HOLYSITE_DESERT_HILL_REQUIREMENTS',						'ADJACENT_TO_OWNER'),
	('HOLYSITE_JUNGLE_REQUIREMENTS',							'REQUIRES_PLOT_HAS_JUNGLE'),
	('HOLYSITE_JUNGLE_REQUIREMENTS',							'ADJACENT_TO_OWNER'),
	('CITY_HAS_1_DESERT',										'REQUIRES_CITY_HAS_1_DESERT'),
	('CITY_HAS_1_TUNDRA',										'REQUIRES_CITY_HAS_1_TUNDRA'),
	('PLOT_HAS_TUNDRA_OR_TUNDRA_HILL_REQUIREMENTS',				'REQUIRES_PLOT_HAS_TUNDRA'),
	('PLOT_HAS_TUNDRA_OR_TUNDRA_HILL_REQUIREMENTS',				'REQUIRES_PLOT_HAS_TUNDRA_HILLS'),
	('PLOT_HAS_DESERT_OR_DESERT_HILL_REQUIREMENTS',				'REQUIRES_PLOT_HAS_DESERT'),
	('PLOT_HAS_DESERT_OR_DESERT_HILL_REQUIREMENTS',				'REQUIRES_PLOT_HAS_DESERT_HILLS'),
	('GODDESS_OF_FIRE_CITY_HAS_VOLCANO',						'REQUIRES_CITY_HAS_FEATURE_GEOTHERMAL_FISSURE'),
	('GODDESS_OF_FIRE_CITY_HAS_VOLCANO',						'REQUIRES_CITY_HAS_FEATURE_VOLCANIC_SOIL'),
	('GODDESS_OF_FIRE_CITY_HAS_VOLCANO',						'REQUIRES_CITY_HAS_FEATURE_VOLCANO'),
	('GODDESS_OF_FIRE_CITY_HAS_VOLCANO',						'REQUIRES_CITY_HAS_FEATURE_VESUVIUS'),
	('GODDESS_OF_FIRE_CITY_HAS_VOLCANO',						'REQUIRES_CITY_HAS_FEATURE_KILIMANJARO'),
	('HOLYSITE_PLANTATION_REQUIREMENTS',						'REQUIRES_PLOT_HAS_PLANTATION'),
	('HOLYSITE_PLANTATION_REQUIREMENTS',						'ADJACENT_TO_OWNER'),
	('HOLYSITE_PASTURE_REQUIREMENTS',							'REQUIRES_PLOT_HAS_PASTURE'),
	('HOLYSITE_PASTURE_REQUIREMENTS',							'ADJACENT_TO_OWNER'),
	('PLOT_EIGHT_INCLUDE_CITY_CENTER',							'REQUIRES_PLOT_WITHIN_EIGHT_CITY_CENTER'),
	('CITY_HAS_GRANARY',										'REQUIRES_CITY_HAS_BUILDING_GRANARY'),
	('CITY_HAS_MONUMENT',										'REQUIRES_CITY_HAS_BUILDING_MONUMENT'),
	-- ('PLOT_HAS_FARM_RESOURCE_REQUIREMENTS',						'REQUIRES_WHEAT_IN_PLOT'),
	-- ('PLOT_HAS_FARM_RESOURCE_REQUIREMENTS',						'REQUIRES_RICE_IN_PLOT'),
	('PLOT_IS_LAND_ADJACENT_TO_COAST',							'REQUIRES_PLOT_HAS_NOT_OCEAN'),
	('PLOT_IS_LAND_ADJACENT_TO_COAST',							'REQUIRES_PLOT_HAS_NOT_COAST'),
	('PLOT_IS_LAND_ADJACENT_TO_COAST',							'REQUIRES_PLOT_IS_ADJACENT_TO_COAST'),
	('PLOT_IS_COAST_NOT_LAKE_REQUIREMENTS',						'PLOT_IS_NOT_LAKE_REQUIREMENTS'),
	('PLOT_IS_COAST_NOT_LAKE_REQUIREMENTS',						'REQUIRES_PLOT_HAS_COAST'),
	('PLOT_IS_OCEAN_REQUIREMENTS',								'REQUIRES_TERRAIN_OCEAN'),
	('PLOT_HAS_IMPROVED_FOREST_REQUIREMENTS',					'PLOT_IS_FOREST_REQUIREMENT'),
	('PLOT_HAS_IMPROVED_FOREST_REQUIREMENTS',					'REQUIRES_PLOT_IS_IMPROVED'),
	('PLOT_HAS_IMPROVED_JUNGLE_REQUIREMENTS',					'PLOT_IS_JUNGLE_REQUIREMENT'),
	('PLOT_HAS_IMPROVED_JUNGLE_REQUIREMENTS',					'REQUIRES_PLOT_IS_IMPROVED'),
	('PLOT_HAS_CAMP_AND_RESOURCE_REQUIREMENTS',					'REQUIRES_PLOT_HAS_CAMP'),
	('PLOT_HAS_CAMP_AND_RESOURCE_REQUIREMENTS',					'PLOT_HAS_RESOURCE_REQUIREMENTS'),
	('PLOT_HAS_BONUS_FISHING_BOATS_REQUIREMENTS',				'REQUIRES_PLOT_HAS_FISHINGBOATS'),
	('PLOT_HAS_BONUS_FISHING_BOATS_REQUIREMENTS',				'REQUIRES_PLOT_HAS_BONUS'),
	('PLOT_HAS_LUXURY_FISHING_BOATS_REQUIREMENTS',				'REQUIRES_PLOT_HAS_FISHINGBOATS'),
	('PLOT_HAS_LUXURY_FISHING_BOATS_REQUIREMENTS',				'REQUIRES_PLOT_HAS_LUXURY'),
	-- , by xiaoxiao
	('HD_PLOT_HAS_RESOURCE_FARM_REQUIREMENTS',					'REQUIRES_PLOT_HAS_FARM'),
	('HD_PLOT_HAS_RESOURCE_FARM_REQUIREMENTS',					'PLOT_HAS_RESOURCE_REQUIREMENTS'),
	-------
	('HD_PLOT_HAS_FARM_AND_BONUS_RESOURCE_REQUIREMENTS',		'REQUIRES_PLOT_HAS_FARM'),
	('HD_PLOT_HAS_FARM_AND_BONUS_RESOURCE_REQUIREMENTS',		'REQUIRES_PLOT_HAS_BONUS'),
	('HD_PLOT_HAS_FARM_AND_LUXURY_RESOURCE_REQUIREMENTS',		'REQUIRES_PLOT_HAS_FARM'),
	('HD_PLOT_HAS_FARM_AND_LUXURY_RESOURCE_REQUIREMENTS',		'REQUIRES_PLOT_HAS_LUXURY'),
	-- Follower
	('RELIGIOUS_ART_ADJACENCY_CULTURE_REQUIREMENTS',			'REQUIRES_PLOT_HAS_HOLY_SITE'),
	('RELIGIOUS_ART_ADJACENCY_CULTURE_REQUIREMENTS',			'REQUIRES_CITY_FOLLOWS_RELIGION');

insert or ignore into RequirementSetRequirements (RequirementSetId, RequirementId)
	select 'ONE_WITH_NATURE_CITY_HAS_NATURAL_WONDER', 'REQUIRES_CITY_HAS_' || FeatureType from Features where NaturalWonder = 1;

-- AI 
insert or ignore into RequirementSets (RequirementSetId, RequirementSetType)
select 'PLAYER_IS_HIGH_DIFFICULTY_AI_AT_LEAST_' || EraType, 'REQUIREMENTSET_TEST_ALL' from Eras;

insert or ignore into RequirementSetRequirements (RequirementSetId, RequirementId)
select 'PLAYER_IS_HIGH_DIFFICULTY_AI_AT_LEAST_' || EraType, 'REQUIRES_PLAYER_IS_AI' from Eras;
insert or ignore into RequirementSetRequirements (RequirementSetId, RequirementId)
select 'PLAYER_IS_HIGH_DIFFICULTY_AI_AT_LEAST_' || EraType, 'REQUIRES_HIGH_DIFFICULTY' from Eras;
insert or ignore into RequirementSetRequirements (RequirementSetId, RequirementId)
select 'PLAYER_IS_HIGH_DIFFICULTY_AI_AT_LEAST_' || EraType, 'REQUIRES_PLAYER_IS_' || EraType from Eras;

-- insert or ignore into RequirementSets (RequirementSetId, RequirementSetType)
-- select 'PLAYER_IS_HIGH_DIFFICULTY_AI_AT_LEAST_' || EraType, 'REQUIREMENTSET_TEST_ALL' from Eras;

-- insert or ignore into RequirementSetRequirements (RequirementSetId, RequirementId)
-- select 'PLAYER_IS_HIGH_DIFFICULTY_AI_AT_LEAST_' || EraType, 'REQUIRES_PLAYER_IS_AI' from Eras;

insert or ignore into RequirementSets (RequirementSetId, RequirementSetType)
	select 'PLAYER_IS_AT_LEAST_DEITY_DIFFICULTY_AI_CAN_SEE_' || ResourceType, 'REQUIREMENTSET_TEST_ALL'
from Resources where ResourceClassType = 'RESOURCECLASS_STRATEGIC';
insert or ignore into RequirementSetRequirements (RequirementSetId, RequirementId)
	select 'PLAYER_IS_AT_LEAST_DEITY_DIFFICULTY_AI_CAN_SEE_' || ResourceType, 'REQUIRES_PLAYER_IS_AI'
from Resources where ResourceClassType = 'RESOURCECLASS_STRATEGIC';
insert or ignore into RequirementSetRequirements (RequirementSetId, RequirementId)
	select 'PLAYER_IS_AT_LEAST_DEITY_DIFFICULTY_AI_CAN_SEE_' || ResourceType, 'REQUIRES_DIFFICULTY_AT_LEAST_DEITY'
from Resources where ResourceClassType = 'RESOURCECLASS_STRATEGIC';
insert or ignore into RequirementSetRequirements (RequirementSetId, RequirementId)
	select 'PLAYER_IS_AT_LEAST_DEITY_DIFFICULTY_AI_CAN_SEE_' || ResourceType, 'HD_REQUIRES_PLAYER_CAN_SEE_' || ResourceType
from Resources where ResourceClassType = 'RESOURCECLASS_STRATEGIC';

-- 6 or 8 difficulty.
insert or ignore into RequirementArguments (RequirementId,		Name,		Value) values
	('REQUIRES_DIFFICULTY_AT_LEAST_EMPEROR',					'Handicap',	'DIFFICULTY_EMPEROR'),
	('REQUIRES_DIFFICULTY_AT_LEAST_IMMORTAL',					'Handicap',	'DIFFICULTY_IMMORTAL'),
	('REQUIRES_DIFFICULTY_AT_LEAST_DEITY',						'Handicap',	'DIFFICULTY_DEITY');

insert or ignore into Requirements (RequirementId,				RequirementType) values
	('REQUIRES_DIFFICULTY_AT_LEAST_EMPEROR',					'REQUIREMENT_PLAYER_HANDICAP_AT_OR_ABOVE'),
	('REQUIRES_DIFFICULTY_AT_LEAST_IMMORTAL',					'REQUIREMENT_PLAYER_HANDICAP_AT_OR_ABOVE'),
	('REQUIRES_DIFFICULTY_AT_LEAST_DEITY',						'REQUIREMENT_PLAYER_HANDICAP_AT_OR_ABOVE');

insert or ignore into RequirementSets (RequirementSetId,		RequirementSetType) values
	('PLAYER_IS_AT_LEAST_EMPEROR_DIFFICULTY_AI',				'REQUIREMENTSET_TEST_ALL'),
	('PLAYER_IS_AT_LEAST_DEITY_DIFFICULTY_AI',					'REQUIREMENTSET_TEST_ALL'),
	('PLAYER_IS_AT_LEAST_IMMORTAL_DIFFICULTY_HUMAN',			'REQUIREMENTSET_TEST_ALL'),
	('PLAYER_IS_AT_LEAST_DEITY_DIFFICULTY_HUMAN',				'REQUIREMENTSET_TEST_ALL'),
	('PLAYER_IS_AT_LEAST_DEITY_DIFFICULTY_HUMAN_AND_HAS_CITY',	'REQUIREMENTSET_TEST_ALL');

insert or ignore into RequirementSetRequirements
	(RequirementSetId,											RequirementId)
values
	('PLAYER_IS_AT_LEAST_EMPEROR_DIFFICULTY_AI',				'REQUIRES_PLAYER_IS_AI'),
	('PLAYER_IS_AT_LEAST_EMPEROR_DIFFICULTY_AI',				'REQUIRES_DIFFICULTY_AT_LEAST_EMPEROR'),
	('PLAYER_IS_AT_LEAST_DEITY_DIFFICULTY_AI',					'REQUIRES_PLAYER_IS_AI'),
	('PLAYER_IS_AT_LEAST_DEITY_DIFFICULTY_AI',					'REQUIRES_DIFFICULTY_AT_LEAST_DEITY'),
	('PLAYER_IS_AT_LEAST_IMMORTAL_DIFFICULTY_HUMAN',			'REQUIRES_PLAYER_IS_HUMAN'),
	('PLAYER_IS_AT_LEAST_IMMORTAL_DIFFICULTY_HUMAN',			'REQUIRES_DIFFICULTY_AT_LEAST_IMMORTAL'),
	('PLAYER_IS_AT_LEAST_DEITY_DIFFICULTY_HUMAN',				'REQUIRES_PLAYER_IS_HUMAN'),
	('PLAYER_IS_AT_LEAST_DEITY_DIFFICULTY_HUMAN',				'REQUIRES_DIFFICULTY_AT_LEAST_DEITY'),
	('PLAYER_IS_AT_LEAST_DEITY_DIFFICULTY_HUMAN_AND_HAS_CITY',	'REQUIRES_PLAYER_IS_HUMAN'),
	('PLAYER_IS_AT_LEAST_DEITY_DIFFICULTY_HUMAN_AND_HAS_CITY',	'REQUIRES_DIFFICULTY_AT_LEAST_DEITY'),
	('PLAYER_IS_AT_LEAST_DEITY_DIFFICULTY_HUMAN_AND_HAS_CITY',	'REQUIRES_PLAYER_HAS_AT_LEAST_ONE_CITY');

-- PLOT IS IMPROVED
insert or ignore into Requirements (RequirementId,	RequirementType,	Inverse)	values
	('REQUIRES_PLOT_IS_IMPROVED',	'REQUIREMENT_PLOT_HAS_ANY_IMPROVEMENT',	0);
insert or ignore into RequirementSetRequirements (RequirementSetId,	RequirementId)	values
	('PLOT_IS_IMPROVED',	'REQUIRES_PLOT_IS_IMPROVED');
insert or ignore into RequirementSets (RequirementSetId,	RequirementSetType)	values
	('PLOT_IS_IMPROVED',	'REQUIREMENTSET_TEST_ALL');

-- City Park
insert or ignore into RequirementSets 
	(RequirementSetId,												RequirementSetType) 
values
	('REQUIRE_PLOT_ADJACENT_TO_OWNER',								'REQUIREMENTSET_TEST_ALL'),
	('CITY_HAS_GOVERNOR_PROMOTION_PARKS_RECREATION_AND_ADJACENT',	'REQUIREMENTSET_TEST_ALL');

insert or ignore into RequirementSetRequirements
	(RequirementSetId,												RequirementId)
values
	('REQUIRE_PLOT_ADJACENT_TO_OWNER',								'ADJACENT_TO_OWNER'),
	('CITY_HAS_GOVERNOR_PROMOTION_PARKS_RECREATION_AND_ADJACENT',	'ADJACENT_TO_OWNER'),
	('CITY_HAS_GOVERNOR_PROMOTION_PARKS_RECREATION_AND_ADJACENT',	'REQUIRES_CITY_HAS_GOVERNOR_PROMOTION_PARKS_RECREATION');

--UNIT_IS_RELIGIOUS_ALL
insert or ignore into RequirementSetRequirements 
	(RequirementSetId,				RequirementId)	
values
	('UNIT_IS_LAND_COMBAT',			'REQUIREMENT_UNIT_IS_LAND_COMBAT'),
	('UNIT_IS_RELIGOUS_ALL',		'REQUIRES_UNIT_IS_UNIT_MISSIONARY'),
	('UNIT_IS_RELIGOUS_ALL',		'REQUIRES_UNIT_IS_UNIT_APOSTLE'),
	('UNIT_IS_RELIGOUS_ALL',		'REQUIRES_UNIT_IS_UNIT_INQUISITOR'),
	('UNIT_IS_RELIGOUS_ALL',		'REQUIRES_UNIT_IS_UNIT_GURU'),
	('UNIT_IS_RELIGOUS_ALL_AND_MONK','REQUIRES_UNIT_IS_UNIT_MISSIONARY'),
	('UNIT_IS_RELIGOUS_ALL_AND_MONK','REQUIRES_UNIT_IS_UNIT_APOSTLE'),
	('UNIT_IS_RELIGOUS_ALL_AND_MONK','REQUIRES_UNIT_IS_UNIT_INQUISITOR'),
	('UNIT_IS_RELIGOUS_ALL_AND_MONK','REQUIRES_UNIT_IS_UNIT_GURU'),
	('UNIT_IS_RELIGOUS_ALL_AND_MONK','REQUIRES_UNIT_IS_UNIT_WARRIOR_MONK');

insert or ignore into RequirementSets (RequirementSetId,	RequirementSetType)	values
	('UNIT_IS_LAND_COMBAT',			'REQUIREMENTSET_TEST_ALL'),
	('UNIT_IS_RELIGOUS_ALL_AND_MONK','REQUIREMENTSET_TEST_ANY'),
	('UNIT_IS_RELIGOUS_ALL',		'REQUIREMENTSET_TEST_ANY');

--Player_Can_See_Strategic resources(Hattusa)
insert or ignore into RequirementSetRequirements 
	(RequirementSetId,				RequirementId)	
values
	('PLAYER_CAN_SEE_HORSES',		'REQUIRES_PLAYER_CAN_SEE_HORSES'),
	('PLAYER_CAN_SEE_IRON',			'REQUIRES_PLAYER_CAN_SEE_IRON'),
	('PLAYER_CAN_SEE_NITER',		'REQUIRES_PLAYER_CAN_SEE_NITER'),
	('PLAYER_CAN_SEE_COAL',			'REQUIRES_PLAYER_CAN_SEE_COAL'),
	('PLAYER_CAN_SEE_OIL',			'REQUIRES_PLAYER_CAN_SEE_OIL'),
	('PLAYER_CAN_SEE_ALUMINUM',		'REQUIRES_PLAYER_CAN_SEE_ALUMINUM'),
	('PLAYER_CAN_SEE_URANIUM',		'REQUIRES_PLAYER_CAN_SEE_URANIUM');

insert or ignore into RequirementSets (RequirementSetId,	RequirementSetType)	
values
	('PLAYER_CAN_SEE_HORSES',		'REQUIREMENTSET_TEST_ALL'),
	('PLAYER_CAN_SEE_IRON',			'REQUIREMENTSET_TEST_ALL'),
	('PLAYER_CAN_SEE_NITER',		'REQUIREMENTSET_TEST_ALL'),
	('PLAYER_CAN_SEE_COAL',			'REQUIREMENTSET_TEST_ALL'),
	('PLAYER_CAN_SEE_OIL',			'REQUIREMENTSET_TEST_ALL'),
	('PLAYER_CAN_SEE_ALUMINUM',		'REQUIREMENTSET_TEST_ALL'),
	('PLAYER_CAN_SEE_URANIUM',		'REQUIREMENTSET_TEST_ALL');

-- NOT CITY CENTER
--TOWER_BRIDGE at war with any Major
insert or ignore into Requirements
	(RequirementId,									RequirementType,									Inverse)
values
	('REQUIRES_DISTRICT_IS_NOT_CITY_CENTER',		'REQUIREMENT_DISTRICT_TYPE_MATCHES',				1),
	('REQUIRES_PLAYER_AT_WAR_WITH_ANY_MAJOR',		'REQUIREMENT_PLAYER_IS_AT_PEACE_WITH_ALL_MAJORS',	1);

insert or ignore into Requirements
	(RequirementId,									RequirementType)
values
	('REQUIRES_PLOT_ADJACENT_TO_JUNGLE',			'REQUIREMENT_PLOT_ADJACENT_FEATURE_TYPE_MATCHES'),
	('REQUIRES_PLOT_ADJACENT_VOLCANO',				'REQUIREMENT_PLOT_ADJACENT_FEATURE_TYPE_MATCHES'),
	('REQUIRES_PLOT_ADJACENT_EYJAFJALLAJOKULL',		'REQUIREMENT_PLOT_ADJACENT_FEATURE_TYPE_MATCHES'),
	('REQUIRES_PLOT_ADJACENT_VESUVIUS',				'REQUIREMENT_PLOT_ADJACENT_FEATURE_TYPE_MATCHES'),
	('REQUIRES_PLOT_ADJACENT_KILIMANJARO',			'REQUIREMENT_PLOT_ADJACENT_FEATURE_TYPE_MATCHES');

insert or ignore into RequirementArguments
	(RequirementId,								Name,				Value)
values
	('REQUIRES_DISTRICT_IS_NOT_CITY_CENTER',	'DistrictType',		'DISTRICT_CITY_CENTER'),
	('REQUIRES_PLOT_ADJACENT_TO_JUNGLE',		'FeatureType',		'FEATURE_JUNGLE'),
	('REQUIRES_PLOT_ADJACENT_VOLCANO',			'FeatureType',		'FEATURE_VOLCANO'),
	('REQUIRES_PLOT_ADJACENT_VESUVIUS',			'FeatureType',		'FEATURE_VESUVIUS'),
	('REQUIRES_PLOT_ADJACENT_KILIMANJARO',		'FeatureType',		'FEATURE_KILIMANJARO');

-- support for Viking DLC EYJAFJALLAJOKULL
insert or ignore into RequirementArguments (RequirementId,	Name,	Value)
select	'REQUIRES_PLOT_ADJACENT_EYJAFJALLAJOKULL',	'FeatureType',	'FEATURE_EYJAFJALLAJOKULL'
where exists (select FeatureType from Features where FeatureType = 'FEATURE_EYJAFJALLAJOKULL');

-- For Russia
insert or ignore into RequirementArguments (RequirementId,		Name,		Value) values
	('REQUIRES_TUNDRA_OR_TUNDRA_HILL',					'RequirementSetId',	'PLOT_HAS_TUNDRA_OR_TUNDRA_HILL_REQUIREMENTS');
	-- ('REQUIRES_DISTRICTS_NOT_CITY_CENTER_NOT_WONDERS',	'RequirementSetId',	'HD_DISTRICTS_IS_NOT_WONDERS_REQUIREMENTS');

insert or ignore into Requirements (RequirementId,		RequirementType) values
	('REQUIRES_TUNDRA_OR_TUNDRA_HILL',					'REQUIREMENT_REQUIREMENTSET_IS_MET');
	-- ('REQUIRES_DISTRICTS_NOT_CITY_CENTER_NOT_WONDERS',	'REQUIREMENT_REQUIREMENTSET_IS_MET');

insert or ignore into RequirementSets (RequirementSetId,		RequirementSetType) values
	('DISTRICTS_ON_TUNDRA_OR_TUNDRA_HILL_REQUIREMENTS',			'REQUIREMENTSET_TEST_ALL'),
	('HD_DISTRICTS_IS_NOT_WONDERS_REQUIREMENTS',    			'REQUIREMENTSET_TEST_ALL');

insert or ignore into RequirementSetRequirements
	(RequirementSetId,											RequirementId)
values
	('DISTRICTS_ON_TUNDRA_OR_TUNDRA_HILL_REQUIREMENTS',			'REQUIRES_TUNDRA_OR_TUNDRA_HILL'),
	('DISTRICTS_ON_TUNDRA_OR_TUNDRA_HILL_REQUIREMENTS',			'HD_REQUIRES_DISTRICT_IS_NOT_DISTRICT_WONDER'),
	('HD_DISTRICTS_IS_NOT_WONDERS_REQUIREMENTS',				'HD_REQUIRES_DISTRICT_IS_NOT_DISTRICT_WONDER');

-- insert or ignore into RequirementSetRequirements   (RequirementSetId,   RequirementId)
-- select 'HD_DISTRICTS_NOT_CITY_CENTER_NOT_WONDERS',  'REQUIRES_DISTRICT_IS_' || DistrictType from Districts where DistrictType != 'DISTRICT_WONDER';

-- AYUTTHAYA
insert or ignore into RequirementSets
	(RequirementSetId,										RequirementSetType)
values
	('MINOR_3DISTRICTS_CULTURE_REQUIREMENTS',				'REQUIREMENTSET_TEST_ANY'),
	('THE_HOME_CONTINENT_NEW_REQUIREMENT',					'REQUIREMENTSET_TEST_ALL'),
	('MINOR_CIV_AYUTTHAYA_DISTRICTS_CULTURE_REQUIREMENTS',	'REQUIREMENTSET_TEST_ALL'),
	('HOLYSITE_ADJACENT_TO_JUNGLE_REQUIREMENTS',			'REQUIREMENTSET_TEST_ALL'),
	('PLAYER_IS_AT_WAR_WITH_ANY_MAJOR',						'REQUIREMENTSET_TEST_ALL'),
	('PLOT_ADJACENT_TO_VOLCANO_REQUIREMENTS',				'REQUIREMENTSET_TEST_ANY'),
	('CITY_HAS_ARENA_AND_8_POP',							'REQUIREMENTSET_TEST_ALL');

insert or ignore into RequirementSetRequirements
	(RequirementSetId,										RequirementId)
values
	('THE_HOME_CONTINENT_NEW_REQUIREMENT',					'REQUIRES_PLOT_IS_OWNER_CAPITAL_CONTINENT'),
	('MINOR_CIV_AYUTTHAYA_DISTRICTS_CULTURE_REQUIREMENTS',	'REQUIRES_PLOT_ADJACENT_TO_RIVER'),
	('MINOR_CIV_AYUTTHAYA_DISTRICTS_CULTURE_REQUIREMENTS',	'REQUIRES_DISTRICT_IS_WONDER_THEATER_HOLY_SITE_COMMERCIAL_HUB'),
	('MINOR_3DISTRICTS_CULTURE_REQUIREMENTS',				'REQUIRES_DISTRICT_IS_DISTRICT_WONDER'),
	('MINOR_3DISTRICTS_CULTURE_REQUIREMENTS',				'REQUIRES_DISTRICT_IS_DISTRICT_THEATER'),
	('MINOR_3DISTRICTS_CULTURE_REQUIREMENTS',				'REQUIRES_DISTRICT_IS_DISTRICT_HOLY_SITE'),
	('MINOR_3DISTRICTS_CULTURE_REQUIREMENTS',				'REQUIRES_DISTRICT_IS_DISTRICT_COMMERCIAL_HUB'),
	('MINOR_3DISTRICTS_CULTURE_REQUIREMENTS',				'REQUIRES_DISTRICT_IS_DISTRICT_ENTERTAINMENT_COMPLEX'),
	('HOLYSITE_ADJACENT_TO_JUNGLE_REQUIREMENTS',			'REQUIRES_PLOT_ADJACENT_TO_JUNGLE'),
	('HOLYSITE_ADJACENT_TO_JUNGLE_REQUIREMENTS',			'REQUIRES_PLOT_HAS_HOLY_SITE'),
	('PLAYER_IS_AT_WAR_WITH_ANY_MAJOR',						'REQUIRES_PLAYER_AT_WAR_WITH_ANY_MAJOR'),
	('PLOT_ADJACENT_TO_VOLCANO_REQUIREMENTS',				'REQUIRES_PLOT_ADJACENT_VOLCANO'),
	('PLOT_ADJACENT_TO_VOLCANO_REQUIREMENTS',				'REQUIRES_PLOT_ADJACENT_EYJAFJALLAJOKULL'),
	('PLOT_ADJACENT_TO_VOLCANO_REQUIREMENTS',				'REQUIRES_PLOT_ADJACENT_VESUVIUS'),
	('PLOT_ADJACENT_TO_VOLCANO_REQUIREMENTS',				'REQUIRES_PLOT_ADJACENT_KILIMANJARO'),
	('CITY_HAS_ARENA_AND_8_POP',							'REQUIRES_CITY_HAS_ARENA'),
	('CITY_HAS_ARENA_AND_8_POP',							'REQUIRES_CITY_HAS_8_POPULATION');

insert or ignore into Requirements
	(RequirementId,														RequirementType)
values
	('HD_REQUIRES_DISTRICT_IS_SPECIALTY_DISTRICT',						'REQUIREMENT_REQUIREMENTSET_IS_MET'),
	('REQUIRES_DISTRICT_IS_WONDER_THEATER_HOLY_SITE_COMMERCIAL_HUB',	'REQUIREMENT_REQUIREMENTSET_IS_MET');

-- Wat Arun
insert or ignore into RequirementSets
	(RequirementSetId,												RequirementSetType)
values
	('PLOT_ADJACENT_TO_MOUNTAIN_IS_NOT_WONDER_REQUIREMENTS',		'REQUIREMENTSET_TEST_ALL'),
	('PLOT_IS_SPECIALTY_DISTRICT_ADJACENT_TO_RIVER_REQUIREMENTS',	'REQUIREMENTSET_TEST_ALL'),
	('PLOT_IS_DISTRICT_ADJACENT_TO_RIVER_REQUIREMENTS',				'REQUIREMENTSET_TEST_ALL');

insert or ignore into RequirementSetRequirements
	(RequirementSetId,												RequirementId)
values
	('PLOT_ADJACENT_TO_MOUNTAIN_IS_NOT_WONDER_REQUIREMENTS',		'HD_REQUIRES_DISTRICT_IS_NOT_DISTRICT_WONDER'),
	('PLOT_ADJACENT_TO_MOUNTAIN_IS_NOT_WONDER_REQUIREMENTS',		'REQUIRES_PLOT_ADJACENT_TO_MOUNTAIN'),
	('PLOT_IS_SPECIALTY_DISTRICT_ADJACENT_TO_RIVER_REQUIREMENTS',	'HD_REQUIRES_DISTRICT_IS_SPECIALTY_DISTRICT'),
	('PLOT_IS_SPECIALTY_DISTRICT_ADJACENT_TO_RIVER_REQUIREMENTS',	'REQUIRES_PLOT_ADJACENT_TO_RIVER'),
	('PLOT_IS_DISTRICT_ADJACENT_TO_RIVER_REQUIREMENTS',				'HD_REQUIRES_DISTRICT_IS_NOT_DISTRICT_WONDER'),
	('PLOT_IS_DISTRICT_ADJACENT_TO_RIVER_REQUIREMENTS',				'REQUIRES_PLOT_ADJACENT_TO_RIVER');

insert or ignore into RequirementArguments
	(RequirementId,														Name,				Value)
values
	('HD_REQUIRES_DISTRICT_IS_SPECIALTY_DISTRICT',						'RequirementSetId',	'DISTRICT_IS_SPECIALTY_DISTRICT_REQUIREMENTS'),
	('REQUIRES_DISTRICT_IS_WONDER_THEATER_HOLY_SITE_COMMERCIAL_HUB',	'RequirementSetId',	'MINOR_3DISTRICTS_CULTURE_REQUIREMENTS');

--Gilgamesh Ziggurat
insert or ignore into RequirementSets	(RequirementSetId,	RequirementSetType)
	select 'ZIGGURAT_' || EraType,	'REQUIREMENTSET_TEST_ALL'		from Eras where EraType != 'ERA_ANCIENT';

insert or ignore into RequirementSetRequirements	(RequirementSetId,	RequirementId)
	select 'ZIGGURAT_' || EraType,	'REQUIRES_PLAYER_IS_' || EraType 	from Eras where EraType != 'ERA_ANCIENT';

-- Unit promotions
-- DLC Supports
insert or ignore into RequirementSets
	(RequirementSetId,											RequirementSetType)
values
	('COMBAT_AGAINST_UNITS_REQUIREMENTS',						'REQUIREMENTSET_TEST_ALL');

insert or ignore into RequirementSetRequirements
	(RequirementSetId,											RequirementId)
values
	('COMBAT_AGAINST_UNITS_REQUIREMENTS',						'OPPONENT_IS_NOT_DISTRICT');

insert or ignore into Requirements
	(RequirementId,									RequirementType,							Inverse)
values
	('OPPONENT_IS_NOT_DISTRICT',					'REQUIREMENT_OPPONENT_IS_DISTRICT',			1);

-- 
insert or ignore into RequirementSets
	(RequirementSetId,											RequirementSetType)
values
	('HD_CITY_DEFENDER_PROMOTION_REQUIREMENTS',					'REQUIREMENTSET_TEST_ALL'),
	('HD_UNIT_IS_NOT_BARBARIAN_GALLEY_REQUIREMENTS',			'REQUIREMENTSET_TEST_ALL'),
	('HD_UNIT_IS_NOT_BARBARIAN_REQUIREMENTS',					'REQUIREMENTSET_TEST_ALL'),
	('HD_OPPONENT_IS_CAVALRY_REQUIREMENTS',						'REQUIREMENTSET_TEST_ANY'),
	('PLOT_IS_OPEN_AREA_REQUIREMENTS',							'REQUIREMENTSET_TEST_ALL'),
	-- ('HD_UNIT_IS_CAVALRY_REQUIREMENTS',							'REQUIREMENTSET_TEST_ANY'),
	-- ('MELEE_FOREST_AND_JUNGLE_REQUIREMENTS',					'REQUIREMENTSET_TEST_ALL'),
	('PLOT_HAS_FOREST_OR_JUNGLE_REQUIREMENTS',					'REQUIREMENTSET_TEST_ANY'),
	('HD_PLOT_HAS_JUNGLE_REQUIREMENTS',							'REQUIREMENTSET_TEST_ALL'),
	('HD_PLOT_HAS_FOREST_REQUIREMENTS',							'REQUIREMENTSET_TEST_ALL'),
	('BATTLE_LINE_COMBAT_REQUIREMENTS',							'REQUIREMENTSET_TEST_ALL'),
	-- ('RANGED_WEAKER_REQUIREMENTS',								'REQUIREMENTSET_TEST_ALL'),
	-- ('PLOT_IS_CITY_CENTER',										'REQUIREMENTSET_TEST_ALL'),
	('ATTACK_WOUNDED_UNITS_REQUIREMENTS',						'REQUIREMENTSET_TEST_ALL'),
	('DEFENCE_MELEE_ATTACK_REQUIREMENTS',						'REQUIREMENTSET_TEST_ALL'),
	('DEFENCE_MELEE_ATTACK_ON_HILLS_REQUIREMENTS',				'REQUIREMENTSET_TEST_ALL'),
	-- ('UNIT_IS_MELEE_OR_RECON_REQUIREMENTS',						'REQUIREMENTSET_TEST_ANY'),
	-- ('UNIT_IS_RECON_REQUIREMENTS',								'REQUIREMENTSET_TEST_ALL'),
	-- ('UNIT_IS_RANGED_ON_HILLS_REQUIREMENTS',					'REQUIREMENTSET_TEST_ALL'),
	-- ('UNIT_IS_ANTI_CAV_REQUIREMENTS',							'REQUIREMENTSET_TEST_ALL'),
	-- ('ANTI_CAV_HILLS_REQUIREMENTS',								'REQUIREMENTSET_TEST_ALL'),
	('ATTACKING_HILLS_REQUIREMENTS',							'REQUIREMENTSET_TEST_ALL'),
	('ATTACK_NAVAL_REQUIREMENTS',								'REQUIREMENTSET_TEST_ALL'),
	('WOLFPACK_ADJACENT_REQUIREMENTS',							'REQUIREMENTSET_TEST_ALL');

insert or ignore into RequirementSetRequirements
	(RequirementSetId,											RequirementId)
values
	('HD_CITY_DEFENDER_PROMOTION_REQUIREMENTS',					'HD_REQUIRES_UNIT_IS_NOT_UNIT_SPY'),
	('HD_CITY_DEFENDER_PROMOTION_REQUIREMENTS',					'HD_REQUIRES_UNIT_IS_NOT_UNIT_APOSTLE'),
	('HD_UNIT_IS_NOT_BARBARIAN_GALLEY_REQUIREMENTS',			'HD_REQUIRES_UNIT_IS_NOT_UNIT_HD_BARBARIAN_GALLEY'),
	('HD_UNIT_IS_NOT_BARBARIAN_REQUIREMENTS',					'REQUIRES_UNIT_NOT_BARBARIAN'),
	('HD_OPPONENT_IS_CAVALRY_REQUIREMENTS',						'ANTI_CAVALRY_OPPONENT_REQUIREMENT_LC'),
	('HD_OPPONENT_IS_CAVALRY_REQUIREMENTS',						'ANTI_CAVALRY_OPPONENT_REQUIREMENT_HC'),
	('PLOT_IS_OPEN_AREA_REQUIREMENTS',							'REQUIRES_PLOT_IS_NOT_FOREST'),
	('PLOT_IS_OPEN_AREA_REQUIREMENTS',							'REQUIRES_PLOT_IS_NOT_JUNGLE'),
	('PLOT_IS_OPEN_AREA_REQUIREMENTS',							'REQUIRES_PLOT_IS_NOT_MARSH'),
	('PLOT_IS_OPEN_AREA_REQUIREMENTS',							'REQUIRES_PLOT_IS_FLAT'),
	-- ('HD_UNIT_IS_CAVALRY_REQUIREMENTS',							'HD_REQUIRES_UNIT_IS_PROMOTION_CLASS_LIGHT_CAVALRY'),
	-- ('HD_UNIT_IS_CAVALRY_REQUIREMENTS',							'HD_REQUIRES_UNIT_IS_PROMOTION_CLASS_HEAVY_CAVALRY'),
	-- ('MELEE_FOREST_AND_JUNGLE_REQUIREMENTS',					'REQUIRES_PLOT_HAS_FOREST_OR_JUNGLE'),
	-- ('MELEE_FOREST_AND_JUNGLE_REQUIREMENTS',					'HD_REQUIRES_UNIT_IS_PROMOTION_CLASS_MELEE'),
	('PLOT_HAS_FOREST_OR_JUNGLE_REQUIREMENTS',					'PLOT_IS_JUNGLE_REQUIREMENT'),
	('PLOT_HAS_FOREST_OR_JUNGLE_REQUIREMENTS',					'PLOT_IS_FOREST_REQUIREMENT'),
	('HD_PLOT_HAS_JUNGLE_REQUIREMENTS',							'PLOT_IS_JUNGLE_REQUIREMENT'),
	('HD_PLOT_HAS_FOREST_REQUIREMENTS',							'PLOT_IS_FOREST_REQUIREMENT'),
	('BATTLE_LINE_COMBAT_REQUIREMENTS',							'REQUIRES_UNIT_NEXT_TO_MELEE'),
	-- ('RANGED_WEAKER_REQUIREMENTS',								'PLAYER_IS_ATTACKER_REQUIREMENTS'),
	-- ('RANGED_WEAKER_REQUIREMENTS',								'REQUIRES_PLOT_HAS_FOREST_OR_JUNGLE'),
	-- ('PLOT_IS_CITY_CENTER',										'REQUIRES_PLOT_HAS_CITY_CENTER'),
	('ATTACK_WOUNDED_UNITS_REQUIREMENTS',						'REQUIRES_OPPONENT_IS_WOUNDED'),
	('ATTACK_WOUNDED_UNITS_REQUIREMENTS',						'PLAYER_IS_ATTACKER_REQUIREMENTS'),
	('DEFENCE_MELEE_ATTACK_REQUIREMENTS',						'PLAYER_IS_DEFENDER_REQUIREMENTS'),
	('DEFENCE_MELEE_ATTACK_REQUIREMENTS',						'MELEE_COMBAT_REQUIREMENTS'),
	('DEFENCE_MELEE_ATTACK_ON_HILLS_REQUIREMENTS',				'PLAYER_IS_DEFENDER_REQUIREMENTS'),
	('DEFENCE_MELEE_ATTACK_ON_HILLS_REQUIREMENTS',				'MELEE_COMBAT_REQUIREMENTS'),
	('DEFENCE_MELEE_ATTACK_ON_HILLS_REQUIREMENTS',				'PLOT_IS_HILLS_REQUIREMENT'),
	-- ('UNIT_IS_MELEE_OR_RECON_REQUIREMENTS',						'HD_REQUIRES_UNIT_IS_PROMOTION_CLASS_MELEE'),
	-- ('UNIT_IS_MELEE_OR_RECON_REQUIREMENTS',						'HD_REQUIRES_UNIT_IS_PROMOTION_CLASS_RECON'),
	-- ('UNIT_IS_RECON_REQUIREMENTS',								'HD_REQUIRES_UNIT_IS_PROMOTION_CLASS_RECON'),
	-- ('UNIT_IS_RANGED_ON_HILLS_REQUIREMENTS',					'HD_REQUIRES_UNIT_IS_PROMOTION_CLASS_RANGED'),
	-- ('UNIT_IS_RANGED_ON_HILLS_REQUIREMENTS',					'PLAYER_IS_ATTACKER_REQUIREMENTS'),
	-- ('UNIT_IS_RANGED_ON_HILLS_REQUIREMENTS',					'PLOT_IS_HILLS_REQUIREMENT'),
	-- ('UNIT_IS_ANTI_CAV_REQUIREMENTS',							'HD_REQUIRES_UNIT_IS_PROMOTION_CLASS_ANTI_CAVALRY'),
	-- ('ANTI_CAV_HILLS_REQUIREMENTS',								'HD_REQUIRES_UNIT_IS_PROMOTION_CLASS_ANTI_CAVALRY'),
	-- ('ANTI_CAV_HILLS_REQUIREMENTS',								'PLOT_IS_HILLS_REQUIREMENT'),
	('ATTACKING_HILLS_REQUIREMENTS',							'PLAYER_IS_ATTACKER_REQUIREMENTS'),
	('ATTACKING_HILLS_REQUIREMENTS',							'PLOT_IS_HILLS_REQUIREMENT'),
	('ATTACK_NAVAL_REQUIREMENTS',								'PLAYER_IS_ATTACKER_REQUIREMENTS'),
	('ATTACK_NAVAL_REQUIREMENTS',								'OPPONENT_IS_NAVAL_REQUIREMENT'),
	('WOLFPACK_ADJACENT_REQUIREMENTS',							'ADJACENT_TO_OWNER'),
	('WOLFPACK_ADJACENT_REQUIREMENTS',							'REQUIRES_UNIT_IS_NAVAL_RAIDER');

insert or ignore into Requirements
	(RequirementId,									RequirementType,							Inverse)
values
	('REQUIRES_PLOT_IS_NOT_FOREST',					'REQUIREMENT_PLOT_FEATURE_TYPE_MATCHES',	1),
	('REQUIRES_PLOT_IS_NOT_JUNGLE',					'REQUIREMENT_PLOT_FEATURE_TYPE_MATCHES',	1),
	('REQUIRES_PLOT_IS_NOT_MARSH',					'REQUIREMENT_PLOT_FEATURE_TYPE_MATCHES',	1);

insert or ignore into Requirements
	(RequirementId,									RequirementType)
values
	('REQUIRES_PLOT_HAS_FOREST_OR_JUNGLE',			'REQUIREMENT_REQUIREMENTSET_IS_MET'),
	('REQUIRES_OPPONENT_IS_CAVALRY',				'REQUIREMENT_REQUIREMENTSET_IS_MET'),
	('REQUIRES_UNIT_NEXT_TO_MELEE',					'REQUIREMENT_PLOT_ADJACENT_FRIENDLY_UNIT_TAG_MATCHES'),
	('REQUIRES_PLOT_HAS_CITY_CENTER',				'REQUIREMENT_PLOT_DISTRICT_TYPE_MATCHES'),
	('OPPONENT_IS_NAVAL_REQUIREMENT',				'REQUIREMENT_OPPONENT_UNIT_TAG_MATCHES');

insert or ignore into RequirementArguments
	(RequirementId,							Name,					Value)
values
	('REQUIRES_PLOT_IS_NOT_FOREST',			'FeatureType',			'FEATURE_FOREST'),
	('REQUIRES_PLOT_IS_NOT_JUNGLE',			'FeatureType',			'FEATURE_JUNGLE'),
	('REQUIRES_PLOT_IS_NOT_MARSH',			'FeatureType',			'FEATURE_MARSH'),
	('REQUIRES_PLOT_HAS_FOREST_OR_JUNGLE',	'RequirementSetId',		'PLOT_HAS_FOREST_OR_JUNGLE_REQUIREMENTS'),
	('REQUIRES_OPPONENT_IS_CAVALRY',		'RequirementSetId',		'HD_OPPONENT_IS_CAVALRY_REQUIREMENTS'),
	('REQUIRES_UNIT_NEXT_TO_MELEE',			'Tag',					'CLASS_MELEE'),
	('REQUIRES_UNIT_NEXT_TO_MELEE',			'IncludeCenter',		0),
	('REQUIRES_PLOT_HAS_CITY_CENTER',		'DistrictType',			'DISTRICT_CITY_CENTER'),
	('OPPONENT_IS_NAVAL_REQUIREMENT',		'Tag',					'CLASS_NAVAL');


-----------------------------------------------
-- LARGEST INFLUENC support, from CIVITAS CSE
-----------------------------------------------
INSERT OR IGNORE INTO RequirementSets
		(RequirementSetId,					RequirementSetType			)
VALUES	('PLAYER_HAS_LARGEST_INFLUENCE',	'REQUIREMENTSET_TEST_ALL'	);

-----------------------------------------------
-- RequirementSetRequirements
-----------------------------------------------

INSERT OR IGNORE INTO RequirementSetRequirements
		(RequirementSetId,					RequirementId							)
VALUES	('PLAYER_HAS_LARGEST_INFLUENCE',	'REQUIRES_PLAYER_HAS_LARGEST_INFLUENCE'	),
		('PLAYER_HAS_LARGEST_INFLUENCE',	'REQUIRES_PLAYER_AT_PEACE'				);

--reqs
insert or ignore into Requirements
	(RequirementId,									                RequirementType)
values
	('ADJACENT_FRIENDLY_LIGHT_CAVALRY_UNIT_REQUIREMENT',			'REQUIREMENT_PLOT_ADJACENT_FRIENDLY_UNIT_TAG_MATCHES');
	
insert or ignore into RequirementArguments
	(RequirementId,							                        Name,					Value)
values
	('ADJACENT_FRIENDLY_LIGHT_CAVALRY_UNIT_REQUIREMENT',			'Tag',			        'CLASS_LIGHT_CAVALRY');

insert or ignore into RequirementSets
	(RequirementSetId,                                              RequirementSetType)
values
	("ADJACENT_FRIENDLY_LIGHT_CAVALRY_UNIT_REQUIREMENT_SETS",       'REQUIREMENTSET_TEST_ALL');
insert or ignore into RequirementSetRequirements
	(RequirementSetId,                                              RequirementId)
values
	("ADJACENT_FRIENDLY_LIGHT_CAVALRY_UNIT_REQUIREMENT_SETS",       'ADJACENT_FRIENDLY_LIGHT_CAVALRY_UNIT_REQUIREMENT');
--reqs9
--
--
insert or ignore into Requirements
	(RequirementId,													RequirementType)
values
	('STATUE_OF_LIBERTY_WITHIN_9',									'REQUIREMENT_PLOT_ADJACENT_BUILDING_TYPE_MATCHES'),
	('STATUE_OF_LIBERTY_COASTAL',									'REQUIREMENT_PLOT_IS_COASTAL_LAND'),
	('REQUIRES_CITY_HAS_BUILDING_LIGHTHOUSE_BASIC',					'REQUIREMENT_CITY_HAS_BUILDING'),
	('REQUIRES_CITY_HAS_BUILDING_SHIPYARD_BASIC',					'REQUIREMENT_CITY_HAS_BUILDING'),
	('AOE_REQUIRES_GENERAL_GUARD',									'REQUIREMENT_PLOT_ADJACENT_TO_OWNER');
insert or ignore into RequirementArguments
	(RequirementId,													Name,					Value)
values
	('STATUE_OF_LIBERTY_WITHIN_9',									'BuildingType',			'BUILDING_STATUE_LIBERTY'),
	('STATUE_OF_LIBERTY_WITHIN_9',									'MinRange',				0),
	('STATUE_OF_LIBERTY_WITHIN_9',									'MaxRange',				9),
	('REQUIRES_CITY_HAS_BUILDING_LIGHTHOUSE_BASIC',					'BuildingType',			'BUILDING_LIGHTHOUSE'),
	('REQUIRES_CITY_HAS_BUILDING_SHIPYARD_BASIC',					'BuildingType',			'BUILDING_SHIPYARD'),
	('AOE_REQUIRES_GENERAL_GUARD',									'MinRange',				0),
	('AOE_REQUIRES_GENERAL_GUARD',									'MaxRange',				1);
insert or ignore into RequirementSets
	(RequirementSetId,												RequirementSetType)
values
	('STATUE_OF_LIBERTY_WITHIN_9_REQUIREMENTS',						'REQUIREMENTSET_TEST_ALL'),
	('HD_CITY_HAS_HARBOR_TIER_1_BUILDING_REQUIREMENTS_BASIC',		'REQUIREMENTSET_TEST_ALL'),
	('HD_CITY_HAS_HARBOR_TIER_2_BUILDING_REQUIREMENTS_BASIC',		'REQUIREMENTSET_TEST_ALL'),
	('HD_AOE_REQUIRES_GENERAL_GUARD',								'REQUIREMENTSET_TEST_ALL');
insert or ignore into RequirementSetRequirements
	(RequirementSetId,												RequirementId)
values
	('STATUE_OF_LIBERTY_WITHIN_9_REQUIREMENTS',						'STATUE_OF_LIBERTY_WITHIN_9'),
	('STATUE_OF_LIBERTY_WITHIN_9_REQUIREMENTS',						'STATUE_OF_LIBERTY_COASTAL'),
	('HD_CITY_HAS_HARBOR_TIER_1_BUILDING_REQUIREMENTS_BASIC',		'REQUIRES_CITY_HAS_BUILDING_LIGHTHOUSE_BASIC'),
	('HD_CITY_HAS_HARBOR_TIER_2_BUILDING_REQUIREMENTS_BASIC',		'REQUIRES_CITY_HAS_BUILDING_SHIPYARD_BASIC'),
	('HD_AOE_REQUIRES_GENERAL_GUARD',								'AOE_REQUIRES_GENERAL_GUARD');
insert or ignore into RequirementSets
	(RequirementSetId,										RequirementSetType)
values
	('CITY_HAS_BUILDING_CITY_POLICY_THEOLOGICAL_SEMINAR',	'REQUIREMENTSET_TEST_ALL');
insert or ignore into RequirementSetRequirements
	(RequirementSetId,										RequirementId)
values
	('CITY_HAS_BUILDING_CITY_POLICY_THEOLOGICAL_SEMINAR',	'REQUIRES_CITY_HAS_BUILDING_CITY_POLICY_THEOLOGICAL_SEMINAR');
