-------------------------------------
--  Temporary update database sql  --
-------------------------------------
insert or replace into BuildingModifiers
	(BuildingType,					ModifierId)
values
	('BUILDING_JNR_DAOGUAN',		'DAOGUAN_GREATADMIRALPOINTS'),
	('BUILDING_JNR_DAOGUAN',		'DAOGUAN_GREATENGINEERPOINTS'),
	('BUILDING_JNR_DAOGUAN',		'DAOGUAN_GREATGENERALPOINTS'),
	('BUILDING_JNR_DAOGUAN',		'DAOGUAN_GREATMERCHANTPOINTS'),
	('BUILDING_JNR_DAOGUAN',		'DAOGUAN_GREATPROPHETPOINTS'),
	('BUILDING_JNR_DAOGUAN',		'DAOGUAN_GREATSCIENTISTPOINTS'),
	('BUILDING_JNR_DAOGUAN',		'DAOGUAN_GREATWRITERPOINTS'),
	('BUILDING_JNR_DAOGUAN',		'DAOGUAN_GREATMUSICIANPOINTS'),
	('BUILDING_JNR_DAOGUAN',		'DAOGUAN_GREATARTISTPOINTS'),
	('BUILDING_JNR_DAOGUAN',		'DAOGUAN_ADDGREATADMIRALPOINTS'),
	('BUILDING_JNR_DAOGUAN',		'DAOGUAN_ADDGREATENGINEERPOINTS'),
	('BUILDING_JNR_DAOGUAN',		'DAOGUAN_ADDGREATGENERALPOINTS'),
	('BUILDING_JNR_DAOGUAN',		'DAOGUAN_ADDGREATMERCHANTPOINTS'),
	('BUILDING_JNR_DAOGUAN',		'DAOGUAN_ADDGREATPROPHETPOINTS'),
	('BUILDING_JNR_DAOGUAN',		'DAOGUAN_ADDGREATSCIENTISTPOINTS'),
	('BUILDING_JNR_DAOGUAN',		'DAOGUAN_ADDGREATWRITERPOINTS'),
	('BUILDING_JNR_DAOGUAN',		'DAOGUAN_ADDGREATMUSICIANPOINTS'),
	('BUILDING_JNR_DAOGUAN',		'DAOGUAN_ADDGREATARTISTPOINTS');
insert or replace into Modifiers
	(ModifierId,						ModifierType,													SubjectRequirementSetId)	
values
	('DAOGUAN_GREATADMIRALPOINTS',		'MODIFIER_SINGLE_CITY_DISTRICTS_ADJUST_GREAT_PERSON_POINTS',	'DISTRICT_IS_HARBOR'),
	('DAOGUAN_GREATENGINEERPOINTS',		'MODIFIER_SINGLE_CITY_DISTRICTS_ADJUST_GREAT_PERSON_POINTS',	'DISTRICT_IS_INDUSTRIAL_ZONE'),
	('DAOGUAN_GREATGENERALPOINTS',		'MODIFIER_SINGLE_CITY_DISTRICTS_ADJUST_GREAT_PERSON_POINTS',	'DISTRICT_IS_ENCAMPMENT'),
	('DAOGUAN_GREATMERCHANTPOINTS',		'MODIFIER_SINGLE_CITY_DISTRICTS_ADJUST_GREAT_PERSON_POINTS',	'DISTRICT_IS_COMMERCIAL_HUB'),
	('DAOGUAN_GREATPROPHETPOINTS',		'MODIFIER_SINGLE_CITY_DISTRICTS_ADJUST_GREAT_PERSON_POINTS',	'DISTRICT_IS_HOLY_SITE'),
	('DAOGUAN_GREATSCIENTISTPOINTS',	'MODIFIER_SINGLE_CITY_DISTRICTS_ADJUST_GREAT_PERSON_POINTS',	'DISTRICT_IS_CAMPUS'),
	('DAOGUAN_GREATWRITERPOINTS',		'MODIFIER_SINGLE_CITY_DISTRICTS_ADJUST_GREAT_PERSON_POINTS',	'DISTRICT_IS_THEATER'),
	('DAOGUAN_GREATMUSICIANPOINTS',		'MODIFIER_SINGLE_CITY_DISTRICTS_ADJUST_GREAT_PERSON_POINTS',	'DISTRICT_IS_THEATER'),
	('DAOGUAN_GREATARTISTPOINTS',		'MODIFIER_SINGLE_CITY_DISTRICTS_ADJUST_GREAT_PERSON_POINTS',	'DISTRICT_IS_THEATER'),
	('DAOGUAN_ADDGREATADMIRALPOINTS',	'MODIFIER_SINGLE_CITY_DISTRICTS_ADJUST_GREAT_PERSON_POINTS',	'BUILDING_IS_LIGHTHOUSE'),
	('DAOGUAN_ADDGREATENGINEERPOINTS',	'MODIFIER_SINGLE_CITY_DISTRICTS_ADJUST_GREAT_PERSON_POINTS',	'BUILDING_IS_WORKSHOP'),
	('DAOGUAN_ADDGREATGENERALPOINTS',	'MODIFIER_SINGLE_CITY_DISTRICTS_ADJUST_GREAT_PERSON_POINTS',	'BUILDING_IS_BARRACKS_STABLE_MILITARITIC_CITY_STATE'),
	('DAOGUAN_ADDGREATMERCHANTPOINTS',	'MODIFIER_SINGLE_CITY_DISTRICTS_ADJUST_GREAT_PERSON_POINTS',	'BUILDING_IS_MARKET'),
	('DAOGUAN_ADDGREATPROPHETPOINTS',	'MODIFIER_SINGLE_CITY_DISTRICTS_ADJUST_GREAT_PERSON_POINTS',	'BUILDING_IS_SHRINE'),
	('DAOGUAN_ADDGREATSCIENTISTPOINTS',	'MODIFIER_SINGLE_CITY_DISTRICTS_ADJUST_GREAT_PERSON_POINTS',	'BUILDING_IS_LIBRARY'),
	('DAOGUAN_ADDGREATWRITERPOINTS',	'MODIFIER_SINGLE_CITY_DISTRICTS_ADJUST_GREAT_PERSON_POINTS',	'BUILDING_IS_AMPHITHEATER'),
	('DAOGUAN_ADDGREATMUSICIANPOINTS',	'MODIFIER_SINGLE_CITY_DISTRICTS_ADJUST_GREAT_PERSON_POINTS',	'BUILDING_IS_AMPHITHEATER'),
	('DAOGUAN_ADDGREATARTISTPOINTS',	'MODIFIER_SINGLE_CITY_DISTRICTS_ADJUST_GREAT_PERSON_POINTS',	'BUILDING_IS_AMPHITHEATER');
insert or replace into ModifierArguments
	(ModifierId,							name,															value)
values
	('DAOGUAN_GREATADMIRALPOINTS',			'GreatPersonClassType',											'GREAT_PERSON_CLASS_ADMIRAL'),
	('DAOGUAN_GREATADMIRALPOINTS',			'Amount',														1),
	('DAOGUAN_GREATENGINEERPOINTS',			'GreatPersonClassType',											'GREAT_PERSON_CLASS_ENGINEER'),
	('DAOGUAN_GREATENGINEERPOINTS',			'Amount',														1),
	('DAOGUAN_GREATGENERALPOINTS',			'GreatPersonClassType',											'GREAT_PERSON_CLASS_GENERAL'),
	('DAOGUAN_GREATGENERALPOINTS',			'Amount',														1),
	('DAOGUAN_GREATMERCHANTPOINTS',			'GreatPersonClassType',											'GREAT_PERSON_CLASS_MERCHANT'),
	('DAOGUAN_GREATMERCHANTPOINTS',			'Amount',														1),
	('DAOGUAN_GREATPROPHETPOINTS',			'GreatPersonClassType',											'GREAT_PERSON_CLASS_PROPHET'),
	('DAOGUAN_GREATPROPHETPOINTS',			'Amount',														1),
	('DAOGUAN_GREATSCIENTISTPOINTS',		'GreatPersonClassType',											'GREAT_PERSON_CLASS_SCIENTIST'),
	('DAOGUAN_GREATSCIENTISTPOINTS',		'Amount',														1),
	('DAOGUAN_GREATWRITERPOINTS',			'GreatPersonClassType',											'GREAT_PERSON_CLASS_WRITER'),
	('DAOGUAN_GREATWRITERPOINTS',			'Amount',														1),
	('DAOGUAN_GREATMUSICIANPOINTS',			'GreatPersonClassType',											'GREAT_PERSON_CLASS_MUSICIAN'),
	('DAOGUAN_GREATMUSICIANPOINTS',			'Amount',														1),
	('DAOGUAN_GREATARTISTPOINTS',			'GreatPersonClassType',											'GREAT_PERSON_CLASS_ARTIST'),
	('DAOGUAN_GREATARTISTPOINTS',			'Amount',														1),
	('DAOGUAN_ADDGREATADMIRALPOINTS',		'GreatPersonClassType',											'GREAT_PERSON_CLASS_ADMIRAL'),
	('DAOGUAN_ADDGREATADMIRALPOINTS',		'Amount',														1),
	('DAOGUAN_ADDGREATENGINEERPOINTS',		'GreatPersonClassType',											'GREAT_PERSON_CLASS_ENGINEER'),
	('DAOGUAN_ADDGREATENGINEERPOINTS',		'Amount',														1),
	('DAOGUAN_ADDGREATGENERALPOINTS',		'GreatPersonClassType',											'GREAT_PERSON_CLASS_GENERAL'),
	('DAOGUAN_ADDGREATGENERALPOINTS',		'Amount',														1),
	('DAOGUAN_ADDGREATMERCHANTPOINTS',		'GreatPersonClassType',											'GREAT_PERSON_CLASS_MERCHANT'),
	('DAOGUAN_ADDGREATMERCHANTPOINTS',		'Amount',														1),
	('DAOGUAN_ADDGREATPROPHETPOINTS',		'GreatPersonClassType',											'GREAT_PERSON_CLASS_PROPHET'),
	('DAOGUAN_ADDGREATPROPHETPOINTS',		'Amount',														1),
	('DAOGUAN_ADDGREATSCIENTISTPOINTS',		'GreatPersonClassType',											'GREAT_PERSON_CLASS_SCIENTIST'),
	('DAOGUAN_ADDGREATSCIENTISTPOINTS',		'Amount',														1),
	('DAOGUAN_ADDGREATWRITERPOINTS',		'GreatPersonClassType',											'GREAT_PERSON_CLASS_WRITER'),
	('DAOGUAN_ADDGREATWRITERPOINTS',		'Amount',														1),
	('DAOGUAN_ADDGREATMUSICIANPOINTS',		'GreatPersonClassType',											'GREAT_PERSON_CLASS_MUSICIAN'),
	('DAOGUAN_GREATMUSICIANPOINTS',			'Amount',														1),
	('DAOGUAN_ADDGREATARTISTPOINTS',		'GreatPersonClassType',											'GREAT_PERSON_CLASS_ARTIST'),
	('DAOGUAN_ADDGREATARTISTPOINTS',		'Amount',														1);
