
insert or replace into Types
	(Type,								Kind)
values

	('BELIEF_SCHOLASTICISM',								'KIND_BELIEF'),
	('ABILITY_SCHOLASTICISM_BUFF',							'KIND_ABILITY'),
	('MODIFIER_PLAYER_CITIES_RELIGION_IGNORE_PRESSURE',		'KIND_MODIFIER');


insert or replace into Beliefs
	(BeliefType,						Name,										Description,											BeliefClassType)
values
	-- Pantheon
	('BELIEF_SCHOLASTICISM',			'LOC_BELIEF_SCHOLASTICISM_NAME',			'LOC_BELIEF_SCHOLASTICISM_DL_DESCRIPTION',			'BELIEF_CLASS_ENHANCER');


insert or replace into BeliefModifiers
	(BeliefType,						ModifierID)
values
	('BELIEF_SCHOLASTICISM',			'SCHOLASTICISM_COMBAT_STRENGTH'),
	('BELIEF_MONASTIC_ISOLATION',		'MONASTIC_ISOLATION_INQUISITOR_DISCOUNT'),
	('BELIEF_MONASTIC_ISOLATION',		'MONASTIC_ISOLATION_INQUISITOR_CHARGE'),
	('BELIEF_MONASTIC_ISOLATION',		'MONASTIC_ISOLATION_PRESSURE_REDUCTION');


insert or replace into Modifiers
	(ModifierId,											ModifierType,												SubjectRequirementSetId)
values
	('MONASTIC_ISOLATION_PRESSURE_REDUCTION',				'MODIFIER_ALL_PLAYERS_ATTACH_MODIFIER',						'PLAYER_FOUNDED_RELIGION_REQUIREMENTS'),
	('MONASTIC_ISOLATION_PRESSURE_REDUCTION_MODIFIER',		'MODIFIER_PLAYER_CITIES_RELIGION_IGNORE_PRESSURE',			NULL),
	('MONASTIC_ISOLATION_INQUISITOR_DISCOUNT',				'MODIFIER_ALL_PLAYERS_ATTACH_MODIFIER',						'PLAYER_FOUNDED_RELIGION_REQUIREMENTS'),
	('MONASTIC_ISOLATION_INQUISITOR_DISCOUNT_MODIFIER',		'MODIFIER_PLAYER_CITIES_ADJUST_UNIT_PURCHASE_COST',			NULL),

	('MONASTIC_ISOLATION_INQUISITOR_CHARGE',				'MODIFIER_ALL_PLAYERS_ATTACH_MODIFIER',						'PLAYER_FOUNDED_RELIGION_REQUIREMENTS'),
	('MONASTIC_ISOLATION_INQUISITOR_CHARGE_MODIFIER',		'MODIFIER_PLAYER_UNITS_ADJUST_SPREAD_CHARGES',				'UNIT_IS_INQUISITOR'),

	('SCHOLASTICISM_COMBAT_STRENGTH',						'MODIFIER_ALL_PLAYERS_ATTACH_MODIFIER',						'PLAYER_FOUNDED_RELIGION_REQUIREMENTS'),
	('SCHOLASTICISM_COMBAT_STRENGTH_MODIFIER',				'MODIFIER_PLAYER_UNITS_GRANT_ABILITY',						NULL),
	('SCHOLASTICISM_COMBAT_STRENGTH_BUFF',					'MODIFIER_UNIT_ADJUST_COMBAT_STRENGTH',						NULL);

insert or replace into ModifierArguments
	(ModifierId,											Name,					Value)
values
	('MONASTIC_ISOLATION_PRESSURE_REDUCTION',				'ModifierId',			'MONASTIC_ISOLATION_PRESSURE_REDUCTION_MODIFIER'),
	('MONASTIC_ISOLATION_PRESSURE_REDUCTION_MODIFIER',		'Enable',				1),
	('MONASTIC_ISOLATION_INQUISITOR_DISCOUNT',				'ModifierId',			'MONASTIC_ISOLATION_INQUISITOR_DISCOUNT_MODIFIER'),
	('MONASTIC_ISOLATION_INQUISITOR_DISCOUNT_MODIFIER',		'UnitType',				'UNIT_INQUISITOR'),
	('MONASTIC_ISOLATION_INQUISITOR_DISCOUNT_MODIFIER',		'Amount',				30),

	('MONASTIC_ISOLATION_INQUISITOR_CHARGE',				'ModifierId',			'MONASTIC_ISOLATION_INQUISITOR_CHARGE_MODIFIER'),
	('MONASTIC_ISOLATION_INQUISITOR_CHARGE_MODIFIER',		'Amount',				1),


	('SCHOLASTICISM_COMBAT_STRENGTH',						'ModifierId',			'SCHOLASTICISM_COMBAT_STRENGTH_MODIFIER'),
	('SCHOLASTICISM_COMBAT_STRENGTH_MODIFIER',				'AbilityType',			'ABILITY_SCHOLASTICISM_BUFF'),
	('SCHOLASTICISM_COMBAT_STRENGTH_BUFF',					'Amount',				7);

insert or replace into TypeTags
	(Type,													Tag)
values
	('ABILITY_SCHOLASTICISM_BUFF',							'CLASS_RELIGIOUS_ALL');


insert or replace into UnitAbilities
	(UnitAbilityType,										Inactive)
values
	('ABILITY_SCHOLASTICISM_BUFF',							1);

insert or replace into UnitAbilityModifiers
	(UnitAbilityType,										ModifierId)
values
	('ABILITY_SCHOLASTICISM_BUFF',							'SCHOLASTICISM_COMBAT_STRENGTH_BUFF');

	---Description is not added yet---

insert into DynamicModifiers
	(ModifierType,												CollectionType,								EffectType)
values 
	('MODIFIER_PLAYER_CITIES_RELIGION_IGNORE_PRESSURE',			'COLLECTION_PLAYER_CITIES',					'EFFECT_ADJUST_CITY_RELIGION_IGNORE_PRESSURE');