-------------------------------------
--   Units Abilities Adjustments   --
-------------------------------------

insert or replace into Types
	(Type,														Kind)
values
	('ABILITY_AMANI_FERR_PROMOTION',							'KIND_ABILITY'),
	('ABILITY_MILLITARY_ENGINEER_IGNORE_TERRAIN',				'KIND_ABILITY'),
	('ABILITY_MILLITARY_ENGINEER_IGNORE_RIVER',					'KIND_ABILITY'),
	('ABILITY_GUILDMASTER_TRAINED_BUILDER_MOVEMENT',			'KIND_ABILITY'),
	('ABILITY_BISHOP_EXTRA_MOVEMENT',							'KIND_ABILITY'),
	('ABILITY_BISHOP_TRAINED_UNIT_STRENGTH',					'KIND_ABILITY'),
	('ABILITY_BISHOP_TRAINED_UNIT_EXP',							'KIND_ABILITY'),
	('ABILITY_VICTOR_TRAINED_UNIT_EXP',							'KIND_ABILITY'),
	('ABILITY_GOV_FAITH_COMBAT_STRENGTH',						'KIND_ABILITY'),
	('ABILITY_GOV_MILITARY_MOVEMENT',							'KIND_ABILITY'),
 	('ABILITY_GOV_MILITARY_COMBAT_STRENGTH',					'KIND_ABILITY'),
	('ABILITY_VICTOR_TRAINED_UNIT_STRENGTH',					'KIND_ABILITY'),
	('ABILITY_KOTOKU_IN_TRAINED_FREE_PROMOTION',				'KIND_ABILITY'),
	--dacaogu trained units
	('ABILITY_TRAINED_LIGHT_CAVALRY_EXTRA_PILLAGE_YIELD',		'KIND_ABILITY'),
	('ABILITY_TRAINED_LIGHT_CAVALRY_PILLAGE_LESS_MOVEMENT',		'KIND_ABILITY'),
	-- 
	('ABILITY_LIGHT_CAVALRY_WEAKER_ATTACKING_DISTRICT',			'KIND_ABILITY'),
	('ABILITY_HEAVY_CAVALRY_WEAKER_ATTACKING_DISTRICT',			'KIND_ABILITY'),
	-- 
	('ABILITY_BARRACKS_TRAINED_UNIT_STRENGTH',					'KIND_ABILITY'),
	('ABILITY_BASILIKOI_TRAINED_UNIT_STRENGTH',					'KIND_ABILITY'),
	('ABILITY_STABLE_TRAINED_UNIT_STRENGTH',					'KIND_ABILITY'),
	('ABILITY_ORDU_TRAINED_UNIT_STRENGTH',						'KIND_ABILITY'),
	('ABILITY_MOSQUE_TRAINED_UNIT_STRENGTH',					'KIND_ABILITY'),
	('ABILITY_MILITARY_ACADEMY_TRAINED_UNIT_STRENGTH',			'KIND_ABILITY'),
	('ABILITY_SEAPORT_TRAINED_UNIT_STRENGTH',					'KIND_ABILITY'),
	('ABILITY_SCHOLASTICISM_BUFF',								'KIND_ABILITY');

insert or replace into TypeTags
	(Type,																Tag)
values
	('ABILITY_AMANI_FERR_PROMOTION',									'CLASS_SPY'),
	('ABILITY_MILLITARY_ENGINEER_IGNORE_TERRAIN',						'CLASS_MILITARY_ENGINEER'),
	('ABILITY_MILLITARY_ENGINEER_IGNORE_RIVER',							'CLASS_MILITARY_ENGINEER'),
	('ABILITY_GUILDMASTER_TRAINED_BUILDER_MOVEMENT',					'CLASS_BUILDER'),
	('ABILITY_BISHOP_EXTRA_MOVEMENT',									'CLASS_WARRIOR_MONK'),
	('ABILITY_BISHOP_EXTRA_MOVEMENT',									'CLASS_RELIGIOUS_ALL'),
	('ABILITY_BISHOP_TRAINED_UNIT_EXP',									'CLASS_WARRIOR_MONK'),
	('ABILITY_BISHOP_TRAINED_UNIT_STRENGTH',							'CLASS_WARRIOR_MONK'),
	('ABILITY_VICTOR_TRAINED_UNIT_EXP',									'CLASS_MILITARY'),
	('ABILITY_GOV_FAITH_COMBAT_STRENGTH',								'CLASS_RELIGIOUS_ALL'),
	('ABILITY_GOV_MILITARY_MOVEMENT',									'CLASS_MILITARY'),
	('ABILITY_GOV_MILITARY_COMBAT_STRENGTH',							'CLASS_MILITARY'),
	('ABILITY_VICTOR_TRAINED_UNIT_STRENGTH',							'CLASS_MILITARY'),							
	('ABILITY_KOTOKU_IN_TRAINED_FREE_PROMOTION',						'CLASS_WARRIOR_MONK'),
	('ABILITY_TRAINED_LIGHT_CAVALRY_EXTRA_PILLAGE_YIELD',				'CLASS_DACAOGU'),
	('ABILITY_TRAINED_LIGHT_CAVALRY_PILLAGE_LESS_MOVEMENT',				'CLASS_DACAOGU'),
	('ABILITY_LIGHT_CAVALRY_WEAKER_ATTACKING_DISTRICT',					'CLASS_LIGHT_CAVALRY'),
	('ABILITY_HEAVY_CAVALRY_WEAKER_ATTACKING_DISTRICT',					'CLASS_HEAVY_CAVALRY'),
	('ABILITY_BARRACKS_TRAINED_UNIT_STRENGTH',							'CLASS_MELEE'),
	('ABILITY_BARRACKS_TRAINED_UNIT_STRENGTH',							'CLASS_RANGED'),
	('ABILITY_BARRACKS_TRAINED_UNIT_STRENGTH',							'CLASS_ANTI_CAVALRY'),
	('ABILITY_BASILIKOI_TRAINED_UNIT_STRENGTH',							'CLASS_MELEE'),
	('ABILITY_BASILIKOI_TRAINED_UNIT_STRENGTH',							'CLASS_RANGED'),
	('ABILITY_BASILIKOI_TRAINED_UNIT_STRENGTH',							'CLASS_ANTI_CAVALRY'),
	('ABILITY_BASILIKOI_TRAINED_UNIT_STRENGTH',							'CLASS_SIEGE'),
	('ABILITY_BASILIKOI_TRAINED_UNIT_STRENGTH',							'CLASS_HETAIROI'),
	('ABILITY_STABLE_TRAINED_UNIT_STRENGTH',							'CLASS_LIGHT_CAVALRY'),
	('ABILITY_STABLE_TRAINED_UNIT_STRENGTH',							'CLASS_HEAVY_CAVALRY'),
	('ABILITY_STABLE_TRAINED_UNIT_STRENGTH',							'CLASS_SIEGE'),
	('ABILITY_MILITARY_ACADEMY_TRAINED_UNIT_STRENGTH',					'CLASS_MELEE'),
	('ABILITY_MILITARY_ACADEMY_TRAINED_UNIT_STRENGTH',					'CLASS_RANGED'),
	('ABILITY_MILITARY_ACADEMY_TRAINED_UNIT_STRENGTH',					'CLASS_ANTI_CAVALRY'),
	('ABILITY_MILITARY_ACADEMY_TRAINED_UNIT_STRENGTH',					'CLASS_SIEGE'),
	('ABILITY_MILITARY_ACADEMY_TRAINED_UNIT_STRENGTH',					'CLASS_LIGHT_CAVALRY'),
	('ABILITY_MILITARY_ACADEMY_TRAINED_UNIT_STRENGTH',					'CLASS_HEAVY_CAVALRY'),				
	('ABILITY_SEAPORT_TRAINED_UNIT_STRENGTH',							'CLASS_NAVAL_RANGED'),
	('ABILITY_SEAPORT_TRAINED_UNIT_STRENGTH',							'CLASS_NAVAL_MELEE'),
	('ABILITY_SEAPORT_TRAINED_UNIT_STRENGTH',							'CLASS_NAVAL_RAIDER'),
	('ABILITY_ORDU_TRAINED_UNIT_STRENGTH',								'CLASS_LIGHT_CAVALRY'),
	('ABILITY_ORDU_TRAINED_UNIT_STRENGTH',								'CLASS_HEAVY_CAVALRY'),
	('ABILITY_ORDU_TRAINED_UNIT_STRENGTH',								'CLASS_MONGOLIAN_KESHIG'),
	('ABILITY_MOSQUE_TRAINED_UNIT_STRENGTH',							'CLASS_RELIGIOUS_ALL'),
	('ABILITY_SCHOLASTICISM_BUFF',										'CLASS_RELIGIOUS_ALL');

insert or replace into UnitAbilities (UnitAbilityType, Name, Description, Inactive) values
	('ABILITY_AMANI_FERR_PROMOTION',
	'LOC_ABILITY_AMANI_FERR_PROMOTION_NAME',
 	'LOC_ABILITY_AMANI_FERR_PROMOTION_DESCRIPTION',
 	1),
	('ABILITY_MILLITARY_ENGINEER_IGNORE_TERRAIN',
	'LOC_ABILITY_MILLITARY_ENGINEER_IGNORE_TERRAIN_NAME',
 	'LOC_ABILITY_MILLITARY_ENGINEER_IGNORE_TERRAIN_DESCRIPTION',
 	0),	
	('ABILITY_MILLITARY_ENGINEER_IGNORE_RIVER',
	'LOC_ABILITY_MILLITARY_ENGINEER_IGNORE_RIVER_NAME',
 	'LOC_ABILITY_MILLITARY_ENGINEER_IGNORE_RIVER_DESCRIPTION',
 	0),	
	('ABILITY_GUILDMASTER_TRAINED_BUILDER_MOVEMENT',
	'LOC_ABILITY_GUILDMASTER_TRAINED_BUILDER_MOVEMENT_NAME',
 	'LOC_ABILITY_GUILDMASTER_TRAINED_BUILDER_MOVEMENT_DESCRIPTION',
 	1),	
	('ABILITY_BISHOP_EXTRA_MOVEMENT',
	'LOC_ABILITY_BISHOP_EXTRA_MOVEMENT_NAME',
 	'LOC_ABILITY_BISHOP_EXTRA_MOVEMENT_DESCRIPTION',
 	1),	
	('ABILITY_BISHOP_TRAINED_UNIT_STRENGTH',
	'LOC_ABILITY_BISHOP_TRAINED_UNIT_STRENGTH_NAME',
 	'LOC_ABILITY_BISHOP_TRAINED_UNIT_STRENGTH_DESCRIPTION',
 	1),	
	('ABILITY_BISHOP_TRAINED_UNIT_EXP',
	'LOC_ABILITY_BISHOP_TRAINED_UNIT_EXP_NAME',
 	'LOC_ABILITY_BISHOP_TRAINED_UNIT_EXP_DESCRIPTION',
 	1),
	('ABILITY_VICTOR_TRAINED_UNIT_EXP',
	'LOC_ABILITY_VICTOR_TRAINED_UNIT_EXP_NAME',
 	'LOC_ABILITY_VICTOR_TRAINED_UNIT_EXP_DESCRIPTION',
 	1),
	('ABILITY_GOV_FAITH_COMBAT_STRENGTH',
	'LOC_ABILITY_GOV_FAITH_COMBAT_STRENGTH_NAME',
 	'LOC_ABILITY_GOV_FAITH_COMBAT_STRENGTH_DESCRIPTION',
 	1),
	('ABILITY_VICTOR_TRAINED_UNIT_STRENGTH',
	'LOC_ABILITY_VICTOR_TRAINED_UNIT_STRENGTH_NAME',
	'LOC_ABILITY_VICTOR_TRAINED_UNIT_STRENGTH_DESCRIPTION',
	1),
	('ABILITY_GOV_MILITARY_MOVEMENT',
	'LOC_ABILITY_GOV_MILITARY_MOVEMENT_NAME',
	'LOC_ABILITY_GOV_MILITARY_MOVEMENT_DESCRIPTION',
	1),
	('ABILITY_GOV_MILITARY_COMBAT_STRENGTH',
	'LOC_ABILITY_GOV_MILITARY_COMBAT_STRENGTH_NAME',
	'LOC_ABILITY_GOV_MILITARY_COMBAT_STRENGTH_DESCRIPTION',
	1),
	('ABILITY_KOTOKU_IN_TRAINED_FREE_PROMOTION',
	'LOC_ABILITY_KOTOKU_IN_TRAINED_FREE_PROMOTION_NAME',
	'LOC_ABILITY_KOTOKU_IN_TRAINED_FREE_PROMOTION_DESCRIPTION',
	1),
	('ABILITY_TRAINED_LIGHT_CAVALRY_EXTRA_PILLAGE_YIELD',
	'LOC_ABILITY_TRAINED_LIGHT_CAVALRY_EXTRA_PILLAGE_YIELD_NAME',
	'LOC_ABILITY_TRAINED_LIGHT_CAVALRY_EXTRA_PILLAGE_YIELD_DESCRIPTION',
	1),
	('ABILITY_TRAINED_LIGHT_CAVALRY_PILLAGE_LESS_MOVEMENT',
	'LOC_ABILITY_TRAINED_LIGHT_CAVALRY_PILLAGE_LESS_MOVEMENT_NAME',
	'LOC_ABILITY_TRAINED_LIGHT_CAVALRY_PILLAGE_LESS_MOVEMENT_DESCRIPTION',
	1),
	('ABILITY_LIGHT_CAVALRY_WEAKER_ATTACKING_DISTRICT',
	'LOC_ABILITY_LIGHT_CAVALRY_WEAKER_ATTACKING_DISTRICT_NAME',
	'LOC_ABILITY_LIGHT_CAVALRY_WEAKER_ATTACKING_DISTRICT_DESCRIPTION',
	0),
	('ABILITY_HEAVY_CAVALRY_WEAKER_ATTACKING_DISTRICT',
	'LOC_ABILITY_HEAVY_CAVALRY_WEAKER_ATTACKING_DISTRICT_NAME',
	'LOC_ABILITY_HEAVY_CAVALRY_WEAKER_ATTACKING_DISTRICT_DESCRIPTION',
	0),
	('ABILITY_BARRACKS_TRAINED_UNIT_STRENGTH',
	'LOC_ABILITY_BARRACKS_TRAINED_UNIT_STRENGTH_NAME',
	'LOC_ABILITY_BARRACKS_TRAINED_UNIT_STRENGTH_DESCRIPTION',
	1),
	('ABILITY_BASILIKOI_TRAINED_UNIT_STRENGTH',
	'LOC_ABILITY_BASILIKOI_TRAINED_UNIT_STRENGTH_NAME',
	'LOC_ABILITY_BASILIKOI_TRAINED_UNIT_STRENGTH_DESCRIPTION',
	1),
	('ABILITY_STABLE_TRAINED_UNIT_STRENGTH',
	'LOC_ABILITY_STABLE_TRAINED_UNIT_STRENGTH_NAME',
	'LOC_ABILITY_STABLE_TRAINED_UNIT_STRENGTH_DESCRIPTION',
	1),
	('ABILITY_ORDU_TRAINED_UNIT_STRENGTH',
	'LOC_ABILITY_ORDU_TRAINED_UNIT_STRENGTH_NAME',
	'LOC_ABILITY_ORDU_TRAINED_UNIT_STRENGTH_DESCRIPTION',
	1),
	('ABILITY_MILITARY_ACADEMY_TRAINED_UNIT_STRENGTH',
	'LOC_ABILITY_MILITARY_ACADEMY_TRAINED_UNIT_STRENGTH_NAME',
	'LOC_ABILITY_MILITARY_ACADEMY_TRAINED_UNIT_STRENGTH_DESCRIPTION',
	1),
	('ABILITY_SEAPORT_TRAINED_UNIT_STRENGTH',
	'LOC_ABILITY_SEAPORT_TRAINED_UNIT_STRENGTH_NAME',
	'LOC_ABILITY_SEAPORT_TRAINED_UNIT_STRENGTH_DESCRIPTION',
	1),
	('ABILITY_MOSQUE_TRAINED_UNIT_STRENGTH',
	'LOC_ABILITY_MOSQUE_TRAINED_UNIT_STRENGTH_NAME',
	'LOC_ABILITY_MOSQUE_TRAINED_UNIT_STRENGTH_DESCRIPTION',
	1),
	('ABILITY_SCHOLASTICISM_BUFF',
	'LOC_ABILITY_SCHOLASTICISM_BUFF_NAME',
	'LOC_ABILITY_SCHOLASTICISM_BUFF_DESCRIPTION',
	1);

insert or replace into UnitAbilityModifiers
	(UnitAbilityType,										ModifierId)
values
	('ABILITY_AMANI_FERR_PROMOTION',						'HETAIROI_FREE_PROMOTION'),
	('ABILITY_BYPASS_WALLS_PROMOTION_CLASS',				'BYPASS_WALLS_WARRIOR_MONK'),
	('ABILITY_ENABLE_WALL_ATTACK_PROMOTION_CLASS',			'ENABLE_WALL_ATTACK_WARRIOR_MONK'),
	('ABILITY_MILLITARY_ENGINEER_IGNORE_TERRAIN',			'MOD_IGNORE_TERRAIN_COST'),
	('ABILITY_MILLITARY_ENGINEER_IGNORE_TERRAIN',			'MOD_IGNORE_CROSSING_RIVERS_COST'),
	('ABILITY_GUILDMASTER_TRAINED_BUILDER_MOVEMENT',		'LIANG_EXTRA_MOVEMENT'),
	('ABILITY_BISHOP_EXTRA_MOVEMENT',						'BISHOP_EXTRA_MOVEMENT'),
	('ABILITY_BISHOP_TRAINED_UNIT_STRENGTH',				'BISHOP_TRAINED_UNIT_STRENGTH'),
	('ABILITY_BISHOP_TRAINED_UNIT_EXP',						'BISHOP_TRAINED_UNIT_EXP'),
	('ABILITY_VICTOR_TRAINED_UNIT_EXP',						'VICTOR_TRAINED_UNIT_EXP'),
	('ABILITY_GOV_FAITH_COMBAT_STRENGTH',					'ABILITY_GOV_FAITH_COMBAT_STRENGTH_MODIFIER'),
	('ABILITY_VICTOR_TRAINED_UNIT_STRENGTH',				'VICTOR_TRAINED_UNIT_STRENGTH'),
	('ABILITY_GOV_MILITARY_MOVEMENT',						'ABILITY_GOV_MILITARY_MOVEMENT_MODIFIER'),
	('ABILITY_GOV_MILITARY_COMBAT_STRENGTH',				'ABILITY_GOV_MILITARY_COMBAT_STRENGTH_MODIFIER'),
	('ABILITY_KOTOKU_IN_TRAINED_FREE_PROMOTION',			'HETAIROI_FREE_PROMOTION'),
	('ABILITY_TRAINED_LIGHT_CAVALRY_EXTRA_PILLAGE_YIELD',	'RAID_DOUBLEPILLAGEIMPROVE'),
	('ABILITY_TRAINED_LIGHT_CAVALRY_PILLAGE_LESS_MOVEMENT',	'MALON_RAIDER_LESS_MOVEMENT_PILLAGE'),
	('ABILITY_LIGHT_CAVALRY_WEAKER_ATTACKING_DISTRICT',		'LIGHT_CAVALRY_WEAKER_ATTACKING_DISTRICT'),
	('ABILITY_HEAVY_CAVALRY_WEAKER_ATTACKING_DISTRICT',		'HEAVY_CAVALRY_WEAKER_ATTACKING_DISTRICT'),
	('ABILITY_BARRACKS_TRAINED_UNIT_STRENGTH',				'BARRACKS_TRAINED_UNIT_STRENGTH'),
	('ABILITY_BASILIKOI_TRAINED_UNIT_STRENGTH',				'BASILIKOI_TRAINED_UNIT_STRENGTH'),
	('ABILITY_STABLE_TRAINED_UNIT_STRENGTH',				'STABLE_TRAINED_UNIT_STRENGTH'),
	('ABILITY_ORDU_TRAINED_UNIT_STRENGTH',					'ORDU_TRAINED_UNIT_STRENGTH'),
	('ABILITY_MILITARY_ACADEMY_TRAINED_UNIT_STRENGTH',		'MILITARY_ACADEMY_TRAINED_UNIT_STRENGTH'),
	('ABILITY_SEAPORT_TRAINED_UNIT_STRENGTH',				'SEAPORT_TRAINED_UNIT_STRENGTH'),
	('ABILITY_MOSQUE_TRAINED_UNIT_STRENGTH',				'MOSQUE_TRAINED_UNIT_STRENGTH'),
	('ABILITY_SCHOLASTICISM_BUFF',							'SCHOLASTICISM_COMBAT_STRENGTH_BUFF');

insert or replace into Modifiers
	(ModifierId,									ModifierType,							SubjectRequirementSetId)
values
	('LIGHT_CAVALRY_WEAKER_ATTACKING_DISTRICT',			'MODIFIER_UNIT_ADJUST_COMBAT_STRENGTH',	'ATTACKING_DISTRICTS_REQUIREMENTS'),
	('HEAVY_CAVALRY_WEAKER_ATTACKING_DISTRICT',			'MODIFIER_UNIT_ADJUST_COMBAT_STRENGTH',	'ATTACKING_DISTRICTS_REQUIREMENTS');

insert or replace into Modifiers
	(ModifierId,									ModifierType,							Permanent)
values
	('BYPASS_WALLS_WARRIOR_MONK',					'MODIFIER_PLAYER_UNIT_ADJUST_BYPASS_WALLS_PROMOTION_CLASS',1),
	('ENABLE_WALL_ATTACK_WARRIOR_MONK',				'MODIFIER_PLAYER_UNIT_ADJUST_ENABLE_WALL_ATTACK_PROMOTION_CLASS',1),
	('LIANG_EXTRA_MOVEMENT',						'MODIFIER_PLAYER_UNIT_ADJUST_MOVEMENT',		1),
	('BISHOP_EXTRA_MOVEMENT',						'MODIFIER_PLAYER_UNIT_ADJUST_MOVEMENT',		1),
	('BISHOP_TRAINED_UNIT_STRENGTH',				'MODIFIER_UNIT_ADJUST_COMBAT_STRENGTH',		1),
	('BISHOP_TRAINED_UNIT_EXP',						'MODIFIER_PLAYER_UNIT_ADJUST_UNIT_EXPERIENCE_MODIFIER',1),
	('VICTOR_TRAINED_UNIT_EXP',						'MODIFIER_PLAYER_UNIT_ADJUST_UNIT_EXPERIENCE_MODIFIER',1),
	('ABILITY_GOV_FAITH_COMBAT_STRENGTH_MODIFIER',	'MODIFIER_UNIT_ADJUST_COMBAT_STRENGTH',		1),
	('VICTOR_TRAINED_UNIT_STRENGTH',				'MODIFIER_UNIT_ADJUST_COMBAT_STRENGTH',		1),
	('ABILITY_GOV_MILITARY_MOVEMENT_MODIFIER',	     'MODIFIER_PLAYER_UNIT_ADJUST_MOVEMENT',	1),
	('ABILITY_GOV_MILITARY_COMBAT_STRENGTH_MODIFIER','MODIFIER_UNIT_ADJUST_COMBAT_STRENGTH',	1),
	('BARRACKS_TRAINED_UNIT_STRENGTH',				'MODIFIER_UNIT_ADJUST_COMBAT_STRENGTH',		1),
	('BASILIKOI_TRAINED_UNIT_STRENGTH',				'MODIFIER_UNIT_ADJUST_COMBAT_STRENGTH',		1),
	('STABLE_TRAINED_UNIT_STRENGTH',				'MODIFIER_UNIT_ADJUST_COMBAT_STRENGTH',		1),
	('ORDU_TRAINED_UNIT_STRENGTH',					'MODIFIER_UNIT_ADJUST_COMBAT_STRENGTH',		1),
	('MOSQUE_TRAINED_UNIT_STRENGTH',				'MODIFIER_UNIT_ADJUST_COMBAT_STRENGTH',		1),
	('MILITARY_ACADEMY_TRAINED_UNIT_STRENGTH',		'MODIFIER_UNIT_ADJUST_COMBAT_STRENGTH',		1),
	('SEAPORT_TRAINED_UNIT_STRENGTH',				'MODIFIER_UNIT_ADJUST_COMBAT_STRENGTH',		1),
	('SCHOLASTICISM_COMBAT_STRENGTH_BUFF',			'MODIFIER_UNIT_ADJUST_COMBAT_STRENGTH',		1);

insert or replace into ModifierArguments
	(ModifierId,									Name,		Value)
values
	('BYPASS_WALLS_WARRIOR_MONK',					'PromotionClass','PROMOTION_CLASS_MONK'),
	('ENABLE_WALL_ATTACK_WARRIOR_MONK',				'PromotionClass','PROMOTION_CLASS_MONK'),
	('LIANG_EXTRA_MOVEMENT',						'Amount',	1),
	('ABILITY_GOV_MILITARY_MOVEMENT_MODIFIER',		'Amount',	1),
	('BISHOP_EXTRA_MOVEMENT',						'Amount',	1),
	('BISHOP_TRAINED_UNIT_STRENGTH',				'Amount',	5),
	('BISHOP_TRAINED_UNIT_EXP',						'Amount',	100),
	('VICTOR_TRAINED_UNIT_EXP',						'Amount',	25),
	('ABILITY_GOV_FAITH_COMBAT_STRENGTH_MODIFIER',	'Amount',	5),
	('VICTOR_TRAINED_UNIT_STRENGTH',				'Amount',	2),
	('LIGHT_CAVALRY_WEAKER_ATTACKING_DISTRICT',		'Amount',	-10),
	('HEAVY_CAVALRY_WEAKER_ATTACKING_DISTRICT',		'Amount',	-7),
	('BARRACKS_TRAINED_UNIT_STRENGTH',				'Amount',	2),
	('BASILIKOI_TRAINED_UNIT_STRENGTH',				'Amount',	3),
	('STABLE_TRAINED_UNIT_STRENGTH',				'Amount',	3),
	('ORDU_TRAINED_UNIT_STRENGTH',					'Amount',	3),
	('MILITARY_ACADEMY_TRAINED_UNIT_STRENGTH',		'Amount',	3),
	('SEAPORT_TRAINED_UNIT_STRENGTH',				'Amount',	3),
	('MOSQUE_TRAINED_UNIT_STRENGTH',				'Amount',	3),
	('SCHOLASTICISM_COMBAT_STRENGTH_BUFF',			'Amount',	7);

insert or replace into ModifierStrings
	(ModifierId,										Context,	Text)
values
	('BISHOP_TRAINED_UNIT_STRENGTH',					'Preview',	'+{1_Amount} {LOC_BISHOP_TRAINED_UNIT_STRENGTH_PREVIEW_TEXT}'),
	('BISHOP_TRAINED_UNIT_EXP',							'Preview',	'+{1_Amount} {LOC_BISHOP_TRAINED_UNIT_EXP_PREVIEW_TEXT}'),
	('VICTOR_TRAINED_UNIT_EXP',							'Preview',	'+{1_Amount} {LOC_VICTOR_TRAINED_UNIT_EXP_PREVIEW_TEXT}'),
	('ABILITY_GOV_FAITH_COMBAT_STRENGTH_MODIFIER',		'Preview',	'+{1_Amount} {LOC_ABILITY_GOV_FAITH_COMBAT_STRENGTH_MODIFIER_PREVIEW_TEXT}'),
	('VICTOR_TRAINED_UNIT_STRENGTH',					'Preview',	'+{1_Amount} {LOC_VICTOR_TRAINED_UNIT_STRENGTH_PREVIEW_TEXT}'),
	('ABILITY_GOV_MILITARY_COMBAT_STRENGTH_MODIFIER',	'Preview',	'+{1_Amount} {LOC_ABILITY_GOV_MILITARY_COMBAT_STRENGTH_MODIFIER_PREVIEW_TEXT}'),
	('ABILITY_GOV_MILITARY_MOVEMENT_MODIFIER',			'Preview',	'+{1_Amount} {LOC_ABILITY_GOV_MILITARY_MOVEMENT_MODIFIER_PREVIEW_TEXT}'),
	('LIGHT_CAVALRY_WEAKER_ATTACKING_DISTRICT',			'Preview',	'{1_Amount} {LOC_CAVALRY_WEAKER_ATTACKING_DISTRICT_PREVIEW_TEXT}'),
	('HEAVY_CAVALRY_WEAKER_ATTACKING_DISTRICT',			'Preview',	'{1_Amount} {LOC_CAVALRY_WEAKER_ATTACKING_DISTRICT_PREVIEW_TEXT}'),
	('BARRACKS_TRAINED_UNIT_STRENGTH',					'Preview',	'+{1_Amount} {LOC_BARRACKS_TRAINED_UNIT_STRENGTH_PREVIEW_TEXT}'),
	('BASILIKOI_TRAINED_UNIT_STRENGTH',					'Preview',	'+{1_Amount} {LOC_BASILIKOI_TRAINED_UNIT_STRENGTH_PREVIEW_TEXT}'),
	('STABLE_TRAINED_UNIT_STRENGTH',					'Preview',	'+{1_Amount} {LOC_STABLE_TRAINED_UNIT_STRENGTH_PREVIEW_TEXT}'),
	('ORDU_TRAINED_UNIT_STRENGTH',						'Preview',	'+{1_Amount} {LOC_ORDU_TRAINED_UNIT_STRENGTH_PREVIEW_TEXT}'),
	('MOSQUE_TRAINED_UNIT_STRENGTH',					'Preview',	'+{1_Amount} {LOC_MOSQUE_TRAINED_UNIT_STRENGTH_PREVIEW_TEXT}'),
	('SEAPORT_TRAINED_UNIT_STRENGTH',					'Preview',	'+{1_Amount} {LOC_SEAPORT_TRAINED_UNIT_STRENGTH_PREVIEW_TEXT}'),
	('MILITARY_ACADEMY_TRAINED_UNIT_STRENGTH',			'Preview',	'+{1_Amount} {LOC_MILITARY_ACADEMY_TRAINED_UNIT_STRENGTH_PREVIEW_TEXT}'),
	('SCHOLASTICISM_COMBAT_STRENGTH_BUFF',				'Preview',	'+{1_Amount} {LOC_SCHOLASTICISM_COMBAT_STRENGTH_BUFF_PREVIEW_TEXT}');

-- <Row ModifierId="TOQUI_COMBAT_BUFF_VS_GOLDEN_AGE" Context="Preview" Text="LOC_ABILITY_TOQUI_COMBAT_BUFF_VS_GOLDEN_AGE_DESCRIPTION"/>