-------------------------------------
--   Units Abilities Adjustments   --
-------------------------------------

insert or replace into Types
	(Type,										Kind)
values
	('ABILITY_BARRACKS_TRAINED_UNIT_STRENGTH',	'KIND_ABILITY'),
	('ABILITY_BASILIKOI_TRAINED_UNIT_STRENGTH',	'KIND_ABILITY'),
	('ABILITY_STABLE_TRAINED_UNIT_STRENGTH',	'KIND_ABILITY'),
	('ABILITY_ORDU_TRAINED_UNIT_STRENGTH',		'KIND_ABILITY'),
	('ABILITY_MOSQUE_TRAINED_UNIT_STRENGTH',	'KIND_ABILITY');

insert or replace into TypeTags
	(Type,										Tag)
values
	('ABILITY_BARRACKS_TRAINED_UNIT_STRENGTH',	'CLASS_MELEE'),
	('ABILITY_BARRACKS_TRAINED_UNIT_STRENGTH',	'CLASS_RANGED'),
	('ABILITY_BARRACKS_TRAINED_UNIT_STRENGTH',	'CLASS_ANTI_CAVALRY'),
	('ABILITY_BASILIKOI_TRAINED_UNIT_STRENGTH',	'CLASS_MELEE'),
	('ABILITY_BASILIKOI_TRAINED_UNIT_STRENGTH',	'CLASS_RANGED'),
	('ABILITY_BASILIKOI_TRAINED_UNIT_STRENGTH',	'CLASS_ANTI_CAVALRY'),
	('ABILITY_BASILIKOI_TRAINED_UNIT_STRENGTH',	'CLASS_SIEGE'),
	('ABILITY_BASILIKOI_TRAINED_UNIT_STRENGTH',	'CLASS_HETAIROI'),
	('ABILITY_STABLE_TRAINED_UNIT_STRENGTH',	'CLASS_LIGHT_CAVALRY'),
	('ABILITY_STABLE_TRAINED_UNIT_STRENGTH',	'CLASS_HEAVY_CAVALRY'),
	('ABILITY_STABLE_TRAINED_UNIT_STRENGTH',	'CLASS_SIEGE'),
	('ABILITY_ORDU_TRAINED_UNIT_STRENGTH',		'CLASS_LIGHT_CAVALRY'),
	('ABILITY_ORDU_TRAINED_UNIT_STRENGTH',		'CLASS_HEAVY_CAVALRY'),
	('ABILITY_ORDU_TRAINED_UNIT_STRENGTH',		'CLASS_MONGOLIAN_KESHIG'),
	('ABILITY_MOSQUE_TRAINED_UNIT_STRENGTH',	'CLASS_RELIGIOUS_ALL');

insert or replace into UnitAbilities (UnitAbilityType, Name, Description, Inactive) values
	('ABILITY_BARRACKS_TRAINED_UNIT_STRENGTH',
	'LOC_ABILITY_BARRACKS_TRAINED_UNIT_STRENGTH_NAME',
	'LOC_ABILITY_BARRACKS_TRAINED_UNIT_STRENGTH_DESCRIPTION',
	1),
	('ABILITY_BASILIKOI_TRAINED_UNIT_STRENGTH',
	'LOC_ABILITY_BASILIKOI_TRAINED_UNIT_STRENGTH_NAME',
	'LOC_ABILITY_BASILIKOI_TRAINED_UNIT_STRENGTH_DESCRIPTION',
	1),
	('ABILITY_STABLE_TRAINED_UNIT_STRENGTH',
	'LOC_ABILITY_STABLE_TRAINED_UNIT_STRENGTH_NAME',
	'LOC_ABILITY_STABLE_TRAINED_UNIT_STRENGTH_DESCRIPTION',
	1),
	('ABILITY_ORDU_TRAINED_UNIT_STRENGTH',
	'LOC_ABILITY_ORDU_TRAINED_UNIT_STRENGTH_NAME',
	'LOC_ABILITY_ORDU_TRAINED_UNIT_STRENGTH_DESCRIPTION',
	1),
	('ABILITY_MOSQUE_TRAINED_UNIT_STRENGTH',
	'LOC_ABILITY_MOSQUE_TRAINED_UNIT_STRENGTH_NAME',
	'LOC_ABILITY_MOSQUE_TRAINED_UNIT_STRENGTH_DESCRIPTION',
	1);

insert or replace into UnitAbilityModifiers
	(UnitAbilityType,							ModifierId)
values
	('ABILITY_BARRACKS_TRAINED_UNIT_STRENGTH',	'BARRACKS_TRAINED_UNIT_STRENGTH'),
	('ABILITY_BASILIKOI_TRAINED_UNIT_STRENGTH',	'BASILIKOI_TRAINED_UNIT_STRENGTH'),
	('ABILITY_STABLE_TRAINED_UNIT_STRENGTH',	'STABLE_TRAINED_UNIT_STRENGTH'),
	('ABILITY_ORDU_TRAINED_UNIT_STRENGTH',		'ORDU_TRAINED_UNIT_STRENGTH'),
	('ABILITY_MOSQUE_TRAINED_UNIT_STRENGTH',	'MOSQUE_TRAINED_UNIT_STRENGTH');

insert or replace into Modifiers
	(ModifierId,						ModifierType,							Permanent)
values 
	('BARRACKS_TRAINED_UNIT_STRENGTH',	'MODIFIER_UNIT_ADJUST_COMBAT_STRENGTH',	1),
	('BASILIKOI_TRAINED_UNIT_STRENGTH',	'MODIFIER_UNIT_ADJUST_COMBAT_STRENGTH',	1),
	('STABLE_TRAINED_UNIT_STRENGTH',	'MODIFIER_UNIT_ADJUST_COMBAT_STRENGTH',	1),
	('ORDU_TRAINED_UNIT_STRENGTH',		'MODIFIER_UNIT_ADJUST_COMBAT_STRENGTH',	1),
	('MOSQUE_TRAINED_UNIT_STRENGTH',	'MODIFIER_UNIT_ADJUST_COMBAT_STRENGTH',	1);

insert or replace into ModifierArguments
	(ModifierId,						Name,		Value)
values 
	('BARRACKS_TRAINED_UNIT_STRENGTH',	'Amount',	3),
	('BASILIKOI_TRAINED_UNIT_STRENGTH',	'Amount',	3),
	('STABLE_TRAINED_UNIT_STRENGTH',	'Amount',	3),
	('ORDU_TRAINED_UNIT_STRENGTH',		'Amount',	3),
	('MOSQUE_TRAINED_UNIT_STRENGTH',	'Amount',	3);

insert or replace into ModifierStrings
	(ModifierId,						Context,	Text)
values
	('BARRACKS_TRAINED_UNIT_STRENGTH',	'Preview',	'+{1_Amount} {LOC_BARRACKS_TRAINED_UNIT_STRENGTH_PREVIEW_TEXT}'),
	('BASILIKOI_TRAINED_UNIT_STRENGTH',	'Preview',	'+{1_Amount} {LOC_BASILIKOI_TRAINED_UNIT_STRENGTH_PREVIEW_TEXT}'),
	('STABLE_TRAINED_UNIT_STRENGTH',	'Preview',	'+{1_Amount} {LOC_STABLE_TRAINED_UNIT_STRENGTH_PREVIEW_TEXT}'),
	('ORDU_TRAINED_UNIT_STRENGTH',		'Preview',	'+{1_Amount} {LOC_ORDU_TRAINED_UNIT_STRENGTH_PREVIEW_TEXT}'),
	('MOSQUE_TRAINED_UNIT_STRENGTH',	'Preview',	'+{1_Amount} {LOC_MOSQUE_TRAINED_UNIT_STRENGTH_PREVIEW_TEXT}');

-- <Row ModifierId="TOQUI_COMBAT_BUFF_VS_GOLDEN_AGE" Context="Preview" Text="LOC_ABILITY_TOQUI_COMBAT_BUFF_VS_GOLDEN_AGE_DESCRIPTION"/>