-------------------------------------
--   Units Abilities Adjustments   --
-------------------------------------

insert or replace into Types
	(Type,														Kind)
values
	-- 
	('ABILITY_LIGHT_CAVALRY_WEAKER_ATTACKING_DISTRICT',			'KIND_ABILITY'),
	('ABILITY_HEAVY_CAVALRY_WEAKER_ATTACKING_DISTRICT',			'KIND_ABILITY'),
	-- 
	('ABILITY_BARRACKS_TRAINED_UNIT_STRENGTH',					'KIND_ABILITY'),
	('ABILITY_BASILIKOI_TRAINED_UNIT_STRENGTH',					'KIND_ABILITY'),
	('ABILITY_STABLE_TRAINED_UNIT_STRENGTH',					'KIND_ABILITY'),
	('ABILITY_ORDU_TRAINED_UNIT_STRENGTH',						'KIND_ABILITY'),
	('ABILITY_MOSQUE_TRAINED_UNIT_STRENGTH',					'KIND_ABILITY'),
	('ABILITY_MILITARY_ACADEMY_TRAINED_UNIT_STRENGTH',			'KIND_ABILITY'),
	('ABILITY_SEAPORT_TRAINED_UNIT_STRENGTH',					'KIND_ABILITY'),
	('ABILITY_SCHOLASTICISM_BUFF',								'KIND_ABILITY');

insert or replace into TypeTags
	(Type,																Tag)
values
	('ABILITY_LIGHT_CAVALRY_WEAKER_ATTACKING_DISTRICT',					'CLASS_LIGHT_CAVALRY'),
	('ABILITY_HEAVY_CAVALRY_WEAKER_ATTACKING_DISTRICT',					'CLASS_HEAVY_CAVALRY'),
	('ABILITY_BARRACKS_TRAINED_UNIT_STRENGTH',							'CLASS_MELEE'),
	('ABILITY_BARRACKS_TRAINED_UNIT_STRENGTH',							'CLASS_RANGED'),
	('ABILITY_BARRACKS_TRAINED_UNIT_STRENGTH',							'CLASS_ANTI_CAVALRY'),
	('ABILITY_BASILIKOI_TRAINED_UNIT_STRENGTH',							'CLASS_MELEE'),
	('ABILITY_BASILIKOI_TRAINED_UNIT_STRENGTH',							'CLASS_RANGED'),
	('ABILITY_BASILIKOI_TRAINED_UNIT_STRENGTH',							'CLASS_ANTI_CAVALRY'),
	('ABILITY_BASILIKOI_TRAINED_UNIT_STRENGTH',							'CLASS_SIEGE'),
	('ABILITY_BASILIKOI_TRAINED_UNIT_STRENGTH',							'CLASS_HETAIROI'),
	('ABILITY_STABLE_TRAINED_UNIT_STRENGTH',							'CLASS_LIGHT_CAVALRY'),
	('ABILITY_STABLE_TRAINED_UNIT_STRENGTH',							'CLASS_HEAVY_CAVALRY'),
	('ABILITY_STABLE_TRAINED_UNIT_STRENGTH',							'CLASS_SIEGE'),
	('ABILITY_MILITARY_ACADEMY_TRAINED_UNIT_STRENGTH',					'CLASS_MELEE'),
	('ABILITY_MILITARY_ACADEMY_TRAINED_UNIT_STRENGTH',					'CLASS_RANGED'),
	('ABILITY_MILITARY_ACADEMY_TRAINED_UNIT_STRENGTH',					'CLASS_ANTI_CAVALRY'),
	('ABILITY_MILITARY_ACADEMY_TRAINED_UNIT_STRENGTH',					'CLASS_SIEGE'),
	('ABILITY_MILITARY_ACADEMY_TRAINED_UNIT_STRENGTH',					'CLASS_LIGHT_CAVALRY'),
	('ABILITY_MILITARY_ACADEMY_TRAINED_UNIT_STRENGTH',					'CLASS_HEAVY_CAVALRY'),				
	('ABILITY_SEAPORT_TRAINED_UNIT_STRENGTH',							'CLASS_NAVAL_RANGED'),
	('ABILITY_SEAPORT_TRAINED_UNIT_STRENGTH',							'CLASS_NAVAL_MELEE'),
	('ABILITY_SEAPORT_TRAINED_UNIT_STRENGTH',							'CLASS_NAVAL_RAIDER'),
	('ABILITY_ORDU_TRAINED_UNIT_STRENGTH',								'CLASS_LIGHT_CAVALRY'),
	('ABILITY_ORDU_TRAINED_UNIT_STRENGTH',								'CLASS_HEAVY_CAVALRY'),
	('ABILITY_ORDU_TRAINED_UNIT_STRENGTH',								'CLASS_MONGOLIAN_KESHIG'),
	('ABILITY_MOSQUE_TRAINED_UNIT_STRENGTH',							'CLASS_RELIGIOUS_ALL'),
	('ABILITY_SCHOLASTICISM_BUFF',										'CLASS_RELIGIOUS_ALL');

insert or replace into UnitAbilities (UnitAbilityType, Name, Description, Inactive) values
	('ABILITY_LIGHT_CAVALRY_WEAKER_ATTACKING_DISTRICT',
	'LOC_ABILITY_LIGHT_CAVALRY_WEAKER_ATTACKING_DISTRICT_NAME',
	'LOC_ABILITY_LIGHT_CAVALRY_WEAKER_ATTACKING_DISTRICT_DESCRIPTION',
	0),
	('ABILITY_HEAVY_CAVALRY_WEAKER_ATTACKING_DISTRICT',
	'LOC_ABILITY_HEAVY_CAVALRY_WEAKER_ATTACKING_DISTRICT_NAME',
	'LOC_ABILITY_HEAVY_CAVALRY_WEAKER_ATTACKING_DISTRICT_DESCRIPTION',
	0),
	('ABILITY_BARRACKS_TRAINED_UNIT_STRENGTH',
	'LOC_ABILITY_BARRACKS_TRAINED_UNIT_STRENGTH_NAME',
	'LOC_ABILITY_BARRACKS_TRAINED_UNIT_STRENGTH_DESCRIPTION',
	1),
	('ABILITY_BASILIKOI_TRAINED_UNIT_STRENGTH',
	'LOC_ABILITY_BASILIKOI_TRAINED_UNIT_STRENGTH_NAME',
	'LOC_ABILITY_BASILIKOI_TRAINED_UNIT_STRENGTH_DESCRIPTION',
	1),
	('ABILITY_STABLE_TRAINED_UNIT_STRENGTH',
	'LOC_ABILITY_STABLE_TRAINED_UNIT_STRENGTH_NAME',
	'LOC_ABILITY_STABLE_TRAINED_UNIT_STRENGTH_DESCRIPTION',
	1),
	('ABILITY_ORDU_TRAINED_UNIT_STRENGTH',
	'LOC_ABILITY_ORDU_TRAINED_UNIT_STRENGTH_NAME',
	'LOC_ABILITY_ORDU_TRAINED_UNIT_STRENGTH_DESCRIPTION',
	1),
	('ABILITY_MILITARY_ACADEMY_TRAINED_UNIT_STRENGTH',
	'LOC_ABILITY_MILITARY_ACADEMY_TRAINED_UNIT_STRENGTH_NAME',
	'LOC_ABILITY_MILITARY_ACADEMY_TRAINED_UNIT_STRENGTH_DESCRIPTION',
	1),
	('ABILITY_SEAPORT_TRAINED_UNIT_STRENGTH',
	'LOC_ABILITY_SEAPORT_TRAINED_UNIT_STRENGTH_NAME',
	'LOC_ABILITY_SEAPORT_TRAINED_UNIT_STRENGTH_DESCRIPTION',
	1),
	('ABILITY_MOSQUE_TRAINED_UNIT_STRENGTH',
	'LOC_ABILITY_MOSQUE_TRAINED_UNIT_STRENGTH_NAME',
	'LOC_ABILITY_MOSQUE_TRAINED_UNIT_STRENGTH_DESCRIPTION',
	1),
	('ABILITY_SCHOLASTICISM_BUFF',
	'LOC_ABILITY_SCHOLASTICISM_BUFF_NAME',
	'LOC_ABILITY_SCHOLASTICISM_BUFF_DESCRIPTION',
	1);

insert or replace into UnitAbilityModifiers
	(UnitAbilityType,										ModifierId)
values
	('ABILITY_LIGHT_CAVALRY_WEAKER_ATTACKING_DISTRICT',		'LIGHT_CAVALRY_WEAKER_ATTACKING_DISTRICT'),
	('ABILITY_HEAVY_CAVALRY_WEAKER_ATTACKING_DISTRICT',		'HEAVY_CAVALRY_WEAKER_ATTACKING_DISTRICT'),
	('ABILITY_BARRACKS_TRAINED_UNIT_STRENGTH',				'BARRACKS_TRAINED_UNIT_STRENGTH'),
	('ABILITY_BASILIKOI_TRAINED_UNIT_STRENGTH',				'BASILIKOI_TRAINED_UNIT_STRENGTH'),
	('ABILITY_STABLE_TRAINED_UNIT_STRENGTH',				'STABLE_TRAINED_UNIT_STRENGTH'),
	('ABILITY_ORDU_TRAINED_UNIT_STRENGTH',					'ORDU_TRAINED_UNIT_STRENGTH'),
	('ABILITY_MILITARY_ACADEMY_TRAINED_UNIT_STRENGTH',		'MILITARY_ACADEMY_TRAINED_UNIT_STRENGTH'),
	('ABILITY_SEAPORT_TRAINED_UNIT_STRENGTH',				'SEAPORT_TRAINED_UNIT_STRENGTH'),
	('ABILITY_MOSQUE_TRAINED_UNIT_STRENGTH',				'MOSQUE_TRAINED_UNIT_STRENGTH'),
	('ABILITY_SCHOLASTICISM_BUFF',							'SCHOLASTICISM_COMBAT_STRENGTH_BUFF');

insert or replace into Modifiers
	(ModifierId,									ModifierType,							SubjectRequirementSetId)
values
	('LIGHT_CAVALRY_WEAKER_ATTACKING_DISTRICT',		'MODIFIER_UNIT_ADJUST_COMBAT_STRENGTH',	'SHELLS_REQUIREMENTS'),
	('HEAVY_CAVALRY_WEAKER_ATTACKING_DISTRICT',		'MODIFIER_UNIT_ADJUST_COMBAT_STRENGTH',	'SHELLS_REQUIREMENTS');

insert or replace into Modifiers
	(ModifierId,									ModifierType,							Permanent)
values 
	('BARRACKS_TRAINED_UNIT_STRENGTH',				'MODIFIER_UNIT_ADJUST_COMBAT_STRENGTH',	1),
	('BASILIKOI_TRAINED_UNIT_STRENGTH',				'MODIFIER_UNIT_ADJUST_COMBAT_STRENGTH',	1),
	('STABLE_TRAINED_UNIT_STRENGTH',				'MODIFIER_UNIT_ADJUST_COMBAT_STRENGTH',	1),
	('ORDU_TRAINED_UNIT_STRENGTH',					'MODIFIER_UNIT_ADJUST_COMBAT_STRENGTH',	1),
	('MOSQUE_TRAINED_UNIT_STRENGTH',				'MODIFIER_UNIT_ADJUST_COMBAT_STRENGTH',	1),
	('MILITARY_ACADEMY_TRAINED_UNIT_STRENGTH',		'MODIFIER_UNIT_ADJUST_COMBAT_STRENGTH',	1),
	('SEAPORT_TRAINED_UNIT_STRENGTH',				'MODIFIER_UNIT_ADJUST_COMBAT_STRENGTH',	1),
	('SCHOLASTICISM_COMBAT_STRENGTH_BUFF',			'MODIFIER_UNIT_ADJUST_COMBAT_STRENGTH',	1);

insert or replace into ModifierArguments
	(ModifierId,									Name,		Value)
values 
	('LIGHT_CAVALRY_WEAKER_ATTACKING_DISTRICT',		'Amount',	-10),
	('HEAVY_CAVALRY_WEAKER_ATTACKING_DISTRICT',		'Amount',	-7),
	('BARRACKS_TRAINED_UNIT_STRENGTH',				'Amount',	3),
	('BASILIKOI_TRAINED_UNIT_STRENGTH',				'Amount',	3),
	('STABLE_TRAINED_UNIT_STRENGTH',				'Amount',	3),
	('ORDU_TRAINED_UNIT_STRENGTH',					'Amount',	3),
	('MILITARY_ACADEMY_TRAINED_UNIT_STRENGTH',		'Amount',	3),
	('SEAPORT_TRAINED_UNIT_STRENGTH',				'Amount',	3),
	('MOSQUE_TRAINED_UNIT_STRENGTH',				'Amount',	3),
	('SCHOLASTICISM_COMBAT_STRENGTH_BUFF',			'Amount',	7);

insert or replace into ModifierStrings
	(ModifierId,									Context,	Text)
values
	('LIGHT_CAVALRY_WEAKER_ATTACKING_DISTRICT',		'Preview',	'{1_Amount} {LOC_CAVALRY_WEAKER_ATTACKING_DISTRICT_PREVIEW_TEXT}'),
	('HEAVY_CAVALRY_WEAKER_ATTACKING_DISTRICT',		'Preview',	'{1_Amount} {LOC_CAVALRY_WEAKER_ATTACKING_DISTRICT_PREVIEW_TEXT}'),
	('BARRACKS_TRAINED_UNIT_STRENGTH',				'Preview',	'+{1_Amount} {LOC_BARRACKS_TRAINED_UNIT_STRENGTH_PREVIEW_TEXT}'),
	('BASILIKOI_TRAINED_UNIT_STRENGTH',				'Preview',	'+{1_Amount} {LOC_BASILIKOI_TRAINED_UNIT_STRENGTH_PREVIEW_TEXT}'),
	('STABLE_TRAINED_UNIT_STRENGTH',				'Preview',	'+{1_Amount} {LOC_STABLE_TRAINED_UNIT_STRENGTH_PREVIEW_TEXT}'),
	('ORDU_TRAINED_UNIT_STRENGTH',					'Preview',	'+{1_Amount} {LOC_ORDU_TRAINED_UNIT_STRENGTH_PREVIEW_TEXT}'),
	('MOSQUE_TRAINED_UNIT_STRENGTH',				'Preview',	'+{1_Amount} {LOC_MOSQUE_TRAINED_UNIT_STRENGTH_PREVIEW_TEXT}'),
	('SEAPORT_TRAINED_UNIT_STRENGTH',				'Preview',	'+{1_Amount} {LOC_SEAPORT_TRAINED_UNIT_STRENGTH_PREVIEW_TEXT}'),
	('MILITARY_ACADEMY_TRAINED_UNIT_STRENGTH',		'Preview',	'+{1_Amount} {LOC_MILITARY_ACADEMY_TRAINED_UNIT_STRENGTH_PREVIEW_TEXT}'),
	('SCHOLASTICISM_COMBAT_STRENGTH_BUFF',			'Preview',	'+{1_Amount} {LOC_SCHOLASTICISM_COMBAT_STRENGTH_BUFF_PREVIEW_TEXT}');

-- <Row ModifierId="TOQUI_COMBAT_BUFF_VS_GOLDEN_AGE" Context="Preview" Text="LOC_ABILITY_TOQUI_COMBAT_BUFF_VS_GOLDEN_AGE_DESCRIPTION"/>