-------------------------------------
--       Wonders Adjustments       --
-------------------------------------

-- Adjust cost
update Buildings set Cost = 180	where BuildingType = 'BUILDING_STONEHENGE';
update Buildings set Cost = 180 where BuildingType = 'BUILDING_TEMPLE_ARTEMIS';
update Buildings set Cost = 180 where BuildingType = 'BUILDING_GREAT_BATH';
update Buildings set Cost = 220 where BuildingType = 'BUILDING_HANGING_GARDENS';
update Buildings set Cost = 220 where BuildingType = 'BUILDING_ETEMENANKI';
update Buildings set Cost = 260 where BuildingType = 'BUILDING_PYRAMIDS';
update Buildings set Cost = 260 where BuildingType = 'BUILDING_ORACLE';
update Buildings set Cost = 420 where BuildingType = 'BUILDING_GREAT_LIGHTHOUSE';
update Buildings set Cost = 420 where BuildingType = 'BUILDING_COLOSSUS';
update Buildings set Cost = 420 where BuildingType = 'BUILDING_PETRA';
update Buildings set Cost = 420 where BuildingType = 'BUILDING_COLOSSEUM';
update Buildings set Cost = 420 where BuildingType = 'BUILDING_GREAT_LIBRARY';
update Buildings set Cost = 420 where BuildingType = 'BUILDING_MAHABODHI_TEMPLE';
update Buildings set Cost = 420 where BuildingType = 'BUILDING_TERRACOTTA_ARMY';
update Buildings set Cost = 420 where BuildingType = 'BUILDING_HUEY_TEOCALLI';
update Buildings set Cost = 420 where BuildingType = 'BUILDING_JEBEL_BARKAL';
update Buildings set Cost = 420 where BuildingType = 'BUILDING_APADANA';
update Buildings set Cost = 420 where BuildingType = 'BUILDING_HALICARNASSUS_MAUSOLEUM';
update Buildings set Cost = 420 where BuildingType = 'BUILDING_STATUE_OF_ZEUS';
update Buildings set Cost = 750 where BuildingType = 'BUILDING_HAGIA_SOPHIA';
update Buildings set Cost = 750 where BuildingType = 'BUILDING_ALHAMBRA';
update Buildings set Cost = 750 where BuildingType = 'BUILDING_CHICHEN_ITZA';
update Buildings set Cost = 750 where BuildingType = 'BUILDING_MONT_ST_MICHEL';
update Buildings set Cost = 750 where BuildingType = 'BUILDING_GREAT_ZIMBABWE';
update Buildings set Cost = 750 where BuildingType = 'BUILDING_ANGKOR_WAT';
update Buildings set Cost = 750 where BuildingType = 'BUILDING_KILWA_KISIWANI';
update Buildings set Cost = 750 where BuildingType = 'BUILDING_KOTOKU_IN';
update Buildings set Cost = 750 where BuildingType = 'BUILDING_MACHU_PICCHU';
update Buildings set Cost = 750 where BuildingType = 'BUILDING_MEENAKSHI_TEMPLE';
update Buildings set Cost = 750 where BuildingType = 'BUILDING_UNIVERSITY_SANKORE';
update Buildings set Cost = 1000 where BuildingType = 'BUILDING_VENETIAN_ARSENAL';
update Buildings set Cost = 1000 where BuildingType = 'BUILDING_FORBIDDEN_CITY';
update Buildings set Cost = 1000 where BuildingType = 'BUILDING_ST_BASILS_CATHEDRAL';
update Buildings set Cost = 1000 where BuildingType = 'BUILDING_TAJ_MAHAL';
update Buildings set Cost = 1000 where BuildingType = 'BUILDING_CASA_DE_CONTRATACION';
update Buildings set Cost = 1000 where BuildingType = 'BUILDING_TORRE_DE_BELEM';
update Buildings set Cost = 1000 where BuildingType = 'BUILDING_POTALA_PALACE';
update Buildings set Cost = 1360 where BuildingType = 'BUILDING_PANAMA_CANAL';
update Buildings set Cost = 1360 where BuildingType = 'BUILDING_ORSZAGHAZ';
update Buildings set Cost = 1360 where BuildingType = 'BUILDING_RUHR_VALLEY';
update Buildings set Cost = 1360 where BuildingType = 'BUILDING_BOLSHOI_THEATRE';
update Buildings set Cost = 1360 where BuildingType = 'BUILDING_OXFORD_UNIVERSITY';
update Buildings set Cost = 1360 where BuildingType = 'BUILDING_STATUE_LIBERTY';
update Buildings set Cost = 1360 where BuildingType = 'BUILDING_BIG_BEN';
update Buildings set Cost = 1360 where BuildingType = 'BUILDING_HERMITAGE';
update Buildings set Cost = 1800 where BuildingType = 'BUILDING_EIFFEL_TOWER';
update Buildings set Cost = 1800 where BuildingType = 'BUILDING_BROADWAY';
update Buildings set Cost = 1800 where BuildingType = 'BUILDING_CRISTO_REDENTOR';
update Buildings set Cost = 1800 where BuildingType = 'BUILDING_GOLDEN_GATE_BRIDGE';
update Buildings set Cost = 2000 where BuildingType = 'BUILDING_ESTADIO_DO_MARACANA';
update Buildings set Cost = 2000 where BuildingType = 'BUILDING_BIOSPHERE';
update Buildings set Cost = 2000 where BuildingType = 'BUILDING_SYDNEY_OPERA_HOUSE';
update Buildings set Cost = 2000 where BuildingType = 'BUILDING_AMUNDSEN_SCOTT_RESEARCH_STATION';

-- Adjust basic yield
insert or replace into Building_YieldChanges
	(BuildingType,								YieldType,			YieldChange)
values
	('BUILDING_HANGING_GARDENS',				'YIELD_FOOD', 		4),
	('BUILDING_GREAT_BATH',						'YIELD_FOOD',		1),
	('BUILDING_GREAT_BATH',						'YIELD_FAITH',		1),
	('BUILDING_TEMPLE_ARTEMIS',					'YIELD_FOOD',		1),
	('BUILDING_TEMPLE_ARTEMIS',					'YIELD_PRODUCTION',	1),
	('BUILDING_PETRA',							'YIELD_FOOD',		1),
	('BUILDING_PETRA',							'YIELD_PRODUCTION',	1),
	('BUILDING_GREAT_LIGHTHOUSE',				'YIELD_GOLD',		5),
	('BUILDING_TERRACOTTA_ARMY',				'YIELD_CULTURE',	2),
	('BUILDING_HUEY_TEOCALLI',					'YIELD_FAITH',		2),
	('BUILDING_APADANA',						'YIELD_CULTURE',	1),
	('BUILDING_HALICARNASSUS_MAUSOLEUM',		'YIELD_CULTURE',	2),
	('BUILDING_ALHAMBRA',						'YIELD_PRODUCTION',	4),
	('BUILDING_CHICHEN_ITZA',					'YIELD_CULTURE',	2),
	('BUILDING_CHICHEN_ITZA',					'YIELD_FAITH',		2),
	('BUILDING_ANGKOR_WAT',						'YIELD_FOOD',		2),
	('BUILDING_ANGKOR_WAT',						'YIELD_FAITH',		2),
	('BUILDING_KILWA_KISIWANI',					'YIELD_GOLD',		6),
	('BUILDING_KOTOKU_IN',						'YIELD_FAITH',		5),
	('BUILDING_MONT_ST_MICHEL',					'YIELD_FAITH',		5),
	('BUILDING_MEENAKSHI_TEMPLE',				'YIELD_CULTURE',	2),
	('BUILDING_MEENAKSHI_TEMPLE',				'YIELD_FAITH',		2),
	('BUILDING_UNIVERSITY_SANKORE',				'YIELD_SCIENCE',	5),
	('BUILDING_VENETIAN_ARSENAL',				'YIELD_PRODUCTION',	3),
	('BUILDING_CASA_DE_CONTRATACION',			'YIELD_GOLD',		8),
	('BUILDING_ST_BASILS_CATHEDRAL',			'YIELD_FAITH',		6),
	('BUILDING_TAJ_MAHAL',						'YIELD_CULTURE',	2),
	('BUILDING_TAJ_MAHAL',						'YIELD_FAITH',		2),
	('BUILDING_POTALA_PALACE',					'YIELD_CULTURE',	3),
	('BUILDING_POTALA_PALACE',					'YIELD_FAITH',		3),
	('BUILDING_RUHR_VALLEY',					'YIELD_PRODUCTION',	6),
	('BUILDING_HERMITAGE',						'YIELD_CULTURE',	8),
	('BUILDING_HERMITAGE',						'YIELD_FAITH',		8),
	('BUILDING_BOLSHOI_THEATRE',				'YIELD_CULTURE',	6),
	('BUILDING_OXFORD_UNIVERSITY',				'YIELD_SCIENCE',	6),
	('BUILDING_STATUE_LIBERTY',					'YIELD_GOLD',		8),
	('BUILDING_EIFFEL_TOWER',					'YIELD_CULTURE',	8),
	('BUILDING_BROADWAY',						'YIELD_CULTURE',	5),
	('BUILDING_BROADWAY',						'YIELD_GOLD',		5),
	('BUILDING_CRISTO_REDENTOR',				'YIELD_FAITH',		4),
	('BUILDING_AMUNDSEN_SCOTT_RESEARCH_STATION','YIELD_SCIENCE',	8),
	('BUILDING_GOLDEN_GATE_BRIDGE',				'YIELD_GOLD',		12),
	('BUILDING_BIOSPHERE',						'YIELD_FOOD',		3),
	('BUILDING_BIOSPHERE',						'YIELD_PRODUCTION',	3),
	('BUILDING_BIOSPHERE',						'YIELD_SCIENCE',	3);

-- Enable Wonders on Mountain
insert or replace into Building_ValidTerrains (BuildingType,	TerrainType)
select a.BuildingType,	b.TerrainType
from Buildings a, Terrains b where
	a.BuildingType in ('BUILDING_ORACLE', 'BUILDING_POTALA_PALACE', 'BUILDING_CRISTO_REDENTOR', 'BUILDING_NEUSCHWANSTEIN') and
	b.TerrainType like 'TERRAIN_%_MOUNTAIN';
insert or replace into Building_ValidTerrains (BuildingType,	TerrainType)
values ('BUILDING_PETRA',	'TERRAIN_DESERT_MOUNTAIN');

-- Adjust building effects
-- Alhambra
insert or replace into BuildingModifiers
	(BuildingType,					ModifierId)
values
	('BUILDING_ALHAMBRA',			'ALHAMBRA_ENCAMPMENT_INFLUENCE_POINTS_ATTACH');
insert or replace into Modifiers
	(ModifierId,										ModifierType,											SubjectRequirementSetId)
values
	('ALHAMBRA_ENCAMPMENT_INFLUENCE_POINTS_ATTACH',		'MODIFIER_PLAYER_DISTRICTS_ATTACH_MODIFIER',			'DISTRICT_IS_ENCAMPMENT'),
	('ALHAMBRA_ENCAMPMENT_INFLUENCE_POINTS',			'MODIFIER_PLAYER_ADJUST_INFLUENCE_POINTS_PER_TURN',		null);
insert or replace into ModifierArguments
	(ModifierId,										Name,			Value)
values
	('ALHAMBRA_ENCAMPMENT_INFLUENCE_POINTS_ATTACH',		'ModifierId',	'ALHAMBRA_ENCAMPMENT_INFLUENCE_POINTS'),
	('ALHAMBRA_ENCAMPMENT_INFLUENCE_POINTS',			'Amount',		2);

-- Oracle
update ModifierArguments set Value = 6 where ModifierId like 'ORACLE_GREAT%POINTS' and Name = 'Amount';

-- Temple of Artemis does not affect empty camp.
delete from ImprovementModifiers where (ImprovementType = 'IMPROVEMENT_PLANTATION' and ModifierId = 'TEMPLE_ARTEMIS_PLANTATION_AMENITY');
insert or replace into BuildingModifiers
	(BuildingType,					ModifierId)
values
	('BUILDING_TEMPLE_ARTEMIS',		'ARTEMIS_PASTURE_FOOD'),
	('BUILDING_TEMPLE_ARTEMIS',		'ARTEMIS_CAMP_FOOD');
insert or replace into Modifiers
	(ModifierId,					ModifierType,								SubjectRequirementSetId)
values
	('ARTEMIS_PASTURE_FOOD',		'MODIFIER_PLAYER_ADJUST_PLOT_YIELD',		'PLOT_HAS_PASTURE_WITH_4_TILES'),
	('ARTEMIS_CAMP_FOOD',			'MODIFIER_PLAYER_ADJUST_PLOT_YIELD',		'PLOT_HAS_RESOURCE_CAMP_WITH_4_TILES');
insert or replace into ModifierArguments
	(ModifierId,					Name,			Value)
values
	('ARTEMIS_PASTURE_FOOD',		'YieldType',	'YIELD_FOOD'),
	('ARTEMIS_PASTURE_FOOD',		'Amount',		1),
	('ARTEMIS_CAMP_FOOD',			'YieldType',	'YIELD_FOOD'),
	('ARTEMIS_CAMP_FOOD',			'Amount',		1);

-- Petra
update Buildings set PrereqTech = 'TECH_CURRENCY' where BuildingType = 'BUILDING_PETRA';
update ModifierArguments set Value = '3,2,1' where ModifierId = 'PETRA_YIELD_MODIFIER' and Name = 'Amount';

-- St. Basil's Cathedral
update ModifierArguments set Value = 2 where ModifierId = 'STBASILS_ADDFOOD_MODIFIER' and Name = 'Amount';

-- Chichen Itza
update Buildings set PrereqCivic = 'CIVIC_FEUDALISM' where BuildingType = 'BUILDING_CHICHEN_ITZA';
delete from BuildingModifiers where BuildingType = 'BUILDING_CHICHEN_ITZA';
insert or replace into BuildingModifiers
	(BuildingType,							ModifierId)
values
	('BUILDING_CHICHEN_ITZA',				'CHICHEN_ITZA_GOLDEN_FAITH'),
	('BUILDING_CHICHEN_ITZA',				'CHICHEN_ITZA_NORMAL_PRODUCTION');
insert or replace into Modifiers
	(ModifierId, 							ModifierType,												SubjectRequirementSetId)
values
	('CHICHEN_ITZA_SACRIFICE_FAITH',		'MODIFIER_PLAYER_CITIES_ADJUST_BUILDING_YIELD_CHANGE',		null),
	('CHICHEN_ITZA_SACRIFICE_CULTURE',		'MODIFIER_PLAYER_CITIES_ADJUST_BUILDING_YIELD_CHANGE',		null),
	('CHICHEN_ITZA_GOLDEN_FAITH',			'MODIFIER_PLAYER_CITIES_ADJUST_CITY_YIELD_MODIFIER',		'PLAYER_HAS_GOLDEN_AGE'),
	('CHICHEN_ITZA_NORMAL_PRODUCTION',		'MODIFIER_PLAYER_CITIES_ADJUST_CITY_YIELD_MODIFIER',		'PLAYER_NOT_HAS_GOLDEN_AGE');
insert or replace into ModifierArguments
	(ModifierId,								Name,					Value)
values
	('CHICHEN_ITZA_SACRIFICE_FAITH',			'BuildingType',			'BUILDING_CHICHEN_ITZA'),
	('CHICHEN_ITZA_SACRIFICE_FAITH',			'YieldType',			'YIELD_FAITH'),
	('CHICHEN_ITZA_SACRIFICE_FAITH',			'Amount',				1),
	('CHICHEN_ITZA_SACRIFICE_CULTURE',			'BuildingType',			'BUILDING_CHICHEN_ITZA'),
	('CHICHEN_ITZA_SACRIFICE_CULTURE',			'YieldType',			'YIELD_CULTURE'),
	('CHICHEN_ITZA_SACRIFICE_CULTURE',			'Amount',				1),
	('CHICHEN_ITZA_GOLDEN_FAITH',				'YieldType',			'YIELD_FAITH'),
	('CHICHEN_ITZA_GOLDEN_FAITH',				'Amount',				10),
	('CHICHEN_ITZA_NORMAL_PRODUCTION',			'YieldType',			'YIELD_PRODUCTION'),
	('CHICHEN_ITZA_NORMAL_PRODUCTION',			'Amount',				10);
insert or replace into GlobalParameters (Name, Value) values ('CHICHEN_ITZA_PERCENTAGE', 10);

-- Mahabodhi Temple
delete from BuildingModifiers where ModifierId = 'MAHABODHI_DIPLOVP';

-- Great Lighthouse
insert or ignore into BuildingModifiers
	(BuildingType,					ModifierId)
values
	('BUILDING_GREAT_LIGHTHOUSE',	'GREAT_LIGHTHOUSE_GRANTS_ADMIRAL');
insert or replace into Modifiers
	(ModifierId,							ModifierType,												RunOnce,	Permanent)
values
	('GREAT_LIGHTHOUSE_GRANTS_ADMIRAL',		'MODIFIER_SINGLE_CITY_GRANT_GREAT_PERSON_CLASS_IN_CITY',	1,			1);
insert or replace into ModifierArguments
	(ModifierId,							Name,						Value)
values
	('GREAT_LIGHTHOUSE_GRANTS_ADMIRAL',		'Amount',					1),
	('GREAT_LIGHTHOUSE_GRANTS_ADMIRAL',		'GreatPersonClassType',		'GREAT_PERSON_CLASS_ADMIRAL');
update Building_GreatPersonPoints set PointsPerTurn = 2 where BuildingType = 'BUILDING_GREAT_LIGHTHOUSE';

-- Panama Canal
insert or ignore into BuildingModifiers
	(BuildingType,				ModifierId)
values
	('BUILDING_PANAMA_CANAL',	'PANAMA_CANAL_GRANTS_MERCHANT');
insert or ignore into Modifiers
	(ModifierId,						ModifierType,												RunOnce,	Permanent)
values
	('PANAMA_CANAL_GRANTS_MERCHANT',	'MODIFIER_SINGLE_CITY_GRANT_GREAT_PERSON_CLASS_IN_CITY',	1,			1);
insert or ignore into ModifierArguments
	(ModifierId,						Name,						Value)
values
	('PANAMA_CANAL_GRANTS_MERCHANT',	'Amount',					1),
	('PANAMA_CANAL_GRANTS_MERCHANT',	'GreatPersonClassType',		'GREAT_PERSON_CLASS_MERCHANT');

-- Great Zimbabwe
update Buildings set AdjacentResource = null, AdjacentImprovement = 'IMPROVEMENT_PASTURE', PrereqTech = 'TECH_APPRENTICESHIP' where BuildingType = 'BUILDING_GREAT_ZIMBABWE';
update ModifierArguments set Value = 3 where ModifierId = 'GREAT_ZIMBABWE_DOMESTICBONUSRESOURCEGOLD' and Name = 'Amount';
update ModifierArguments set Value = 3 where ModifierId = 'GREAT_ZIMBABWE_INTERNATIONALBONUSRESOURCEGOLD' and Name = 'Amount';

-- Broadway
update ModifierArguments set Value = 30 where ModifierId = 'BROADWAY_ADDCULTUREYIELD' and Name = 'Amount';
insert or ignore into BuildingModifiers
	(BuildingType,				ModifierId)
values
	('BUILDING_BROADWAY',		'BROADWAY_GRANTS_MUSICIAN'),
	('BUILDING_BROADWAY', 		'BROADWAY_REGIONAL_POP_CULTURE'),
	('BUILDING_BROADWAY', 		'BROADWAY_MUSICIAN_POINTS');
insert or replace into Modifiers
	(ModifierId,						ModifierType,												SubjectRequirementSetId,	RunOnce,	Permanent)
values
	('BROADWAY_GRANTS_MUSICIAN',		'MODIFIER_SINGLE_CITY_GRANT_GREAT_PERSON_CLASS_IN_CITY',	null,						1,			1),
	('BROADWAY_REGIONAL_POP_CULTURE',	'MODIFIER_PLAYER_CITIES_ADJUST_CITY_YIELD_PER_POPULATION',	'HD_OBJECT_WITHIN_6_TILES',	0,			0),
	('BROADWAY_MUSICIAN_POINTS',		'MODIFIER_PLAYER_ADJUST_GREAT_PERSON_POINTS_PERCENT',		null,						0,			0);
insert or replace into ModifierArguments
	(ModifierId,								Name,						Value)
values
	('BROADWAY_GRANTS_MUSICIAN',				'Amount',					1),
	('BROADWAY_GRANTS_MUSICIAN',				'GreatPersonClassType',		'GREAT_PERSON_CLASS_MUSICIAN'),
	('BROADWAY_REGIONAL_POP_CULTURE',			'YieldType',				'YIELD_CULTURE'),
	('BROADWAY_REGIONAL_POP_CULTURE',			'Amount',					1),
	('BROADWAY_MUSICIAN_POINTS',				'GreatPersonClassType',		'GREAT_PERSON_CLASS_MUSICIAN'),
	('BROADWAY_MUSICIAN_POINTS',				'Amount',					50);

-- Amundsen-Scott Research Station
update Buildings set PrereqCivic = 'CIVIC_COLD_WAR' where BuildingType = 'BUILDING_AMUNDSEN_SCOTT_RESEARCH_STATION';

-- University of Sankore
delete from BuildingModifiers where BuildingType = 'BUILDING_UNIVERSITY_SANKORE';
update Buildings set RegionalRange = 6 where BuildingType = 'BUILDING_UNIVERSITY_SANKORE';
insert or replace into BuildingModifiers
	(BuildingType,						 ModifierId)
values
	('BUILDING_UNIVERSITY_SANKORE',		'UNIVERSITY_SANKORE_CAMPUS_DESERTADJACENCY'),
	('BUILDING_UNIVERSITY_SANKORE',		'UNIVERSITY_SANKORE_CAMPUS_DESERTHILLADJACENCY'),
	('BUILDING_UNIVERSITY_SANKORE',		'UNIVERSITY_SANKORE_DESERT_SCIENCE');
insert or replace into Modifiers	
	(ModifierId,										ModifierType,									SubjectRequirementSetId)
values	
	('UNIVERSITY_SANKORE_CAMPUS_DESERTADJACENCY',		'MODIFIER_PLAYER_CITIES_TERRAIN_ADJACENCY',		null),
	('UNIVERSITY_SANKORE_CAMPUS_DESERTHILLADJACENCY',	'MODIFIER_PLAYER_CITIES_TERRAIN_ADJACENCY',		null),
	('UNIVERSITY_SANKORE_DESERT_SCIENCE',				'MODIFIER_CITY_PLOT_YIELDS_ADJUST_PLOT_YIELD',	'PETRA_YIELD_MODIFIER_REQUIREMENTS');
insert or replace into ModifierArguments 
	(ModifierId,										Name,					Value) 
values
	('UNIVERSITY_SANKORE_CAMPUS_DESERTADJACENCY',		'DistrictType',			'DISTRICT_CAMPUS'),
	('UNIVERSITY_SANKORE_CAMPUS_DESERTADJACENCY',		'TerrainType',			'TERRAIN_DESERT'),
	('UNIVERSITY_SANKORE_CAMPUS_DESERTADJACENCY',		'YieldType'	,			'YIELD_SCIENCE'),
	('UNIVERSITY_SANKORE_CAMPUS_DESERTADJACENCY',		'Amount',				1),
	('UNIVERSITY_SANKORE_CAMPUS_DESERTADJACENCY',		'Description',			'LOC_DISTRICT_DESERT_SCIENCE'),
	('UNIVERSITY_SANKORE_CAMPUS_DESERTHILLADJACENCY',	'DistrictType',			'DISTRICT_CAMPUS'),
	('UNIVERSITY_SANKORE_CAMPUS_DESERTHILLADJACENCY',	'TerrainType',			'TERRAIN_DESERT_HILLS'),
	('UNIVERSITY_SANKORE_CAMPUS_DESERTHILLADJACENCY',	'YieldType',			'YIELD_SCIENCE'),
	('UNIVERSITY_SANKORE_CAMPUS_DESERTHILLADJACENCY',	'Amount',				1),
	('UNIVERSITY_SANKORE_CAMPUS_DESERTHILLADJACENCY',	'Description',			'LOC_DISTRICT_DESERT_HILLS_SCIENCE'),
	('UNIVERSITY_SANKORE_DESERT_SCIENCE',				'YieldType',			'YIELD_SCIENCE'),			
	('UNIVERSITY_SANKORE_DESERT_SCIENCE',				'Amount',				1);

-- Great Library
insert or replace into BuildingModifiers
	(BuildingType,						 ModifierId)
values
	('BUILDING_GREAT_LIBRARY',			'GREAT_LIBRARY_BOOST_ERUKA');
insert or replace into Modifiers	
	(ModifierId,						ModifierType)
values	
	('GREAT_LIBRARY_BOOST_ERUKA',		'MODIFIER_PLAYER_ADJUST_TECHNOLOGY_BOOST');
insert or replace into ModifierArguments
	(ModifierId,						Name,			Value)
values
	('GREAT_LIBRARY_BOOST_ERUKA',		'Amount',		3);

-- Mahabodhi Temple
insert or replace into BuildingModifiers
	(BuildingType,						 ModifierId)
values
	('BUILDING_MAHABODHI_TEMPLE',		'MAHABODHI_TEMPLE_PURCHASE_UNIT_APOSTLE_DISCOUNT');
insert or replace into Modifiers
	(ModifierId,											ModifierType)
values	
	('MAHABODHI_TEMPLE_PURCHASE_UNIT_APOSTLE_DISCOUNT',		'MODIFIER_SINGLE_CITY_ADJUST_UNIT_PURCHASE_COST');
insert or replace into ModifierArguments
	(ModifierId,											Name,			Value) 
values
	('MAHABODHI_TEMPLE_PURCHASE_UNIT_APOSTLE_DISCOUNT',		'UnitType',		'UNIT_APOSTLE'),
	('MAHABODHI_TEMPLE_PURCHASE_UNIT_APOSTLE_DISCOUNT',		'Amount',		10);

-- Hagia Sophia
insert or replace into BuildingModifiers
	(BuildingType,						 ModifierId)
values
	('BUILDING_HAGIA_SOPHIA',			'HAGIA_SOPHIA_CONVERT_FAITH');
insert or replace into Modifiers	
	(ModifierId,							ModifierType)
values	
	('HAGIA_SOPHIA_CONVERT_FAITH',			'MODIFIER_PLAYER_UNITS_ADJUST_INITIATION_YIELD_POPULATION');
insert or replace into ModifierArguments 
	(ModifierId,							Name,			Value) 
values
	('HAGIA_SOPHIA_CONVERT_FAITH',			'YieldType',	'YIELD_FAITH'),
	('HAGIA_SOPHIA_CONVERT_FAITH',			'Amount',		10);

-- Biosphère
update ModifierArguments set Value = 400	where ModifierId = 'BIOSPHERE_MODIFIED_FREE_POWER'		and Name = 'Amount';
update ModifierArguments set Value = 2 		where ModifierId = 'BIOSPHERE_ADJUST_APPEAL_RAINFOREST'	and Name = 'Amount';
update ModifierArguments set Value = 2		where ModifierId = 'BIOSPHERE_ADJUST_APPEAL_MARSH'		and Name = 'Amount';

-- Kotoku-in
delete from BuildingModifiers where BuildingType = 'BUILDING_KOTOKU_IN';
insert or replace into BuildingModifiers
	(BuildingType,						 ModifierId)
values
	('BUILDING_KOTOKU_IN',		'KOTOKU_IN_GRANTS_1_EXPMONKS'),
	('BUILDING_KOTOKU_IN',		'KOTOKU_IN_GRANTS_2_EXPMONKS'),
	('BUILDING_KOTOKU_IN',		'KOTOKU_IN_GRANTS_3_EXPMONKS'),
	('BUILDING_KOTOKU_IN',		'KOTOKU_IN_GRANTS_4_EXPMONKS'),
	('BUILDING_KOTOKU_IN',		'KOTOKU_IN_GRANTS_MONKS_FREE_PROMOTION');
insert or replace into Modifiers	
	(ModifierId,								ModifierType,											SubjectRequirementSetId,					RunOnce,	Permanent)
values
	('KOTOKU_IN_GRANTS_1_EXPMONKS',				'MODIFIER_PLAYER_GRANT_UNIT_OF_ABILITY_WITH_MODIFIER',	null,										1,			1),
	('KOTOKU_IN_GRANTS_2_EXPMONKS',				'MODIFIER_PLAYER_GRANT_UNIT_OF_ABILITY_WITH_MODIFIER',	null,										1,			1),
	('KOTOKU_IN_GRANTS_3_EXPMONKS',				'MODIFIER_PLAYER_GRANT_UNIT_OF_ABILITY_WITH_MODIFIER',	null,										1,			1),
	('KOTOKU_IN_GRANTS_4_EXPMONKS',				'MODIFIER_PLAYER_GRANT_UNIT_OF_ABILITY_WITH_MODIFIER',	null,										1,			1),
	('KOTOKU_IN_GRANTS_MONKS_FREE_PROMOTION',	'MODIFIER_SINGLE_CITY_GRANT_ABILITY_FOR_TRAINED_UNITS',	null,										0,			1),
	('KOTUKU_GRANT_ENLIGHTENED',				'MODIFIER_PLAYER_UNIT_GRANT_ABILITY',					null,										1,			1),
	('KOTOKU_IN_GRANTS_CIVILIAN_MONK',			'MODIFIER_PLAYER_CITIES_GRANT_UNIT_IN_CITY',			'CITY_HAS_BUILDING_KOTOKU_IN_REQUIREMENTS',	0,			0);
insert or replace into ModifierArguments 
	(ModifierId,								Name,						Value) 
values
	('KOTOKU_IN_GRANTS_MONKS_FREE_PROMOTION',	'AbilityType',				'ABILITY_KOTOKU_IN_TRAINED_FREE_PROMOTION'),
	('KOTOKU_IN_GRANTS_1_EXPMONKS',				'UnitPromotionClassType',	'PROMOTION_CLASS_MONK'),
	('KOTOKU_IN_GRANTS_1_EXPMONKS',				'ModifierId',				'KOTUKU_GRANT_ENLIGHTENED'),			
	('KOTOKU_IN_GRANTS_2_EXPMONKS',				'UnitPromotionClassType',	'PROMOTION_CLASS_MONK'),
	('KOTOKU_IN_GRANTS_2_EXPMONKS',				'ModifierId',				'KOTUKU_GRANT_ENLIGHTENED'),
	('KOTOKU_IN_GRANTS_3_EXPMONKS',				'UnitPromotionClassType',	'PROMOTION_CLASS_MONK'),
	('KOTOKU_IN_GRANTS_3_EXPMONKS',				'ModifierId',				'KOTUKU_GRANT_ENLIGHTENED'),
	('KOTOKU_IN_GRANTS_4_EXPMONKS',				'UnitPromotionClassType',	'PROMOTION_CLASS_MONK'),
	('KOTOKU_IN_GRANTS_4_EXPMONKS',				'ModifierId',				'KOTUKU_GRANT_ENLIGHTENED'),
	('KOTOKU_IN_GRANTS_CIVILIAN_MONK',			'UnitType',					'UNIT_WARRIOR_MONK'),
	('KOTOKU_IN_GRANTS_CIVILIAN_MONK',			'Amount',					1),
	('KOTUKU_GRANT_ENLIGHTENED',				'AbilityType',				'ABILITY_KOTOKU_IN_ENLIGHTENED');

-- Hanging Gardens
update Buildings set Housing = 1 where BuildingType = 'BUILDING_HANGING_GARDENS';
delete from BuildingModifiers where BuildingType = 'BUILDING_HANGING_GARDENS';
insert or replace into BuildingModifiers
	(BuildingType,					ModifierId)
values
	('BUILDING_HANGING_GARDENS',	'HANGING_GARDEN_ADDFOOD');
insert or replace into Modifiers	
	(ModifierId,					ModifierType)
values
	('HANGING_GARDEN_ADDFOOD',		'MODIFIER_PLAYER_CITIES_ADJUST_CITY_YIELD_MODIFIER');
insert or replace into ModifierArguments 
	(ModifierId,					Name,			Value) 
values
	('HANGING_GARDEN_ADDFOOD',		'YieldType',	'YIELD_FOOD'),
	('HANGING_GARDEN_ADDFOOD',		'Amount',		10);

-- Jebel Barkal
update Buildings set RegionalRange = 9 where BuildingType = 'BUILDING_JEBEL_BARKAL';

-- Cristo Redentor
insert or replace into BuildingModifiers
	(BuildingType,	 				ModifierId)
values
	('BUILDING_CRISTO_REDENTOR',	'ORACLE_PATRONAGE_FAITH_DISCOUNT');

-- Colossus
insert or replace into ImprovementModifiers
	(ImprovementType,					ModifierId)
values
	('IMPROVEMENT_FISHING_BOATS',		'COLOSSUS_TRADE_ROUTE_FISHINGBOAT_GOLD');
insert or replace into Modifiers
	(ModifierId, 								ModifierType,														SubjectRequirementSetId)
values
	('COLOSSUS_TRADE_ROUTE_FISHINGBOAT_GOLD',	'MODIFIER_SINGLE_CITY_ADJUST_TRADE_ROUTE_YIELD_FOR_INTERNATIONAL',	'CITY_HAS_BUILDING_COLOSSUS_REQUIREMENTS');
insert or replace into ModifierArguments 
	(ModifierId,								Name,			Value) 
values
	('COLOSSUS_TRADE_ROUTE_FISHINGBOAT_GOLD', 	'YieldType',	'YIELD_GOLD'),
	('COLOSSUS_TRADE_ROUTE_FISHINGBOAT_GOLD',	'Amount',		2);

-- Machu Picchu
update Buildings set PrereqTech = 'TECH_APPRENTICESHIP', PrereqCivic = null where BuildingType = 'BUILDING_MACHU_PICCHU';
insert or replace into BuildingModifiers
	(BuildingType,				ModifierId)
values
	('BUILDING_MACHU_PICCHU',	'MACHU_PICCHU_DISTRICT_FOOD');
insert or replace into Modifiers
	(ModifierId, 					ModifierType, 										SubjectRequirementSetId)
values
	('MACHU_PICCHU_DISTRICT_FOOD',	'MODIFIER_PLAYER_DISTRICTS_ADJUST_YIELD_CHANGE',	'PLOT_ADJACENT_TO_MOUNTAIN_IS_NOT_WONDER_REQUIREMENTS');
insert or replace into ModifierArguments
	(ModifierId,					Name,			Value)
values
	('MACHU_PICCHU_DISTRICT_FOOD',	'YieldType',	'YIELD_FOOD'),
	('MACHU_PICCHU_DISTRICT_FOOD',	'Amount', 		2);

-- Statue of Liberty
update Buildings set PrereqCivic = 'CIVIC_COLONIALISM' where BuildingType = 'BUILDING_STATUE_LIBERTY';
delete from BuildingModifiers where BuildingType = 'BUILDING_STATUE_LIBERTY' and ModifierId = 'STATUELIBERTY_CITIES_ALWAYS_LOYAL';
insert or replace into BuildingModifiers
	(BuildingType, 						ModifierId)
values
	('BUILDING_STATUE_LIBERTY',			'STATUE_OF_LIBERTY_COASTAL_CULTURE'),
	('BUILDING_STATUE_LIBERTY',			'STATUE_OF_LIBERTY_COASTAL_AMENITY');
insert or replace into Modifiers
	(ModifierId,								ModifierType,											SubjectRequirementSetId)
values
	('STATUE_OF_LIBERTY_COASTAL_CULTURE',		'MODIFIER_PLAYER_CITIES_ADJUST_CITY_YIELD_CHANGE',		'STATUE_OF_LIBERTY_WITHIN_9_REQUIREMENTS'),
	('STATUE_OF_LIBERTY_COASTAL_AMENITY',		'MODIFIER_PLAYER_CITIES_ADJUST_POLICY_AMENITY',			'STATUE_OF_LIBERTY_WITHIN_9_REQUIREMENTS');
insert or replace into ModifierArguments
	(ModifierId,								Name,			Value)
values
	('STATUE_OF_LIBERTY_COASTAL_CULTURE',		'YieldType',	'YIELD_CULTURE'),
	('STATUE_OF_LIBERTY_COASTAL_CULTURE',		'Amount',		4),
	('STATUE_OF_LIBERTY_COASTAL_AMENITY',		'Amount',		4);

-- Hagia Sophia
update Modifiers set SubjectRequirementSetId = 'UNIT_IS_MISSIONARY_OR_APOSTLE' where ModifierId = 'HAGIA_SOPHIA_ADJUST_RELIGIOUS_CHARGES';

-- Hermitage
update Buildings set RegionalRange = 9, Entertainment = 1 where BuildingType = 'BUILDING_HERMITAGE';
insert or replace into BuildingModifiers
	(BuildingType,				ModifierId)
values
	('BUILDING_HERMITAGE',		'HERMITAGE_THEATER_BUILDING_BOOST'),
	('BUILDING_HERMITAGE',		'HERMITAGE_ARTIFACT_TOURISM_BOOST');
insert or replace into Modifiers
	(ModifierId,								ModifierType,											SubjectRequirementSetId)
values
	('HERMITAGE_THEATER_BUILDING_BOOST',		'MODIFIER_PLAYER_CITIES_ADJUST_BUILDING_PRODUCTION',	null),
	('HERMITAGE_ARTIFACT_TOURISM_BOOST',		'MODIFIER_PLAYER_CITIES_ADJUST_TOURISM',				'HD_OBJECT_WITHIN_9_TILES');

insert or replace into ModifierArguments
	(ModifierId,								Name, 						Value)
values
	('HERMITAGE_THEATER_BUILDING_BOOST',		'DistrictType',				'DISTRICT_THEATER'),
	('HERMITAGE_THEATER_BUILDING_BOOST',		'Amount',					50),
	('HERMITAGE_ARTIFACT_TOURISM_BOOST',  		'GreatWorkObjectType',      'GREATWORKOBJECT_ARTIFACT'),
    ('HERMITAGE_ARTIFACT_TOURISM_BOOST',  		'ScalingFactor',            300);

-- Sydney Opera House
insert or replace into BuildingModifiers
	(BuildingType, 						ModifierId)
values
	('BUILDING_SYDNEY_OPERA_HOUSE', 	'OPERAHOUSE_ADD_WONDER_TOURISM'),
	('BUILDING_SYDNEY_OPERA_HOUSE',		'OPERAHOUSE_ADD_MUSIC_TOURISM'),
	('BUILDING_SYDNEY_OPERA_HOUSE', 	'OPERAHOUSE_ADD_WRITING_TOURISM'),
	('BUILDING_SYDNEY_OPERA_HOUSE', 	'OPERAHOUSE_ADD_ARTIFACTS_TOURISM'),
	('BUILDING_SYDNEY_OPERA_HOUSE', 	'OPERAHOUSE_ADD_RELIC_TOURISM'),
	('BUILDING_SYDNEY_OPERA_HOUSE', 	'OPERAHOUSE_ADD_LANDSCAPE_TOURISM'),
	('BUILDING_SYDNEY_OPERA_HOUSE', 	'OPERAHOUSE_ADD_RELIGIOUS_TOURISM'),
	('BUILDING_SYDNEY_OPERA_HOUSE', 	'OPERAHOUSE_ADD_PORTRAIT_TOURISM'),
	('BUILDING_SYDNEY_OPERA_HOUSE', 	'OPERAHOUSE_ADD_SCULPTURE_TOURISM');
	
insert or replace into Modifiers
	(ModifierId,							ModifierType,								SubjectRequirementSetId)
values
	('OPERAHOUSE_ADD_WONDER_TOURISM',  		'MODIFIER_PLAYER_CITIES_ADJUST_TOURISM',	'CITY_HAS_GOVERNOR_FOUNDED'),
	('OPERAHOUSE_ADD_MUSIC_TOURISM',		'MODIFIER_PLAYER_CITIES_ADJUST_TOURISM',	'CITY_HAS_GOVERNOR_FOUNDED'),
	('OPERAHOUSE_ADD_WRITING_TOURISM',		'MODIFIER_PLAYER_CITIES_ADJUST_TOURISM',	'CITY_HAS_GOVERNOR_FOUNDED'),
	('OPERAHOUSE_ADD_ARTIFACTS_TOURISM',	'MODIFIER_PLAYER_CITIES_ADJUST_TOURISM',	'CITY_HAS_GOVERNOR_FOUNDED'),
	('OPERAHOUSE_ADD_RELIC_TOURISM',		'MODIFIER_PLAYER_CITIES_ADJUST_TOURISM',	'CITY_HAS_GOVERNOR_FOUNDED'),
	('OPERAHOUSE_ADD_LANDSCAPE_TOURISM',	'MODIFIER_PLAYER_CITIES_ADJUST_TOURISM',	'CITY_HAS_GOVERNOR_FOUNDED'),
	('OPERAHOUSE_ADD_RELIGIOUS_TOURISM',	'MODIFIER_PLAYER_CITIES_ADJUST_TOURISM',	'CITY_HAS_GOVERNOR_FOUNDED'),
	('OPERAHOUSE_ADD_PORTRAIT_TOURISM',		'MODIFIER_PLAYER_CITIES_ADJUST_TOURISM',	'CITY_HAS_GOVERNOR_FOUNDED'),
	('OPERAHOUSE_ADD_SCULPTURE_TOURISM',	'MODIFIER_PLAYER_CITIES_ADJUST_TOURISM',	'CITY_HAS_GOVERNOR_FOUNDED');

insert or replace into ModifierArguments 
	(ModifierId,							Name,					Value) 
values 
	('OPERAHOUSE_ADD_WONDER_TOURISM',		'BoostsWonders',		1),
	('OPERAHOUSE_ADD_WONDER_TOURISM',		'ScalingFactor',		200),
	('OPERAHOUSE_ADD_RELIC_TOURISM',		'GreatWorkObjectType',	'GREATWORKOBJECT_RELIC'),
	('OPERAHOUSE_ADD_RELIC_TOURISM',		'ScalingFactor',		200),
	('OPERAHOUSE_ADD_WRITING_TOURISM',		'GreatWorkObjectType',	'GREATWORKOBJECT_WRITING'),	
	('OPERAHOUSE_ADD_WRITING_TOURISM',		'ScalingFactor',		200),
	('OPERAHOUSE_ADD_SCULPTURE_TOURISM',	'GreatWorkObjectType',	'GREATWORKOBJECT_SCULPTURE'),
	('OPERAHOUSE_ADD_SCULPTURE_TOURISM',	'ScalingFactor',		200),
	('OPERAHOUSE_ADD_PORTRAIT_TOURISM',		'GreatWorkObjectType',	'GREATWORKOBJECT_PORTRAIT'),
	('OPERAHOUSE_ADD_PORTRAIT_TOURISM',		'ScalingFactor',		200),
	('OPERAHOUSE_ADD_ARTIFACTS_TOURISM',	'GreatWorkObjectType',	'GREATWORKOBJECT_ARTIFACT'),
	('OPERAHOUSE_ADD_ARTIFACTS_TOURISM',	'ScalingFactor',		200),
	('OPERAHOUSE_ADD_RELIGIOUS_TOURISM',	'GreatWorkObjectType',	'GREATWORKOBJECT_RELIGIOUS'),
	('OPERAHOUSE_ADD_RELIGIOUS_TOURISM',	'ScalingFactor',		200),	
	('OPERAHOUSE_ADD_LANDSCAPE_TOURISM',	'GreatWorkObjectType',	'GREATWORKOBJECT_LANDSCAPE'),
	('OPERAHOUSE_ADD_LANDSCAPE_TOURISM',	'ScalingFactor',		200),
	('OPERAHOUSE_ADD_MUSIC_TOURISM',		'GreatWorkObjectType',	'GREATWORKOBJECT_MUSIC'),
	('OPERAHOUSE_ADD_MUSIC_TOURISM',		'ScalingFactor',		300);

-- Ruhr Valley
update ModifierArguments set Value = 2 where ModifierId = 'RUHR_VALLEY_PRODUCTION_MODIFIER' and Name = 'Amount';
insert or replace into BuildingModifiers
	(BuildingType, 					ModifierId)
values
	('BUILDING_RUHR_VALLEY',		'RUHR_VALLEY_TRADE_ROUTE_PRODUCTION_FROM_OTHERS'),
	('BUILDING_RUHR_VALLEY',		'RUHR_VALLEY_TRADE_ROUTE_PRODUCTION_DOM_OTHERS'),
	('BUILDING_RUHR_VALLEY',		'RUHR_VALLEY_TRADE_ROUTE_PRODUCTION_TO_OTHERS');
insert or replace into Modifiers
	(ModifierId,										ModifierType)
values
	('RUHR_VALLEY_TRADE_ROUTE_PRODUCTION_FROM_OTHERS',	'MODIFIER_SINGLE_CITY_ADJUST_TRADE_ROUTE_YIELD_FROM_OTHERS'),
	('RUHR_VALLEY_TRADE_ROUTE_PRODUCTION_DOM_OTHERS',	'MODIFIER_SINGLE_CITY_ADJUST_TRADE_ROUTE_YIELD_TO_OTHERS'),
	('RUHR_VALLEY_TRADE_ROUTE_PRODUCTION_TO_OTHERS',  	'MODIFIER_SINGLE_CITY_ADJUST_TRADE_ROUTE_YIELD_TO_OTHERS');

insert or replace into ModifierArguments 
	(ModifierId,										Name,			Value) 
values 
	('RUHR_VALLEY_TRADE_ROUTE_PRODUCTION_FROM_OTHERS',	'YieldType',	'YIELD_PRODUCTION'),
	('RUHR_VALLEY_TRADE_ROUTE_PRODUCTION_FROM_OTHERS',	'Amount',		3),
	('RUHR_VALLEY_TRADE_ROUTE_PRODUCTION_DOM_OTHERS',	'YieldType',	'YIELD_PRODUCTION'),
	('RUHR_VALLEY_TRADE_ROUTE_PRODUCTION_DOM_OTHERS',	'Amount',		5),
	('RUHR_VALLEY_TRADE_ROUTE_PRODUCTION_DOM_OTHERS',	'Domestic',		1),
	('RUHR_VALLEY_TRADE_ROUTE_PRODUCTION_TO_OTHERS',	'YieldType',	'YIELD_PRODUCTION'),
	('RUHR_VALLEY_TRADE_ROUTE_PRODUCTION_TO_OTHERS',	'Amount',		3);

-- Venetian Arsenal 
insert or replace into BuildingModifiers
	(BuildingType, 					ModifierId)
values
	('BUILDING_VENETIAN_ARSENAL',	'VENETIAN_ARSENAL_GRANT_SIX_NITER_PER_TURN'),
	('BUILDING_VENETIAN_ARSENAL', 	'VENETIAN_ARSENAL_COAST_PRODUCTION'),
	('BUILDING_VENETIAN_ARSENAL', 	'VENETIAN_ARSENAL_COAST_GOLD');
	
insert or replace into Modifiers
	(ModifierId,									ModifierType,												SubjectRequirementSetId)
values
	('VENETIAN_ARSENAL_GRANT_SIX_NITER_PER_TURN',	'MODIFIER_SINGLE_CITY_ADJUST_FREE_RESOURCE_EXTRACTION',		null),
	('VENETIAN_ARSENAL_COAST_PRODUCTION',			'MODIFIER_CITY_PLOT_YIELDS_ADJUST_PLOT_YIELD',				'PLOT_IS_COAST_NOT_LAKE_REQUIREMENTS'),
	('VENETIAN_ARSENAL_COAST_GOLD',					'MODIFIER_CITY_PLOT_YIELDS_ADJUST_PLOT_YIELD',				'PLOT_IS_COAST_NOT_LAKE_REQUIREMENTS');

insert or replace into ModifierArguments 
	(ModifierId,									Name,				Value) 
values 
	('VENETIAN_ARSENAL_GRANT_SIX_NITER_PER_TURN',	'ResourceType',		'RESOURCE_NITER'),
	('VENETIAN_ARSENAL_GRANT_SIX_NITER_PER_TURN',	'Amount',			6),
	('VENETIAN_ARSENAL_COAST_PRODUCTION',			'YieldType',		'YIELD_PRODUCTION'),
	('VENETIAN_ARSENAL_COAST_PRODUCTION',			'Amount', 			1),
	('VENETIAN_ARSENAL_COAST_GOLD',					'YieldType',		'YIELD_GOLD'),
	('VENETIAN_ARSENAL_COAST_GOLD',					'Amount', 			1);

-- Terracotta Army
update Buildings set PrereqCivic = 'CIVIC_DEFENSIVE_TACTICS', PrereqTech = Null where BuildingType = 'BUILDING_TERRACOTTA_ARMY';
update ModifierArguments set Value = 30 where ModifierId = 'TERRACOTTA_ARMY_LEVEL_UP_UNITS' and Name = 'Amount';
insert or replace into BuildingModifiers
	(BuildingType, 					ModifierId)
values
	('BUILDING_TERRACOTTA_ARMY',	'TERRACOTTA_ARMY_ARCHAEOLOGIST_IGNORE_HILLS'),
	('BUILDING_TERRACOTTA_ARMY',	'TERRACOTTA_ARMY_ARCHAEOLOGIST_IGNORE_FOREST');
insert or replace into Modifiers
	(ModifierId,										ModifierType)
values
	('TERRACOTTA_ARMY_ARCHAEOLOGIST_IGNORE_HILLS',		'MODIFIER_PLAYER_UNITS_GRANT_ABILITY'),
	('TERRACOTTA_ARMY_ARCHAEOLOGIST_IGNORE_FOREST',		'MODIFIER_PLAYER_UNITS_GRANT_ABILITY');
insert or replace into ModifierArguments 
	(ModifierId,										Name,				Value) 
values 
	('TERRACOTTA_ARMY_ARCHAEOLOGIST_IGNORE_HILLS',		'AbilityType',		'ABILITY_ARCHAEOLOGIST_IGNORE_HILLS'),
	('TERRACOTTA_ARMY_ARCHAEOLOGIST_IGNORE_FOREST',		'AbilityType',		'ABILITY_ARCHAEOLOGIST_IGNORE_FOREST');

-- Meenakshi Temple
update Buildings set PrereqCivic = 'CIVIC_DIVINE_RIGHT' where BuildingType = 'BUILDING_MEENAKSHI_TEMPLE';
delete from BuildingModifiers where BuildingType = 'BUILDING_MEENAKSHI_TEMPLE';
update UnitAbilities set Inactive = 0 where UnitAbilityType = 'ABILITY_SAGE_COMBAT_AOE_RELIGIOUS' or UnitAbilityType = 'ABILITY_GUIDE_MOVEMENT_AOE_RELIGIOUS';
insert or replace into BuildingModifiers
	(BuildingType,							ModifierId)
values
	('BUILDING_MEENAKSHI_TEMPLE',			'MEENAKSHI_BUILDER_PURCHASE'),
	('BUILDING_MEENAKSHI_TEMPLE',			'MEENAKSHI_SETTLER_PURCHASE');
insert or replace into Modifiers
	(ModifierId, 							ModifierType,											SubjectRequirementSetId)
values
	('MEENAKSHI_BUILDER_PURCHASE',			'MODIFIER_PLAYER_CITIES_ENABLE_UNIT_FAITH_PURCHASE',	null),
	('MEENAKSHI_SETTLER_PURCHASE',			'MODIFIER_PLAYER_CITIES_ENABLE_UNIT_FAITH_PURCHASE',	null);

insert or replace into ModifierArguments
	(ModifierId,							Name,			Value)
values
	('MEENAKSHI_BUILDER_PURCHASE',			'Tag',			'CLASS_BUILDER'),		
	('MEENAKSHI_SETTLER_PURCHASE',			'Tag',			'CLASS_SETTLER');
create temporary table HD_Meenakshi_DistrictBonus (
	DistrictType text not null primary key
);
insert or replace into HD_Meenakshi_DistrictBonus (DistrictType)
select DistrictType from Districts where CitizenSlots > 0 and TraitType is null;
insert or replace into Types
	(Type,											Kind)
select
	'BUILDING_MEENAKSHI_DUMMY_' || DistrictType,	'KIND_BUILDING'
from HD_Meenakshi_DistrictBonus;
insert or replace into Buildings
	(BuildingType, Name, Description, PrereqDistrict, Cost, MustPurchase, CitizenSlots)
select
	'BUILDING_MEENAKSHI_DUMMY_' || DistrictType,
	'BUILDING_MEENAKSHI_DUMMY_' || DistrictType || '_NAME',
	'BUILDING_MEENAKSHI_DUMMY_' || DistrictType || '_DESCRIPTION',
	DistrictType,
	0, 1, 1
from HD_Meenakshi_DistrictBonus;
insert or replace into Buildings_XP2
	(BuildingType,									Pillage)
select
	'BUILDING_MEENAKSHI_DUMMY_' || DistrictType,	0
from HD_Meenakshi_DistrictBonus;
insert or ignore into Types
	(Type,										Kind)
values
	('BUILDING_MEENAKSHI_DUMMY_INTERNAL_ONLY',	'KIND_BUILDING');
insert into Buildings
	(BuildingType,								Cost,	Name,												InternalOnly)
values
	('BUILDING_MEENAKSHI_DUMMY_INTERNAL_ONLY',	0,		'LOC_BUILDING_MEENAKSHI_DUMMY_INTERNAL_ONLY_NAME',	1);
insert or replace into BuildingPrereqs
	(Building,										PrereqBuilding)
select
	'BUILDING_MEENAKSHI_DUMMY_' || DistrictType,	'BUILDING_MEENAKSHI_DUMMY_INTERNAL_ONLY'
from HD_Meenakshi_DistrictBonus;
insert or replace into Building_CitizenYieldChanges
	(BuildingType,									YieldType,		YieldChange)
select
	'BUILDING_MEENAKSHI_DUMMY_' || DistrictType,	'YIELD_FAITH',	1
from HD_Meenakshi_DistrictBonus;
insert or replace into Building_CitizenYieldChanges
	(BuildingType,									YieldType,			YieldChange)
select
	'BUILDING_MEENAKSHI_DUMMY_' || DistrictType,	'YIELD_CULTURE',	1
from HD_Meenakshi_DistrictBonus;
insert or replace into BuildingModifiers
	(BuildingType,					ModifierId)
select
	'BUILDING_MEENAKSHI_TEMPLE',	'MEENAKSHI_' || DistrictType || '_EXPERT_ATTACH'
from HD_Meenakshi_DistrictBonus;
insert or replace into Modifiers
	(ModifierId,										ModifierType,									SubjectRequirementSetId)
select
	'MEENAKSHI_' || DistrictType || '_EXPERT_ATTACH',	'MODIFIER_PLAYER_DISTRICTS_ATTACH_MODIFIER',	'DISTRICT_IS_DISTRICT_HOLY_SITE_REQUIREMENTS'
from HD_Meenakshi_DistrictBonus;
insert or replace into ModifierArguments
	(ModifierId,										Name,			Value)
select
	'MEENAKSHI_' || DistrictType || '_EXPERT_ATTACH',	'ModifierId',	'MEENAKSHI_' || DistrictType || '_EXPERT'
from HD_Meenakshi_DistrictBonus;
insert or replace into Modifiers
	(ModifierId,										ModifierType,									SubjectRequirementSetId)
select
	'MEENAKSHI_' || DistrictType || '_EXPERT',			'MODIFIER_PLAYER_DISTRICTS_ATTACH_MODIFIER',	'REQUIRE_PLOT_ADJACENT_TO_OWNER'
from HD_Meenakshi_DistrictBonus;
insert or replace into ModifierArguments
	(ModifierId,										Name,			Value)
select
	'MEENAKSHI_' || DistrictType || '_EXPERT',			'ModifierId',	'MEENAKSHI_' || DistrictType || '_EXPERT_YIELD'
from HD_Meenakshi_DistrictBonus;
insert or replace into Modifiers
	(ModifierId,										ModifierType,											OwnerRequirementSetId)
select
	'MEENAKSHI_' || DistrictType || '_EXPERT_YIELD',	'MODIFIER_SINGLE_CITY_GRANT_BUILDING_IN_CITY_IGNORE',	'DISTRICT_IS_' || DistrictType || '_REQUIREMENTS'
from HD_Meenakshi_DistrictBonus;
insert or replace into ModifierArguments
	(ModifierId,										Name,			Value)
select
	'MEENAKSHI_' || DistrictType || '_EXPERT_YIELD',	'BuildingType',	'BUILDING_MEENAKSHI_DUMMY_' || DistrictType
from HD_Meenakshi_DistrictBonus;
insert or replace into BuildingModifiers
	(BuildingType,					ModifierId)
values
	('BUILDING_MEENAKSHI_TEMPLE',	'MEENAKSHI_HOUSING_ATTACH');
insert or replace into Modifiers
	(ModifierId,					ModifierType,									OwnerRequirementSetId,				SubjectRequirementSetId, 						OwnerStackLimit)
values
	('MEENAKSHI_HOUSING_ATTACH',	'MODIFIER_PLAYER_DISTRICTS_ATTACH_MODIFIER',	null,								'DISTRICT_IS_DISTRICT_HOLY_SITE_REQUIREMENTS',	null),
	('MEENAKSHI_HOUSING',			'MODIFIER_PLAYER_DISTRICTS_ATTACH_MODIFIER',	null,								'REQUIRE_PLOT_ADJACENT_TO_OWNER',				null),
	('MEENAKSHI_HOUSING_MODIFIER',	'MODIFIER_ADJUST_HOUSING_IN_DISTRICT',			'DISTRICT_HAS_NO_CITIZEN_SLOT',		null,											1);
insert or replace into ModifierArguments
	(ModifierId,					Name,			Value)
values
	('MEENAKSHI_HOUSING_ATTACH',	'ModifierId',	'MEENAKSHI_HOUSING'),
	('MEENAKSHI_HOUSING',			'ModifierId',	'MEENAKSHI_HOUSING_MODIFIER'),
	('MEENAKSHI_HOUSING',			'Amount',		1);
insert or replace into RequirementSets
	(RequirementSetId,					RequirementSetType)
values
	('DISTRICT_HAS_NO_CITIZEN_SLOT',	'REQUIREMENTSET_TEST_ANY');
insert or replace into RequirementSetRequirements
	(RequirementSetId,					RequirementId)
select
	'DISTRICT_HAS_NO_CITIZEN_SLOT',		'REQUIRES_DISTRICT_IS_' || DistrictType
from Districts where (CitizenSlots is null or CitizenSlots = 0) and TraitType is null and DistrictType != 'DISTRICT_CITY_CENTER' and DistrictType != 'DISTRICT_WONDER';

-- Taj Mahal
update Buildings set PrereqCivic = null, PrereqTech = 'TECH_PHYSICS_HD' where BuildingType = 'BUILDING_TAJ_MAHAL';
insert or replace into Building_GreatPersonPoints
	(BuildingType,			GreatPersonClassType,			PointsPerTurn)
values
	('BUILDING_TAJ_MAHAL',	'GREAT_PERSON_CLASS_ENGINEER',	4);
insert or replace into BuildingModifiers
    (BuildingType,          	ModifierId)
values
    ('BUILDING_TAJ_MAHAL',  	'TAJ_MAHAL_WONDER_CULTURE'),
    ('BUILDING_TAJ_MAHAL',  	'TAJ_MAHAL_WONDER_GOLD'),
    ('BUILDING_TAJ_MAHAL',  	'TAJ_MAHAL_WONDER_GREAT_ENGINEER_POINT'),
    ('BUILDING_TAJ_MAHAL',  	'TAJ_MAHAL_WONDER_TOURISM');
insert or replace into Modifiers
    (ModifierId,                						ModifierType,											SubjectRequirementSetId)
values
    ('TAJ_MAHAL_WONDER_CULTURE',   						'MODIFIER_SINGLE_CITY_ADJUST_WONDER_YIELD_CHANGE',		null),
    ('TAJ_MAHAL_WONDER_GOLD',   						'MODIFIER_SINGLE_CITY_ADJUST_WONDER_YIELD_CHANGE',		null),
    ('TAJ_MAHAL_WONDER_GREAT_ENGINEER_POINT',			'MODIFIER_CITY_DISTRICTS_ATTACH_MODIFIER',				'PLOT_HAS_COMPLETE_WONDER'),
    ('TAJ_MAHAL_WONDER_TOURISM',   						'MODIFIER_PLAYER_CITIES_ADJUST_TOURISM',				null),
    ('TAJ_MAHAL_WONDER_GREAT_ENGINEER_POINT_MODIFIER',	'MODIFIER_PLAYER_ADJUST_GREAT_PERSON_POINTS_PERCENT',	null);
insert or replace into ModifierArguments
    (ModifierId,                						Name,          			Value)
values
	('TAJ_MAHAL_WONDER_CULTURE',   						'YieldType',			'YIELD_CULTURE'),
	('TAJ_MAHAL_WONDER_CULTURE',   						'Amount',				4),
    ('TAJ_MAHAL_WONDER_GOLD',   						'YieldType',			'YIELD_GOLD'),
    ('TAJ_MAHAL_WONDER_GOLD',   						'Amount',				4),
    ('TAJ_MAHAL_WONDER_GREAT_ENGINEER_POINT',			'ModifierId',			'TAJ_MAHAL_WONDER_GREAT_ENGINEER_POINT_MODIFIER'),
    ('TAJ_MAHAL_WONDER_TOURISM',   						'BoostsWonders',		1),
    ('TAJ_MAHAL_WONDER_TOURISM',   						'ScalingFactor',		200),
    ('TAJ_MAHAL_WONDER_GREAT_ENGINEER_POINT_MODIFIER',	'GreatPersonClassType',	'GREAT_PERSON_CLASS_ENGINEER'),
    ('TAJ_MAHAL_WONDER_GREAT_ENGINEER_POINT_MODIFIER',	'Amount',				5);

-- Golden Gate Bridge
update Buildings set PrereqCivic = null, PrereqTech = 'TECH_STEEL' where BuildingType = 'BUILDING_GOLDEN_GATE_BRIDGE';

-- Kilwa Kisiwani
update Buildings set PrereqTech = 'TECH_COMPASS_HD' where BuildingType = 'BUILDING_KILWA_KISIWANI';
update Modifiers set ModifierType = 'MODIFIER_SINGLE_CITY_ADJUST_CITY_YIELD_MODIFIER'			where ModifierId like 'KILWA_PLAYERCITIES_ADD%YIELD' or ModifierId like 'CVS_CITYSTATE_KILWA_PLAYERCITIES_ADD%';
update Modifiers set ModifierType = 'MODIFIER_SINGLE_CITY_ADJUST_BUILDING_PRODUCTION_MODIFIER'	where ModifierId = 'KILWA_PLAYERCITIES_ADDPRODUCTIONBUILDINGS';
update Modifiers set ModifierType = 'MODIFIER_SINGLE_CITY_ADJUST_DISTRICT_PRODUCTION_MODIFIER'	where ModifierId = 'KILWA_PLAYERCITIES_ADDPRODUCTIONDISTRICTS';
update Modifiers set ModifierType = 'MODIFIER_SINGLE_CITY_ADJUST_UNIT_PRODUCTION_MODIFIER'		where ModifierId = 'KILWA_PLAYERCITIES_ADDPRODUCTIONUNITS';
update ModifierArguments set Value = 15 where Name = 'Amount' and (ModifierId = 'CVS_CITYSTATE_KILWA_SINGLE_ADDHARBORFOOD' or ModifierId = 'CVS_CITYSTATE_KILWA_PLAYERCITIES_ADDHARBORFOOD');
delete from BuildingModifiers where BuildingType = 'BUILDING_KILWA_KISIWANI' and (ModifierId = 'CVS_CITYSTATE_KILWA_SINGLE_ADDHARBORPRODUCTION' or ModifierId = 'CVS_CITYSTATE_KILWA_PLAYERCITIES_ADDHARBORPRODUCTION');

-- Panama Canal
update Buildings set PrereqTech = null, PrereqCivic = 'CIVIC_COLONIALISM' where BuildingType = 'BUILDING_PANAMA_CANAL';

-- Forbidden City
insert or replace into Building_GreatWorks
	(BuildingType,					GreatWorkSlotType,				NumSlots,	ThemingSameObjectType,		ThemingYieldMultiplier,		ThemingTourismMultiplier,	ThemingBonusDescription)
values
	('BUILDING_FORBIDDEN_CITY',		'GREATWORKSLOT_PALACE',			2,			1,							100,						100,						'LOC_BUILDING_THEMINGBONUS_FORBIDDEN_CITY');

-- Országház
update Buildings set PrereqTech = null, PrereqCivic = 'CIVIC_SOCIAL_SCIENCE_HD' where BuildingType = 'BUILDING_ORSZAGHAZ';
insert or replace into BuildingModifiers
	(BuildingType,				ModifierId)
values
	('BUILDING_ORSZAGHAZ',		'MAHABODHI_DIPLOVP'),
    ('BUILDING_ORSZAGHAZ',  	'ORSZAGHAZ_INFLUENCE_TOKENS');
insert or replace into Modifiers
    (ModifierId,                    	ModifierType,                               RunOnce)
values
    ('ORSZAGHAZ_INFLUENCE_TOKENS',  	'MODIFIER_PLAYER_GRANT_INFLUENCE_TOKEN',    1);
insert or replace into ModifierArguments
    (ModifierId,                    	Name,        Value)
values
    ('ORSZAGHAZ_INFLUENCE_TOKENS',  	'Amount',    2);
create temporary table OrszaghazModifiers (
	PolicyType text not null,
	OldModifierId text not null,
	NewModifierId text not null,
	primary key (PolicyType, OldModifierId)
);
insert into OrszaghazModifiers
    (PolicyType,	OldModifierId,		NewModifierId)
select
    PolicyType,		ModifierId,			'ORSZAGHAZ_GRANT_' || ModifierId
from PolicyModifiers where PolicyType in (select PolicyType from Policies where GovernmentSlotType = 'SLOT_GREAT_PERSON' or GovernmentSlotType = 'SLOT_WILDCARD');
insert or replace into Modifiers
    (ModifierId,	ModifierType,									SubjectRequirementSetId)
select
    NewModifierId,	'MODIFIER_PLAYER_CITIES_ATTACH_MODIFIER',		'CITY_HAS_BUILDING_ORSZAGHAZ_REQUIREMENTS'
from OrszaghazModifiers;
insert or replace into ModifierArguments
    (ModifierId,	Name,			Value)
select
    NewModifierId,	'ModifierId',	OldModifierId
from OrszaghazModifiers;
insert or replace into PolicyModifiers
    (PolicyType,	ModifierId)
select
    PolicyType,		NewModifierId
from OrszaghazModifiers;

-- Estádio do Maracanã
update Buildings set RegionalRange = 9 where BuildingType = 'BUILDING_ESTADIO_DO_MARACANA';
insert into Building_YieldChangesBonusWithPower
	(BuildingType,						YieldType,			YieldChange)
values
	('BUILDING_ESTADIO_DO_MARACANA',	'YIELD_CULTURE',	6);
insert into Buildings_XP2
	(BuildingType,						RequiredPower,	EntertainmentBonusWithPower)
values
	('BUILDING_ESTADIO_DO_MARACANA',	6,				2);
insert or replace into BuildingModifiers
	(BuildingType,						ModifierId)
values
	('BUILDING_ESTADIO_DO_MARACANA',	'MARACANA_CITIES_GPP_BOOST');
insert or replace into Modifiers
	(ModifierId,					ModifierType,												OwnerRequirementSetId,	SubjectRequirementSetId)
values
	('MARACANA_CITIES_GPP_BOOST',	'MODIFIER_PLAYER_CITIES_ADJUST_GREAT_PERSON_POINT_BONUS',	'CITY_IS_POWERED',		'HD_OBJECT_WITHIN_9_TILES');
insert or replace into ModifierArguments
	(ModifierId,					Name,		Value)
values
	('MARACANA_CITIES_GPP_BOOST',	'Amount',	50);
create temporary table HD_Maracana_DistrictBonus (
    'DistrictType' text not null primary key,
    'YieldType' text not null
);
insert or replace into HD_Maracana_DistrictBonus
	(DistrictType,					YieldType)
values
	('DISTRICT_HOLY_SITE',			'YIELD_FAITH'),
	('DISTRICT_CAMPUS',				'YIELD_SCIENCE'),
	('DISTRICT_HARBOR',				'YIELD_FOOD'),
	('DISTRICT_ENCAMPMENT',			'YIELD_PRODUCTION'),
	('DISTRICT_COMMERCIAL_HUB',		'YIELD_GOLD'),
	('DISTRICT_THEATER',			'YIELD_CULTURE'),
	('DISTRICT_INDUSTRIAL_ZONE',	'YIELD_PRODUCTION');
insert or replace into Types
    (Type,                                      Kind)
select
    'BUILDING_MARACANA_DUMMY_' || DistrictType, 'KIND_BUILDING'
from HD_Maracana_DistrictBonus;
insert or replace into Buildings 
    (BuildingType, Name, Description, PrereqDistrict, Cost, MustPurchase) 
select
	'BUILDING_MARACANA_DUMMY_' || DistrictType,
	'BUILDING_MARACANA_DUMMY_' || DistrictType || '_NAME',
	'BUILDING_MARACANA_DUMMY_' || DistrictType || '_DESCRIPTION',
	DistrictType,
	0, 1
from HD_Maracana_DistrictBonus;
insert or replace into Buildings_XP2
	(BuildingType,									Pillage)
select
	'BUILDING_MARACANA_DUMMY_' || DistrictType,		0
from HD_Maracana_DistrictBonus;
insert or ignore into Types
	(Type,										Kind)
values
	('BUILDING_MARACANA_DUMMY_INTERNAL_ONLY',	'KIND_BUILDING');
insert into Buildings
	(BuildingType,								Cost,	Name,												InternalOnly)
values
	('BUILDING_MARACANA_DUMMY_INTERNAL_ONLY',	0,		'LOC_BUILDING_MARACANA_DUMMY_INTERNAL_ONLY_NAME',	1);
insert or replace into BuildingPrereqs
	(Building,										PrereqBuilding)
select
	'BUILDING_MARACANA_DUMMY_' || DistrictType,		'BUILDING_MARACANA_DUMMY_INTERNAL_ONLY'
from HD_Maracana_DistrictBonus;
insert or replace into Building_CitizenYieldChanges
	(BuildingType,									YieldType,	YieldChange)
select
	'BUILDING_MARACANA_DUMMY_' || DistrictType,		YieldType,	4
from HD_Maracana_DistrictBonus;
insert or replace into BuildingModifiers
	(BuildingType,						ModifierId)
select
	'BUILDING_ESTADIO_DO_MARACANA',		'MARACANA_' || DistrictType || '_EXPERT_ATTACH'
from HD_Maracana_DistrictBonus;
insert or replace into Modifiers
	(ModifierId,										ModifierType,										SubjectRequirementSetId)
select
	'MARACANA_' || DistrictType || '_EXPERT_ATTACH', 	'MODIFIER_PLAYER_DISTRICTS_ATTACH_MODIFIER',		'HD_OBJECT_WITHIN_9_TILES'
from HD_Maracana_DistrictBonus;
insert or replace into ModifierArguments
	(ModifierId,										Name,				Value)
select
	'MARACANA_' || DistrictType || '_EXPERT_ATTACH', 	'ModifierId',		'MARACANA_' || DistrictType || '_EXPERT_YIELD'
from HD_Maracana_DistrictBonus;
insert or replace into Modifiers
	(ModifierId,										ModifierType,												OwnerRequirementSetId)
select
	'MARACANA_' || DistrictType || '_EXPERT_YIELD', 	'MODIFIER_SINGLE_CITY_GRANT_BUILDING_IN_CITY_IGNORE',		'DISTRICT_IS_' || DistrictType || '_REQUIREMENTS'
from HD_Maracana_DistrictBonus;
insert or replace into ModifierArguments
	(ModifierId,										Name,				Value)
select
	'MARACANA_' || DistrictType || '_EXPERT_YIELD', 	'BuildingType',		'BUILDING_MARACANA_DUMMY_' || DistrictType
from HD_Maracana_DistrictBonus;