-------------------------------------
--        GranColombia DLC         --
-------------------------------------

-- Resource
insert or replace into Resource_YieldChanges  
    (ResourceType,          YieldType,          YieldChange)
values
    ('RESOURCE_HONEY',      'YIELD_GOLD',       1);

insert or replace into RequirementSetRequirements 
    (RequirementSetId,                      RequirementId) 
values
    ('BOOTCAMP_REQUIREMENT',                'REQUIRES_CITY_HAS_IMPROVED_RESOURCE_HONEY'),
    ('PLOT_HAS_FARM_RESOURCE_REQUIREMENTS', 'REQUIRES_MAIZE_IN_PLOT');

--start bias(camp and pasture resources) for cree
insert or replace into StartBiasResources
    (CivilizationType,      ResourceType,           Tier)
values
    ('CIVILIZATION_CREE',   'RESOURCE_HONEY',       4);

---------------------------------------------------------------------------------------------------------------
-- Maya
update Modifiers set SubjectRequirementSetId = 'OBJECT_IS_6_TILES_FROM_CAPITAL_REQUIREMENTS'
    where ModifierId = 'TRAIT_LEADER_NEARBY_CITIES_GAIN_YIELDS';
update Modifiers set SubjectRequirementSetId = 'OBJECT_IS_10_OR_MORE_TILES_FROM_CAPITAL_REQUIREMENTS'
    where ModifierId = 'TRAIT_LEADER_NEARBY_CITIES_LOSE_YIELDS';

insert or replace into TraitModifiers (TraitType, ModifierId) values
    ('TRAIT_CIVILIZATION_MAYAB', 'MAYAB_EXTRA_HOUSING');
insert or replace into Modifiers (ModifierId, ModifierType) values
    ('MAYAB_EXTRA_HOUSING', 'MODIFIER_PLAYER_CITIES_ADJUST_POLICY_HOUSING');
insert or replace into ModifierArguments (ModifierId, Name, Value) values
    ('MAYAB_EXTRA_HOUSING', 'Amount', 1);

insert into District_CitizenGreatPersonPoints
    (DistrictType,                      GreatPersonClassType,               PointsPerTurn)
values
    ("DISTRICT_OBSERVATORY",            "GREAT_PERSON_CLASS_SCIENTIST",     2);


---------------------------------------------------------------------------------------------------------------
-- CityStates

-- Singapore
-- MODIFIER_PLAYER_ADJUST_TRADE_ROUTE_YIELD_FOR_INTERNATIONAL
delete from TraitModifiers where TraitType = 'MINOR_CIV_SINGAPORE_TRAIT' and ModifierId = 'MINOR_CIV_SINGAPORE_UNIQUE_INFLUENCE_BONUS';
insert or replace into TraitModifiers 
    (TraitType,                             ModifierId)
values
    ('MINOR_CIV_SINGAPORE_TRAIT',           'SINGAPORE_INTERNATIONAL_TRADE_ROUTE_PRODUCTION'),
    ('MINOR_CIV_SINGAPORE_TRAIT',           'SINGAPORE_TRADE_ROUTE_GOLD_FROM_ALLY'),
    ('MINOR_CIV_SINGAPORE_TRAIT',           'SINGAPORE_TRADE_ROUTE_GOLD_FROM_SUZERAIN');

insert or replace into Modifiers 
    (ModifierId,                                                ModifierType,                                                           SubjectRequirementSetId)
values
    ('SINGAPORE_INTERNATIONAL_TRADE_ROUTE_PRODUCTION',          'MODIFIER_ALL_PLAYERS_ATTACH_MODIFIER',                                 'PLAYER_IS_SUZERAIN'),
    ('SINGAPORE_INTERNATIONAL_TRADE_ROUTE_PRODUCTION_MODIFIER', 'MODIFIER_PLAYER_ADJUST_TRADE_ROUTE_YIELD_FOR_INTERNATIONAL',           NULL),
    ('SINGAPORE_TRADE_ROUTE_GOLD_FROM_ALLY',                    'MODIFIER_ALL_PLAYERS_ATTACH_MODIFIER',                                 'PLAYER_IS_SUZERAIN'),
    ('SINGAPORE_TRADE_ROUTE_GOLD_FROM_ALLY_MODIFIER',           'MODIFIER_PLAYER_ADJUST_TRADE_ROUTE_ORIGIN_YIELD_FOR_ALLY_ROUTE',       NULL),
    ('SINGAPORE_TRADE_ROUTE_GOLD_FROM_SUZERAIN',                'MODIFIER_ALL_PLAYERS_ATTACH_MODIFIER',                                 'PLAYER_IS_SUZERAIN'),
    ('SINGAPORE_TRADE_ROUTE_GOLD_FROM_SUZERAIN_MODIFIER',       'MODIFIER_PLAYER_ADJUST_TRADE_ROUTE_ORIGIN_YIELD_FOR_SUZERAIN_ROUTE',   NULL);

insert into ModifierArguments
    (ModifierId,                                                Name,           Value)
values
    ('SINGAPORE_INTERNATIONAL_TRADE_ROUTE_PRODUCTION',          'ModifierId',   'SINGAPORE_INTERNATIONAL_TRADE_ROUTE_PRODUCTION_MODIFIER'),
    ('SINGAPORE_INTERNATIONAL_TRADE_ROUTE_PRODUCTION_MODIFIER', 'YieldType',    'YIELD_PRODUCTION'),
    ('SINGAPORE_INTERNATIONAL_TRADE_ROUTE_PRODUCTION_MODIFIER', 'Amount',       2),
    ('SINGAPORE_TRADE_ROUTE_GOLD_FROM_ALLY',                    'ModifierId',   'SINGAPORE_TRADE_ROUTE_GOLD_FROM_ALLY_MODIFIER'),
    ('SINGAPORE_TRADE_ROUTE_GOLD_FROM_ALLY_MODIFIER',           'YieldType',    'YIELD_GOLD'),
    ('SINGAPORE_TRADE_ROUTE_GOLD_FROM_ALLY_MODIFIER',           'Amount',       4),
    ('SINGAPORE_TRADE_ROUTE_GOLD_FROM_SUZERAIN',                'ModifierId',   'SINGAPORE_TRADE_ROUTE_GOLD_FROM_SUZERAIN_MODIFIER'),
    ('SINGAPORE_TRADE_ROUTE_GOLD_FROM_SUZERAIN_MODIFIER',       'YieldType',    'YIELD_GOLD'),
    ('SINGAPORE_TRADE_ROUTE_GOLD_FROM_SUZERAIN_MODIFIER',       'Amount',       4);

-- Vatican City
delete from TraitModifiers where TraitType = 'MINOR_CIV_VATICAN_CITY_TRAIT' and ModifierId = 'MINOR_CIV_VATICAN_CITY_UNIQUE_INFLUENCE_BONUS';
insert into TraitModifiers 
    (TraitType,                                  ModifierId)
values
    --Vatican City
    ('MINOR_CIV_VATICAN_CITY_TRAIT',             'MINOR_CIV_VATICAN_CITY_WRITING_CULTURE_BONUS'),
    ('MINOR_CIV_VATICAN_CITY_TRAIT',             'MINOR_CIV_VATICAN_CITY_WRITING_FAITH_BONUS'),
    ('MINOR_CIV_VATICAN_CITY_TRAIT',             'MINOR_CIV_VATICAN_CITY_SCULPTURE_CULTURE_BONUS'),
    ('MINOR_CIV_VATICAN_CITY_TRAIT',             'MINOR_CIV_VATICAN_CITY_SCULPTURE_FAITH_BONUS'),
    ('MINOR_CIV_VATICAN_CITY_TRAIT',             'MINOR_CIV_VATICAN_CITY_LANDSCAPE_CULTURE_BONUS'),
    ('MINOR_CIV_VATICAN_CITY_TRAIT',             'MINOR_CIV_VATICAN_CITY_LANDSCAPE_FAITH_BONUS'),
    ('MINOR_CIV_VATICAN_CITY_TRAIT',             'MINOR_CIV_VATICAN_CITY_PORTRAIT_CULTURE_BONUS'),
    ('MINOR_CIV_VATICAN_CITY_TRAIT',             'MINOR_CIV_VATICAN_CITY_PORTRAIT_FAITH_BONUS'),
    ('MINOR_CIV_VATICAN_CITY_TRAIT',             'MINOR_CIV_VATICAN_CITY_RELIGIOUS_CULTURE_BONUS'),
    ('MINOR_CIV_VATICAN_CITY_TRAIT',             'MINOR_CIV_VATICAN_CITY_RELIGIOUS_FAITH_BONUS'),
    ('MINOR_CIV_VATICAN_CITY_TRAIT',             'MINOR_CIV_VATICAN_CITY_RELIC_CULTURE_BONUS');


insert into Modifiers
    (ModifierId,                                        ModifierType,                                       SubjectRequirementSetId)
values
    --Vatican City
    ('MINOR_CIV_VATICAN_CITY_WRITING_CULTURE_BONUS',    'MODIFIER_ALL_PLAYERS_ATTACH_MODIFIER',             'PLAYER_IS_SUZERAIN'),
    ('MINOR_CIV_VATICAN_CITY_WRITING_FAITH_BONUS',      'MODIFIER_ALL_PLAYERS_ATTACH_MODIFIER',             'PLAYER_IS_SUZERAIN'),
    ('MINOR_CIV_VATICAN_CITY_SCULPTURE_CULTURE_BONUS',  'MODIFIER_ALL_PLAYERS_ATTACH_MODIFIER',             'PLAYER_IS_SUZERAIN'),
    ('MINOR_CIV_VATICAN_CITY_SCULPTURE_FAITH_BONUS',    'MODIFIER_ALL_PLAYERS_ATTACH_MODIFIER',             'PLAYER_IS_SUZERAIN'),
    ('MINOR_CIV_VATICAN_CITY_LANDSCAPE_CULTURE_BONUS',  'MODIFIER_ALL_PLAYERS_ATTACH_MODIFIER',             'PLAYER_IS_SUZERAIN'),
    ('MINOR_CIV_VATICAN_CITY_LANDSCAPE_FAITH_BONUS',    'MODIFIER_ALL_PLAYERS_ATTACH_MODIFIER',             'PLAYER_IS_SUZERAIN'),
    ('MINOR_CIV_VATICAN_CITY_PORTRAIT_CULTURE_BONUS',   'MODIFIER_ALL_PLAYERS_ATTACH_MODIFIER',             'PLAYER_IS_SUZERAIN'),
    ('MINOR_CIV_VATICAN_CITY_PORTRAIT_FAITH_BONUS',     'MODIFIER_ALL_PLAYERS_ATTACH_MODIFIER',             'PLAYER_IS_SUZERAIN'),
    ('MINOR_CIV_VATICAN_CITY_RELIGIOUS_CULTURE_BONUS',  'MODIFIER_ALL_PLAYERS_ATTACH_MODIFIER',             'PLAYER_IS_SUZERAIN'),
    ('MINOR_CIV_VATICAN_CITY_RELIGIOUS_FAITH_BONUS',    'MODIFIER_ALL_PLAYERS_ATTACH_MODIFIER',             'PLAYER_IS_SUZERAIN'),
    ('MINOR_CIV_VATICAN_CITY_RELIC_CULTURE_BONUS',      'MODIFIER_ALL_PLAYERS_ATTACH_MODIFIER',             'PLAYER_IS_SUZERAIN'),
    ('MINOR_CIV_VATICAN_CITY_WRITING_CULTURE_BONUS1',   'MODIFIER_PLAYER_CITIES_ADJUST_GREATWORK_YIELD',    null),
    ('MINOR_CIV_VATICAN_CITY_WRITING_FAITH_BONUS1',     'MODIFIER_PLAYER_CITIES_ADJUST_GREATWORK_YIELD',    null),
    ('MINOR_CIV_VATICAN_CITY_SCULPTURE_CULTURE_BONUS1', 'MODIFIER_PLAYER_CITIES_ADJUST_GREATWORK_YIELD',    null),
    ('MINOR_CIV_VATICAN_CITY_SCULPTURE_FAITH_BONUS1',   'MODIFIER_PLAYER_CITIES_ADJUST_GREATWORK_YIELD',    null),
    ('MINOR_CIV_VATICAN_CITY_LANDSCAPE_CULTURE_BONUS1', 'MODIFIER_PLAYER_CITIES_ADJUST_GREATWORK_YIELD',    null),
    ('MINOR_CIV_VATICAN_CITY_LANDSCAPE_FAITH_BONUS1',   'MODIFIER_PLAYER_CITIES_ADJUST_GREATWORK_YIELD',    null),
    ('MINOR_CIV_VATICAN_CITY_PORTRAIT_CULTURE_BONUS1',  'MODIFIER_PLAYER_CITIES_ADJUST_GREATWORK_YIELD',    null),
    ('MINOR_CIV_VATICAN_CITY_PORTRAIT_FAITH_BONUS1',    'MODIFIER_PLAYER_CITIES_ADJUST_GREATWORK_YIELD',    null),
    ('MINOR_CIV_VATICAN_CITY_RELIGIOUS_CULTURE_BONUS1', 'MODIFIER_PLAYER_CITIES_ADJUST_GREATWORK_YIELD',    null),
    ('MINOR_CIV_VATICAN_CITY_RELIGIOUS_FAITH_BONUS1',   'MODIFIER_PLAYER_CITIES_ADJUST_GREATWORK_YIELD',    null),
    ('MINOR_CIV_VATICAN_CITY_RELIC_CULTURE_BONUS1',     'MODIFIER_PLAYER_CITIES_ADJUST_GREATWORK_YIELD',    null);

insert into ModifierArguments
    (ModifierId,                                        Name,            Value)
values
    --Vatican City
    ('MINOR_CIV_VATICAN_CITY_WRITING_CULTURE_BONUS',    'ModifierId',    'MINOR_CIV_VATICAN_CITY_WRITING_CULTURE_BONUS1'),
    ('MINOR_CIV_VATICAN_CITY_WRITING_FAITH_BONUS',      'ModifierId',    'MINOR_CIV_VATICAN_CITY_WRITING_FAITH_BONUS1'),
    ('MINOR_CIV_VATICAN_CITY_SCULPTURE_CULTURE_BONUS',  'ModifierId',    'MINOR_CIV_VATICAN_CITY_SCULPTURE_CULTURE_BONUS1'),
    ('MINOR_CIV_VATICAN_CITY_SCULPTURE_FAITH_BONUS',    'ModifierId',    'MINOR_CIV_VATICAN_CITY_SCULPTURE_FAITH_BONUS1'),
    ('MINOR_CIV_VATICAN_CITY_LANDSCAPE_CULTURE_BONUS',  'ModifierId',    'MINOR_CIV_VATICAN_CITY_LANDSCAPE_CULTURE_BONUS1'),
    ('MINOR_CIV_VATICAN_CITY_LANDSCAPE_FAITH_BONUS',    'ModifierId',    'MINOR_CIV_VATICAN_CITY_LANDSCAPE_FAITH_BONUS1'),
    ('MINOR_CIV_VATICAN_CITY_PORTRAIT_CULTURE_BONUS',   'ModifierId',    'MINOR_CIV_VATICAN_CITY_PORTRAIT_CULTURE_BONUS1'),
    ('MINOR_CIV_VATICAN_CITY_PORTRAIT_FAITH_BONUS',     'ModifierId',    'MINOR_CIV_VATICAN_CITY_PORTRAIT_FAITH_BONUS1'),
    ('MINOR_CIV_VATICAN_CITY_RELIGIOUS_CULTURE_BONUS',  'ModifierId',    'MINOR_CIV_VATICAN_CITY_RELIGIOUS_CULTURE_BONUS1'),
    ('MINOR_CIV_VATICAN_CITY_RELIGIOUS_FAITH_BONUS',    'ModifierId',    'MINOR_CIV_VATICAN_CITY_RELIGIOUS_FAITH_BONUS1'),
    ('MINOR_CIV_VATICAN_CITY_RELIC_CULTURE_BONUS',      'ModifierId',    'MINOR_CIV_VATICAN_CITY_RELIC_CULTURE_BONUS1'),
    ('MINOR_CIV_VATICAN_CITY_WRITING_CULTURE_BONUS1',   'GreatWorkObjectType', 'GREATWORKOBJECT_WRITING'),
    ('MINOR_CIV_VATICAN_CITY_WRITING_CULTURE_BONUS1',   'YieldType',     'YIELD_CULTURE'),
    ('MINOR_CIV_VATICAN_CITY_WRITING_CULTURE_BONUS1',   'YieldChange',   2),
    ('MINOR_CIV_VATICAN_CITY_WRITING_FAITH_BONUS1',     'GreatWorkObjectType', 'GREATWORKOBJECT_WRITING'),
    ('MINOR_CIV_VATICAN_CITY_WRITING_FAITH_BONUS1',     'YieldType',     'YIELD_FAITH'),
    ('MINOR_CIV_VATICAN_CITY_WRITING_FAITH_BONUS1',     'YieldChange',   2),
    ('MINOR_CIV_VATICAN_CITY_SCULPTURE_CULTURE_BONUS1', 'GreatWorkObjectType', 'GREATWORKOBJECT_SCULPTURE'),
    ('MINOR_CIV_VATICAN_CITY_SCULPTURE_CULTURE_BONUS1', 'YieldType',     'YIELD_CULTURE'),
    ('MINOR_CIV_VATICAN_CITY_SCULPTURE_CULTURE_BONUS1', 'YieldChange',   2),
    ('MINOR_CIV_VATICAN_CITY_SCULPTURE_FAITH_BONUS1',   'GreatWorkObjectType', 'GREATWORKOBJECT_SCULPTURE'),
    ('MINOR_CIV_VATICAN_CITY_SCULPTURE_FAITH_BONUS1',   'YieldType',     'YIELD_FAITH'),
    ('MINOR_CIV_VATICAN_CITY_SCULPTURE_FAITH_BONUS1',   'YieldChange',   2),
    ('MINOR_CIV_VATICAN_CITY_LANDSCAPE_CULTURE_BONUS1', 'GreatWorkObjectType', 'GREATWORKOBJECT_LANDSCAPE'),
    ('MINOR_CIV_VATICAN_CITY_LANDSCAPE_CULTURE_BONUS1', 'YieldType',     'YIELD_CULTURE'),
    ('MINOR_CIV_VATICAN_CITY_LANDSCAPE_CULTURE_BONUS1', 'YieldChange',   2),
    ('MINOR_CIV_VATICAN_CITY_LANDSCAPE_FAITH_BONUS1',   'GreatWorkObjectType', 'GREATWORKOBJECT_LANDSCAPE'),
    ('MINOR_CIV_VATICAN_CITY_LANDSCAPE_FAITH_BONUS1',   'YieldType',     'YIELD_FAITH'),
    ('MINOR_CIV_VATICAN_CITY_LANDSCAPE_FAITH_BONUS1',   'YieldChange',   2),
    ('MINOR_CIV_VATICAN_CITY_PORTRAIT_CULTURE_BONUS1',  'GreatWorkObjectType', 'GREATWORKOBJECT_PORTRAIT'),
    ('MINOR_CIV_VATICAN_CITY_PORTRAIT_CULTURE_BONUS1',  'YieldType',     'YIELD_CULTURE'),
    ('MINOR_CIV_VATICAN_CITY_PORTRAIT_CULTURE_BONUS1',  'YieldChange',   2),
    ('MINOR_CIV_VATICAN_CITY_PORTRAIT_FAITH_BONUS1',    'GreatWorkObjectType', 'GREATWORKOBJECT_PORTRAIT'),
    ('MINOR_CIV_VATICAN_CITY_PORTRAIT_FAITH_BONUS1',    'YieldType',     'YIELD_FAITH'),
    ('MINOR_CIV_VATICAN_CITY_PORTRAIT_FAITH_BONUS1',    'YieldChange',   2),
    ('MINOR_CIV_VATICAN_CITY_RELIGIOUS_CULTURE_BONUS1', 'GreatWorkObjectType', 'GREATWORKOBJECT_RELIGIOUS'),
    ('MINOR_CIV_VATICAN_CITY_RELIGIOUS_CULTURE_BONUS1', 'YieldType',     'YIELD_CULTURE'),
    ('MINOR_CIV_VATICAN_CITY_RELIGIOUS_CULTURE_BONUS1', 'YieldChange',   2),
    ('MINOR_CIV_VATICAN_CITY_RELIGIOUS_FAITH_BONUS1',   'GreatWorkObjectType', 'GREATWORKOBJECT_RELIGIOUS'),
    ('MINOR_CIV_VATICAN_CITY_RELIGIOUS_FAITH_BONUS1',   'YieldType',     'YIELD_FAITH'),
    ('MINOR_CIV_VATICAN_CITY_RELIGIOUS_FAITH_BONUS1',   'YieldChange',   2),
    ('MINOR_CIV_VATICAN_CITY_RELIC_CULTURE_BONUS1',     'GreatWorkObjectType', 'GREATWORKOBJECT_RELIC'),
    ('MINOR_CIV_VATICAN_CITY_RELIC_CULTURE_BONUS1',     'YieldType',     'YIELD_CULTURE'),
    ('MINOR_CIV_VATICAN_CITY_RELIC_CULTURE_BONUS1',     'YieldChange',   3);
