
insert or replace into ImprovementModifiers
	(ImprovementType,				ModifierId)
values
	('IMPROVEMENT_PAIRIDAEZA',		'PAIRIDAEZA_DIPLOMATIC_QUATER_GOLD'),
	('IMPROVEMENT_PAIRIDAEZA',		'PAIRIDAEZA_CONSULATE_GOLD'),
	('IMPROVEMENT_PAIRIDAEZA',		'PAIRIDAEZA_CHANCERY_GOLD'),
	('IMPROVEMENT_PAIRIDAEZA',		'PAIRIDAEZA_REGIONAL_COUNCIL_CENTER_GOLD');
insert or replace into Modifiers
	(ModifierId,									ModifierType,								SubjectRequirementSetId)
values
	('PAIRIDAEZA_DIPLOMATIC_QUATER_GOLD',			'MODIFIER_SINGLE_PLOT_ADJUST_PLOT_YIELDS',	'PLAYER_HAS_DISTRICT_DIPLOMATIC_QUARTER_REQUIREMENTS'),
	('PAIRIDAEZA_CONSULATE_GOLD',					'MODIFIER_SINGLE_PLOT_ADJUST_PLOT_YIELDS',	'PLAYER_HAS_BUILDING_CONSULATE_REQUIREMENTS'),
	('PAIRIDAEZA_CHANCERY_GOLD',					'MODIFIER_SINGLE_PLOT_ADJUST_PLOT_YIELDS',	'PLAYER_HAS_BUILDING_CHANCERY_REQUIREMENTS'),
	('PAIRIDAEZA_REGIONAL_COUNCIL_CENTER_GOLD',		'MODIFIER_SINGLE_PLOT_ADJUST_PLOT_YIELDS',	'PLAYER_HAS_BUILDING_HD_REGIONAL_COUNCIL_CENTER_REQUIREMENTS');
insert or replace into ModifierArguments
	(ModifierId,									Name,			Value)
values
	('PAIRIDAEZA_DIPLOMATIC_QUATER_GOLD',			'YieldType',	'YIELD_GOLD'),
	('PAIRIDAEZA_DIPLOMATIC_QUATER_GOLD',			'Amount',		2),
	('PAIRIDAEZA_CONSULATE_GOLD',					'YieldType',	'YIELD_GOLD'),
	('PAIRIDAEZA_CONSULATE_GOLD',					'Amount',		2),
	('PAIRIDAEZA_CHANCERY_GOLD',					'YieldType',	'YIELD_GOLD'),
	('PAIRIDAEZA_CHANCERY_GOLD',					'Amount',		2),
	('PAIRIDAEZA_REGIONAL_COUNCIL_CENTER_GOLD',		'YieldType',	'YIELD_GOLD'),
	('PAIRIDAEZA_REGIONAL_COUNCIL_CENTER_GOLD',		'Amount',		2);