-------------------------------------
--            Poland DLC           --
-------------------------------------

insert or replace into Building_CitizenYieldChanges
    (BuildingType,                          YieldType,          YieldChange)
values
    ('BUILDING_SUKIENNICE',                 'YIELD_GOLD',       2); -- ub

insert or replace into Building_YieldChanges
    (BuildingType,                  YieldType,          YieldChange)
values
    ('BUILDING_SUKIENNICE',         'YIELD_GOLD',       5);

-- insert or replace into BuildingModifiers
--     (BuildingType,                          ModifierId)
-- values
--     ('BUILDING_SUKIENNICE',                  'MARKET_GOLD_PERCENTAGE_BOOST');

-- By Xiaoyu
----------------------------------------------------------------------------------
-- Poland
insert or replace into TraitModifiers
    (TraitType,                             ModifierId)
values
    ('TRAIT_CIVILIZATION_GOLDEN_LIBERTY',   'ENCAMPMENT_ADJACENT_PRODUCTION'),
    ('TRAIT_CIVILIZATION_GOLDEN_LIBERTY',   'FORT_ADJACENT_PRODUCTION'),
    ('TRAIT_CIVILIZATION_GOLDEN_LIBERTY',   'POLAND_ENCAPMENT_PRODUCTION'),
    ('TRAIT_CIVILIZATION_GOLDEN_LIBERTY',   'POLAND_ENCAPMENT_BUILDING_PRODUCTION');

insert or replace into Modifiers
    (ModifierId,                            ModifierType,                                           SubjectRequirementSetId)
values
    ('POLAND_ENCAPMENT_PRODUCTION',         'MODIFIER_PLAYER_CITIES_ADJUST_DISTRICT_PRODUCTION',    NULL),
    ('POLAND_ENCAPMENT_BUILDING_PRODUCTION','MODIFIER_PLAYER_CITIES_ADJUST_BUILDING_PRODUCTION',    NULL),
    ('ENCAMPMENT_ADJACENT_PRODUCTION',      'MODIFIER_PLAYER_ADJUST_PLOT_YIELD',                    'PLOT_ADJACENT_TO_ENCAPMENT'),
    ('FORT_ADJACENT_PRODUCTION',            'MODIFIER_PLAYER_ADJUST_PLOT_YIELD',                    'PLOT_ADJACENT_TO_FORT');

insert or replace into RequirementSetRequirements
    (RequirementSetId,              RequirementId)
values
    ('PLOT_ADJACENT_TO_ENCAPMENT',  'REQUIRES_PLOT_ADJACENT_TO_DISTRICT_ENCAMPMENT'),
    ('PLOT_ADJACENT_TO_FORT',       'REQUIRES_PLOT_ADJACENT_TO_IMPROVEMENT_FORT');

insert or replace into RequirementSets
    (RequirementSetId,              RequirementSetType)
values
    ('PLOT_ADJACENT_TO_ENCAPMENT',  'REQUIREMENTSET_TEST_ALL'),
    ('PLOT_ADJACENT_TO_FORT',       'REQUIREMENTSET_TEST_ALL');

insert or replace into ModifierArguments
    (ModifierId,                                        Name,               Value)
values
    ('TRAIT_REPLACE_MILITARY_SLOT_WITH_WILDCARD',       'ReplacesAll',      1),
    ('POLAND_ENCAPMENT_PRODUCTION',                     'DistrictType',     'DISTRICT_ENCAMPMENT'),
    ('POLAND_ENCAPMENT_PRODUCTION',                     'Amount',           20),
    ('FORT_ADJACENT_PRODUCTION',                        'YieldType',        'YIELD_PRODUCTION'),
    ('FORT_ADJACENT_PRODUCTION',                        'Amount',           1),
    ('POLAND_ENCAPMENT_BUILDING_PRODUCTION',            'DistrictType',     'DISTRICT_ENCAMPMENT'),
    ('POLAND_ENCAPMENT_BUILDING_PRODUCTION',            'Amount',           20),
    ('ENCAMPMENT_ADJACENT_PRODUCTION',                  'YieldType',        'YIELD_PRODUCTION'),
    ('ENCAMPMENT_ADJACENT_PRODUCTION',                  'Amount',           1);

-- Jadiwiga
delete from TraitModifiers where ModifierId = 'TRAIT_LITHUANIANUNION_GOLD_RELIC'
    or ModifierId = 'TRAIT_LITHUANIANUNION_FAITH_RELIC'
    or ModifierId = 'TRAIT_LITHUANIANUNION_CULTURE_RELIC';

insert or replace into TraitModifiers
    (TraitType,                                     ModifierId)
values
    ('TRAIT_LEADER_LITHUANIAN_UNION',               'POLAND_TRADEROUTEGOLDTOALLY'),
    ('TRAIT_LEADER_LITHUANIAN_UNION',               'POLAND_TRADEROUTESCIENCETOALLY'),
    ('TRAIT_LEADER_LITHUANIAN_UNION',               'POLAND_TRADEROUTECULTURETOALLY'),
    ('TRAIT_LEADER_LITHUANIAN_UNION',               'POLAND_TRADEROUTEFAITHTOALLY'),
    ('TRAIT_LEADER_LITHUANIAN_UNION',               'POLAND_TRADEROUTEGOLDFROMALLY'),
    ('TRAIT_LEADER_LITHUANIAN_UNION',               'POLAND_TRADEROUTESCIENCEFROMALLY'),
    ('TRAIT_LEADER_LITHUANIAN_UNION',               'POLAND_TRADEROUTECULTUREFROMALLY'),
    ('TRAIT_LEADER_LITHUANIAN_UNION',               'POLAND_TRADEROUTEFAITHFROMALLY'),
    ('TRAIT_LEADER_LITHUANIAN_UNION',               'POLAND_TRADEROUTEGOLDTOSUZERAIN'),
    ('TRAIT_LEADER_LITHUANIAN_UNION',               'POLAND_TRADEROUTESCIENCETOSUZERAIN'),
    ('TRAIT_LEADER_LITHUANIAN_UNION',               'POLAND_TRADEROUTECULTURETOSUZERAIN'),
    ('TRAIT_LEADER_LITHUANIAN_UNION',               'POLAND_TRADEROUTEFAITHTOSUZERAIN'),
    ('TRAIT_LEADER_LITHUANIAN_UNION',               'POLAND_TRADEROUTEGOLDFROMSUZERAIN'),
    ('TRAIT_LEADER_LITHUANIAN_UNION',               'POLAND_TRADEROUTESCIENCEFROMSUZERAIN'),
    ('TRAIT_LEADER_LITHUANIAN_UNION',               'POLAND_TRADEROUTECULTUREFROMSUZERAIN'),
    ('TRAIT_LEADER_LITHUANIAN_UNION',               'POLAND_TRADEROUTEFAITHFROMSUZERAIN');

insert or replace into Modifiers
    (ModifierId,                            ModifierType)
values
    ('POLAND_TRADEROUTEGOLDTOALLY',         'MODIFIER_PLAYER_ADJUST_TRADE_ROUTE_DESTINATION_YIELD_FOR_ALLY_ROUTE'),
    ('POLAND_TRADEROUTESCIENCETOALLY',      'MODIFIER_PLAYER_ADJUST_TRADE_ROUTE_DESTINATION_YIELD_FOR_ALLY_ROUTE'),
    ('POLAND_TRADEROUTECULTURETOALLY',      'MODIFIER_PLAYER_ADJUST_TRADE_ROUTE_DESTINATION_YIELD_FOR_ALLY_ROUTE'),
    ('POLAND_TRADEROUTEFAITHTOALLY',        'MODIFIER_PLAYER_ADJUST_TRADE_ROUTE_DESTINATION_YIELD_FOR_ALLY_ROUTE'),
    ('POLAND_TRADEROUTEGOLDFROMALLY',       'MODIFIER_PLAYER_ADJUST_TRADE_ROUTE_ORIGIN_YIELD_FOR_ALLY_ROUTE'),
    ('POLAND_TRADEROUTESCIENCEFROMALLY',    'MODIFIER_PLAYER_ADJUST_TRADE_ROUTE_ORIGIN_YIELD_FOR_ALLY_ROUTE'),
    ('POLAND_TRADEROUTECULTUREFROMALLY',    'MODIFIER_PLAYER_ADJUST_TRADE_ROUTE_ORIGIN_YIELD_FOR_ALLY_ROUTE'),
    ('POLAND_TRADEROUTEFAITHFROMALLY',      'MODIFIER_PLAYER_ADJUST_TRADE_ROUTE_ORIGIN_YIELD_FOR_ALLY_ROUTE'),
    ('POLAND_TRADEROUTEGOLDTOSUZERAIN',     'MODIFIER_PLAYER_ADJUST_TRADE_ROUTE_DESTINATION_YIELD_FOR_SUZERAIN_ROUTE'),
    ('POLAND_TRADEROUTESCIENCETOSUZERAIN',  'MODIFIER_PLAYER_ADJUST_TRADE_ROUTE_DESTINATION_YIELD_FOR_SUZERAIN_ROUTE'),
    ('POLAND_TRADEROUTECULTURETOSUZERAIN',  'MODIFIER_PLAYER_ADJUST_TRADE_ROUTE_DESTINATION_YIELD_FOR_SUZERAIN_ROUTE'),
    ('POLAND_TRADEROUTEFAITHTOSUZERAIN',    'MODIFIER_PLAYER_ADJUST_TRADE_ROUTE_DESTINATION_YIELD_FOR_SUZERAIN_ROUTE'),
    ('POLAND_TRADEROUTEGOLDFROMSUZERAIN',   'MODIFIER_PLAYER_ADJUST_TRADE_ROUTE_ORIGIN_YIELD_FOR_SUZERAIN_ROUTE'),
    ('POLAND_TRADEROUTESCIENCEFROMSUZERAIN','MODIFIER_PLAYER_ADJUST_TRADE_ROUTE_ORIGIN_YIELD_FOR_SUZERAIN_ROUTE'),
    ('POLAND_TRADEROUTECULTUREFROMSUZERAIN','MODIFIER_PLAYER_ADJUST_TRADE_ROUTE_ORIGIN_YIELD_FOR_SUZERAIN_ROUTE'),
    ('POLAND_TRADEROUTEFAITHFROMSUZERAIN',  'MODIFIER_PLAYER_ADJUST_TRADE_ROUTE_ORIGIN_YIELD_FOR_SUZERAIN_ROUTE');

insert or replace into ModifierArguments
    (ModifierId,                            Name,           Value)
values
    ('POLAND_TRADEROUTEGOLDTOALLY',         'YieldType',    'YIELD_GOLD'),
    ('POLAND_TRADEROUTEGOLDTOALLY',         'Amount',       2),
    ('POLAND_TRADEROUTESCIENCETOALLY',      'YieldType',    'YIELD_SCIENCE'),
    ('POLAND_TRADEROUTESCIENCETOALLY',      'Amount',       2),
    ('POLAND_TRADEROUTECULTURETOALLY',      'YieldType',    'YIELD_CULTURE'),
    ('POLAND_TRADEROUTECULTURETOALLY',      'Amount',       2),
    ('POLAND_TRADEROUTEFAITHTOALLY',        'YieldType',    'YIELD_FAITH'),
    ('POLAND_TRADEROUTEFAITHTOALLY',        'Amount',       2),
    ('POLAND_TRADEROUTEGOLDFROMALLY',       'YieldType',    'YIELD_GOLD'),
    ('POLAND_TRADEROUTEGOLDFROMALLY',       'Amount',       2),
    ('POLAND_TRADEROUTESCIENCEFROMALLY',    'YieldType',    'YIELD_SCIENCE'),
    ('POLAND_TRADEROUTESCIENCEFROMALLY',    'Amount',       2),
    ('POLAND_TRADEROUTECULTUREFROMALLY',    'YieldType',    'YIELD_CULTURE'),
    ('POLAND_TRADEROUTECULTUREFROMALLY',    'Amount',       2),
    ('POLAND_TRADEROUTEFAITHFROMALLY',      'YieldType',    'YIELD_FAITH'),
    ('POLAND_TRADEROUTEFAITHFROMALLY',      'Amount',       2),
    ('POLAND_TRADEROUTEGOLDTOSUZERAIN',     'YieldType',    'YIELD_GOLD'),
    ('POLAND_TRADEROUTEGOLDTOSUZERAIN',     'Amount',       2),
    ('POLAND_TRADEROUTESCIENCETOSUZERAIN',  'YieldType',    'YIELD_SCIENCE'),
    ('POLAND_TRADEROUTESCIENCETOSUZERAIN',  'Amount',       2),
    ('POLAND_TRADEROUTECULTURETOSUZERAIN',  'YieldType',    'YIELD_CULTURE'),
    ('POLAND_TRADEROUTECULTURETOSUZERAIN',  'Amount',       2),
    ('POLAND_TRADEROUTEFAITHTOSUZERAIN',    'YieldType',    'YIELD_FAITH'),
    ('POLAND_TRADEROUTEFAITHTOSUZERAIN',    'Amount',       2),
    ('POLAND_TRADEROUTEGOLDFROMSUZERAIN',   'YieldType',    'YIELD_GOLD'),
    ('POLAND_TRADEROUTEGOLDFROMSUZERAIN',   'Amount',       2),
    ('POLAND_TRADEROUTESCIENCEFROMSUZERAIN','YieldType',    'YIELD_SCIENCE'),
    ('POLAND_TRADEROUTESCIENCEFROMSUZERAIN','Amount',       2),
    ('POLAND_TRADEROUTECULTUREFROMSUZERAIN','YieldType',    'YIELD_CULTURE'),
    ('POLAND_TRADEROUTECULTUREFROMSUZERAIN','Amount',       2),
    ('POLAND_TRADEROUTEFAITHFROMSUZERAIN',  'YieldType',    'YIELD_FAITH'),
    ('POLAND_TRADEROUTEFAITHFROMSUZERAIN',  'Amount',       2);

--sukinennice
insert or replace into BuildingModifiers
    (BuildingType,                      ModifierId)
values
    ('BUILDING_SUKIENNICE',     'SUKINENNICE_LUXUARY_GOLD'),
    ('BUILDING_SUKIENNICE',     'SUKINENNICE_LUXUARY_PRODUCTION');      

insert or replace into Modifiers
    (ModifierId,                    ModifierType,           SubjectRequirementSetId)
values
    ('SUKINENNICE_LUXUARY_GOLD',        'MODIFIER_CITY_PLOT_YIELDS_ADJUST_PLOT_YIELD','PLOT_HAS_LUXURY_REQUIREMENTS'),
    ('SUKINENNICE_LUXUARY_PRODUCTION',  'MODIFIER_CITY_PLOT_YIELDS_ADJUST_PLOT_YIELD','PLOT_HAS_LUXURY_REQUIREMENTS');

insert or replace into ModifierArguments
    (ModifierId,                        Name,           Value)
values
    ('SUKINENNICE_LUXUARY_GOLD',        'YieldType',    'YIELD_GOLD'),
    ('SUKINENNICE_LUXUARY_GOLD',        'Amount',       2),
    ('SUKINENNICE_LUXUARY_PRODUCTION',  'YieldType',    'YIELD_PRODUCTION'),
    ('SUKINENNICE_LUXUARY_PRODUCTION',  'Amount',       1);

insert or replace into RequirementSetRequirements
    (RequirementSetId,                  RequirementId)
values
    ('PLOT_HAS_LUXURY_REQUIREMENTS',    'REQUIRES_PLOT_HAS_LUXURY');

insert or replace into RequirementSets
    (RequirementSetId,                  RequirementSetType)
values
    ('PLOT_HAS_LUXURY_REQUIREMENTS',    'REQUIREMENTSET_TEST_ALL');

